[{"num_contributors": 8, "num_stars": 2031, "readme_linecount": 89, "name": "iota", "contributors": [{"num_lines_deleted": 105, "num_lines_added": 18, "author_name": "chrisdukakis", "num_lines_edited": 123, "num_commits": 1, "id": 0}, {"num_lines_deleted": 3, "num_lines_added": 1, "author_name": "rajivshah3", "num_lines_edited": 4, "num_commits": 2, "id": 1}, {"num_lines_deleted": 8, "num_lines_added": 8, "author_name": "th0br0", "num_lines_edited": 16, "num_commits": 2, "id": 2}], "num_branches": 3, "readme_exists": 1, "commits": [{"date": "2018-01-29", "num_lines_edited": 1, "num_lines_deleted": 0, "num_lines_added": 1, "id": 0}, {"date": "2018-01-28", "num_lines_edited": 4, "num_lines_deleted": 2, "num_lines_added": 2, "id": 1}, {"date": "2018-01-28", "num_lines_edited": 123, "num_lines_deleted": 105, "num_lines_added": 18, "id": 2}, {"date": "2018-01-28", "num_lines_edited": 12, "num_lines_deleted": 6, "num_lines_added": 6, "id": 3}, {"date": "2018-01-28", "num_lines_edited": 3, "num_lines_deleted": 3, "num_lines_added": 0, "id": 4}], "rank": "11", "num_prs_open": 5, "num_issues_closed": 5, "num_forks": 384, "prs": {"0": {"date": "2018-02-01", "open": true, "internal_id": 1090, "title": "Fixed outdated help"}, "1": {"date": "2018-01-29", "open": true, "internal_id": 1058, "title": "Make iri.jar downloadable on demand"}, "2": {"date": "2018-01-24", "open": true, "internal_id": 1040, "title": "Add seed generator"}, "3": {"date": "2018-01-31", "open": true, "internal_id": 1020, "title": "Added seed generator to login interface"}, "4": {"date": "2018-01-09", "open": true, "internal_id": 885, "title": "create modules directory for shared code. move the duplicate string e\u2026"}, "5": {"date": "2018-01-28", "open": false, "internal_id": 1059, "title": "Update dependencies"}, "6": {"date": "2018-01-26", "open": false, "internal_id": 1052, "title": "Update translation.json"}, "7": {"date": "2018-01-28", "open": false, "internal_id": 1001, "title": "employ wereAddressesSpentFrom() for preventing key reuse"}, "8": {"date": "2018-01-21", "open": false, "internal_id": 993, "title": "Fixed some Turkish typo"}, "9": {"date": "2018-01-26", "open": false, "internal_id": 922, "title": "Issue template"}}, "num_issues_open": 501, "num_watchers": 2031, "forked": 0, "num_commits": 5, "id": "iotaledger/wallet", "issues": [{"date": "2018-03-03", "open": 1, "id": 0, "title": "Iota Light wallet 2.5.7 Balance is 0"}, {"date": "2018-02-28", "open": 1, "id": 1, "title": "I lost 181 Iota using the Iota light wallet 2.5.7 too"}, {"date": "2018-02-27", "open": 1, "id": 2, "title": "Sent Iota Tokens to Binance 10 days ago and they have not been confirmed "}, {"date": "2018-02-26", "open": 1, "id": 3, "title": "Zero balance"}, {"date": "2018-02-26", "open": 1, "id": 4, "title": "Haiku os version"}, {"date": "2018-03-01", "open": 0, "id": 5, "title": "Zero Balance"}, {"date": "2018-02-24", "open": 0, "id": 6, "title": "IOTA transaction taking too long! Someone help me? Please!"}, {"date": "2018-02-21", "open": 0, "id": 7, "title": "iota not confirming deposits to exchanges"}, {"date": "2018-02-21", "open": 0, "id": 8, "title": "I have zero balance, it seems that the iota token was stolen"}, {"date": "2018-02-21", "open": 0, "id": 9, "title": "Interface really slow."}], "num_prs_closed": 5},{"num_contributors": 100, "num_stars": 935, "readme_linecount": 78, "name": "dash", "contributors": [{"num_lines_deleted": 248, "num_lines_added": 397, "author_name": "UdjinM6", "num_lines_edited": 645, "num_commits": 5, "id": 0}], "num_branches": 8, "readme_exists": 1, "commits": [{"date": "2018-01-11", "num_lines_edited": 467, "num_lines_deleted": 161, "num_lines_added": 306, "id": 0}, {"date": "2018-01-10", "num_lines_edited": 121, "num_lines_deleted": 53, "num_lines_added": 68, "id": 1}, {"date": "2018-01-09", "num_lines_edited": 12, "num_lines_deleted": 6, "num_lines_added": 6, "id": 2}, {"date": "2018-01-09", "num_lines_edited": 4, "num_lines_deleted": 0, "num_lines_added": 4, "id": 3}, {"date": "2018-01-09", "num_lines_edited": 41, "num_lines_deleted": 28, "num_lines_added": 13, "id": 4}], "rank": "12", "num_prs_open": 5, "num_issues_closed": 5, "num_forks": 653, "prs": {"0": {"date": "2018-03-01", "open": true, "internal_id": 1967, "title": " Switch CNetFulfilledRequestManager and CMasternodeMan maps/funcs to CService"}, "1": {"date": "2018-03-02", "open": true, "internal_id": 1966, "title": "[WIP] Backport compact blocks functionality from bitcoin"}, "2": {"date": "2018-03-01", "open": true, "internal_id": 1965, "title": "Rename CheckPreviousBlockVotes to CheckBlockVotes and adjust its log output a bit"}, "3": {"date": "2018-03-01", "open": true, "internal_id": 1963, "title": "Warn when more than 50% of masternodes are using newer version"}, "4": {"date": "2018-03-01", "open": true, "internal_id": 1962, "title": "Network-specific thresholds for required confirmations (IS)"}, "5": {"date": "2018-03-02", "open": false, "internal_id": 1969, "title": "Use spork addresses instead of raw keys and allow changing them on startup"}, "6": {"date": "2018-03-02", "open": false, "internal_id": 1964, "title": "Update protocol-documentation.md"}, "7": {"date": "2018-03-02", "open": false, "internal_id": 1961, "title": "Swap `expired` and `sentinel_expired` states in order"}, "8": {"date": "2018-03-02", "open": false, "internal_id": 1960, "title": "Multiple devnet fixes"}, "9": {"date": "2018-03-01", "open": false, "internal_id": 1958, "title": "Various RPC fixes"}}, "num_issues_open": 121, "num_watchers": 935, "forked": 1, "num_commits": 5, "id": "dashpay/dash", "issues": [{"date": "2018-03-01", "open": 1, "id": 0, "title": " Switch CNetFulfilledRequestManager and CMasternodeMan maps/funcs to CService"}, {"date": "2018-03-01", "open": 1, "id": 1, "title": "[WIP] Backport compact blocks functionality from bitcoin"}, {"date": "2018-03-01", "open": 1, "id": 2, "title": "Rename CheckPreviousBlockVotes to CheckBlockVotes and adjust its log output a bit"}, {"date": "2018-03-01", "open": 1, "id": 3, "title": "Warn when more than 50% of masternodes are using newer version"}, {"date": "2018-03-01", "open": 1, "id": 4, "title": "Network-specific thresholds for required confirmations (IS)"}, {"date": "2018-03-01", "open": 0, "id": 5, "title": "Use spork addresses instead of raw keys and allow changing them on startup"}, {"date": "2018-03-01", "open": 0, "id": 6, "title": "URGENT: Node wont start again, mncache.dat file missing?"}, {"date": "2018-03-01", "open": 0, "id": 7, "title": "Update protocol-documentation.md"}, {"date": "2018-03-01", "open": 0, "id": 8, "title": "Swap `expired` and `sentinel_expired` states in order"}, {"date": "2018-03-01", "open": 0, "id": 9, "title": "Multiple devnet fixes"}], "num_prs_closed": 5},{"num_contributors": 4, "num_stars": 240, "readme_linecount": 12, "name": "nem", "contributors": [{"num_lines_deleted": 2, "num_lines_added": 19, "author_name": "BloodyRookie", "num_lines_edited": 21, "num_commits": 3, "id": 0}, {"num_lines_deleted": 25, "num_lines_added": 101, "author_name": "gimer", "num_lines_edited": 126, "num_commits": 2, "id": 1}], "num_branches": 10, "readme_exists": 1, "commits": [{"date": "2017-12-22", "num_lines_edited": 107, "num_lines_deleted": 24, "num_lines_added": 83, "id": 0}, {"date": "2017-12-22", "num_lines_edited": 19, "num_lines_deleted": 1, "num_lines_added": 18, "id": 1}, {"date": "2017-12-16", "num_lines_edited": 7, "num_lines_deleted": 1, "num_lines_added": 6, "id": 2}, {"date": "2017-12-11", "num_lines_edited": 12, "num_lines_deleted": 0, "num_lines_added": 12, "id": 3}, {"date": "2017-11-06", "num_lines_edited": 2, "num_lines_deleted": 1, "num_lines_added": 1, "id": 4}], "rank": "13", "num_prs_open": 3, "num_issues_closed": 5, "num_forks": 75, "prs": {"0": {"date": "2017-04-25", "open": true, "internal_id": 10, "title": "Update pom.xml"}, "1": {"date": "2016-07-16", "open": true, "internal_id": 8, "title": "#7 fix "}, "2": {"date": "2017-09-06", "open": true, "internal_id": 4, "title": "added NisApiId.NIS_REST_BLOCK_AT to query /block/at/public"}, "3": {"date": "2017-10-10", "open": false, "internal_id": 15, "title": "Testnet2"}, "4": {"date": "2017-12-22", "open": false, "internal_id": 13, "title": "Increase bouncycastle:bcprov-jdk15on version to 1.54"}, "5": {"date": "2017-12-22", "open": false, "internal_id": 12, "title": "Added additional NisApiId entries and bountycastle upgrade"}, "6": {"date": "2016-02-21", "open": false, "internal_id": 3, "title": "REST_BLOCK_AT need to request /block/at/public"}}, "num_issues_open": 9, "num_watchers": 240, "forked": 0, "num_commits": 5, "id": "NemProject/nem.core", "issues": [{"date": "2018-02-05", "open": 1, "id": 0, "title": "why not open source totally?"}, {"date": "2018-01-07", "open": 1, "id": 1, "title": "Bug in description: link is not working"}, {"date": "2017-12-23", "open": 1, "id": 2, "title": "Node stopping synchronization after some time"}, {"date": "2017-08-04", "open": 1, "id": 3, "title": "Why not open source"}, {"date": "2017-04-25", "open": 1, "id": 4, "title": "Update pom.xml"}, {"date": "2018-01-03", "open": 0, "id": 5, "title": "receive buttom is missing"}, {"date": "2017-10-28", "open": 0, "id": 6, "title": "Assistance with creating custom coin"}, {"date": "2017-10-16", "open": 0, "id": 7, "title": "NIS server is affected by DDoS attacker"}, {"date": "2017-10-10", "open": 0, "id": 8, "title": "Testnet2"}, {"date": "2017-09-21", "open": 0, "id": 9, "title": "Can't Recieve   No address from wallet"}], "num_prs_closed": 4},{"num_contributors": 31, "num_stars": 1081, "readme_linecount": 39, "name": "tron", "contributors": [{"num_lines_deleted": 58, "num_lines_added": 58, "author_name": "zhaohong", "num_lines_edited": 116, "num_commits": 3, "id": 0}, {"num_lines_deleted": 46, "num_lines_added": 10, "author_name": "AhnSinYong", "num_lines_edited": 56, "num_commits": 1, "id": 1}, {"num_lines_deleted": 1, "num_lines_added": 37, "author_name": "sean-liu55", "num_lines_edited": 38, "num_commits": 1, "id": 2}], "num_branches": 29, "readme_exists": 1, "commits": [{"date": "2018-03-03", "num_lines_edited": 56, "num_lines_deleted": 46, "num_lines_added": 10, "id": 0}, {"date": "2018-03-03", "num_lines_edited": 22, "num_lines_deleted": 11, "num_lines_added": 11, "id": 1}, {"date": "2018-03-03", "num_lines_edited": 56, "num_lines_deleted": 46, "num_lines_added": 10, "id": 2}, {"date": "2018-03-03", "num_lines_edited": 38, "num_lines_deleted": 1, "num_lines_added": 37, "id": 3}, {"date": "2018-03-03", "num_lines_edited": 38, "num_lines_deleted": 1, "num_lines_added": 37, "id": 4}], "rank": "14", "num_prs_open": 5, "num_issues_closed": 5, "num_forks": 241, "prs": {"0": {"date": "2018-03-03", "open": true, "internal_id": 170, "title": "refactorings"}, "1": {"date": "2018-03-03", "open": true, "internal_id": 166, "title": "test:Improve the unit test"}, "2": {"date": "2018-03-03", "open": true, "internal_id": 151, "title": "Feature/improvement unit test"}, "3": {"date": "2018-02-26", "open": true, "internal_id": 135, "title": "Move NodeDelegate logic to seperate class"}, "4": {"date": "2018-01-29", "open": true, "internal_id": 83, "title": "Add services init to constructor when running with injector"}, "5": {"date": "2018-03-03", "open": false, "internal_id": 169, "title": "Modify TypeConversion 4 methods"}, "6": {"date": "2018-03-03", "open": false, "internal_id": 168, "title": "add exception"}, "7": {"date": "2018-03-03", "open": false, "internal_id": 167, "title": "fix: alloc assets failure"}, "8": {"date": "2018-03-03", "open": false, "internal_id": 165, "title": "Feature/genesis"}, "9": {"date": "2018-03-02", "open": false, "internal_id": 163, "title": "Feature/add protpcol"}}, "num_issues_open": 39, "num_watchers": 1081, "forked": 0, "num_commits": 5, "id": "tronprotocol/java-tron", "issues": [{"date": "2018-03-03", "open": 1, "id": 0, "title": "Project structure"}, {"date": "2018-03-03", "open": 1, "id": 1, "title": "refactorings"}, {"date": "2018-03-03", "open": 1, "id": 2, "title": "test:Improve the unit test"}, {"date": "2018-03-02", "open": 1, "id": 3, "title": "I would like to help with the translation for Spanish language "}, {"date": "2018-02-27", "open": 1, "id": 4, "title": "Feature/improvement unit test"}, {"date": "2018-03-03", "open": 0, "id": 5, "title": "Modify TypeConversion 4 methods"}, {"date": "2018-03-03", "open": 0, "id": 6, "title": "add exception"}, {"date": "2018-03-03", "open": 0, "id": 7, "title": "fix: alloc assets failure"}, {"date": "2018-03-03", "open": 0, "id": 8, "title": "Feature/genesis"}, {"date": "2018-03-02", "open": 0, "id": 9, "title": "Feature/add protpcol"}], "num_prs_closed": 5},{"num_contributors": 97, "num_stars": 268, "readme_linecount": 349, "name": "ethereum-classic", "contributors": [{"num_lines_deleted": 61, "num_lines_added": 55, "author_name": "whilei", "num_lines_edited": 116, "num_commits": 5, "id": 0}], "num_branches": 21, "readme_exists": 1, "commits": [{"date": "2018-02-28", "num_lines_edited": 0, "num_lines_deleted": 0, "num_lines_added": 0, "id": 0}, {"date": "2018-02-28", "num_lines_edited": 0, "num_lines_deleted": 0, "num_lines_added": 0, "id": 1}, {"date": "2018-02-28", "num_lines_edited": 4, "num_lines_deleted": 1, "num_lines_added": 3, "id": 2}, {"date": "2018-02-28", "num_lines_edited": 58, "num_lines_deleted": 6, "num_lines_added": 52, "id": 3}, {"date": "2018-02-28", "num_lines_edited": 54, "num_lines_deleted": 54, "num_lines_added": 0, "id": 4}], "rank": "15", "num_prs_open": 5, "num_issues_closed": 5, "num_forks": 116, "prs": {"0": {"date": "2018-03-02", "open": true, "internal_id": 506, "title": "[WIP] make state sync independent"}, "1": {"date": "2018-02-28", "open": true, "internal_id": 504, "title": "m3/3 - mlog headerchain (fast sync), dl.sync data points, and general improvements"}, "2": {"date": "2018-02-15", "open": true, "internal_id": 475, "title": "tx/address indexing as optional feature, with separate db"}, "3": {"date": "2018-03-03", "open": true, "internal_id": 431, "title": "[WIP] eth_getTransactionReceipt to return optional status field"}, "4": {"date": "2018-01-05", "open": true, "internal_id": 387, "title": "[WIP - experimental] compile JSON config to Go during CI builds"}, "5": {"date": "2018-02-28", "open": false, "internal_id": 517, "title": "solution: rm unused travis deploy key"}, "6": {"date": "2018-02-28", "open": false, "internal_id": 516, "title": "problem: circle has replaced travis, should disable travis"}, "7": {"date": "2018-02-28", "open": false, "internal_id": 515, "title": "solution: make TestBcForkUncleTests deterministic"}, "8": {"date": "2018-02-27", "open": false, "internal_id": 514, "title": "solution: remove unnecessary binary file"}, "9": {"date": "2018-02-28", "open": false, "internal_id": 513, "title": "problem: eth_sign should accept variable data param"}}, "num_issues_open": 63, "num_watchers": 268, "forked": 0, "num_commits": 5, "id": "ethereumproject/go-ethereum", "issues": [{"date": "2018-03-02", "open": 1, "id": 0, "title": "Typos on \"RLPx Encryption\" wiki page."}, {"date": "2018-03-01", "open": 1, "id": 1, "title": "mlog, produce wire protocol logs"}, {"date": "2018-03-01", "open": 1, "id": 2, "title": "mlog, add transaction details"}, {"date": "2018-03-01", "open": 1, "id": 3, "title": "Geth Export/Import chain data"}, {"date": "2018-02-16", "open": 1, "id": 4, "title": "[WIP] make state sync independent"}, {"date": "2018-02-28", "open": 0, "id": 5, "title": "solution: rm unused travis deploy key"}, {"date": "2018-02-27", "open": 0, "id": 6, "title": "problem: circle has replaced travis, should disable travis"}, {"date": "2018-02-27", "open": 0, "id": 7, "title": "solution: make TestBcForkUncleTests deterministic"}, {"date": "2018-02-27", "open": 0, "id": 8, "title": "solution: remove unnecessary binary file"}, {"date": "2018-02-23", "open": 0, "id": 9, "title": "problem: eth_sign should accept variable data param"}], "num_prs_closed": 5},{"num_contributors": 32, "num_stars": 1821, "readme_linecount": 37, "name": "nano", "contributors": [{"num_lines_deleted": 8, "num_lines_added": 4, "author_name": "cryptocode", "num_lines_edited": 12, "num_commits": 1, "id": 0}, {"num_lines_deleted": 17, "num_lines_added": 17, "author_name": "practicalswift", "num_lines_edited": 34, "num_commits": 1, "id": 1}, {"num_lines_deleted": 1, "num_lines_added": 6, "author_name": "argakiig", "num_lines_edited": 7, "num_commits": 2, "id": 2}, {"num_lines_deleted": 80, "num_lines_added": 0, "author_name": "PlasmaPower", "num_lines_edited": 80, "num_commits": 1, "id": 3}], "num_branches": 17, "readme_exists": 1, "commits": [{"date": "2018-03-02", "num_lines_edited": 80, "num_lines_deleted": 80, "num_lines_added": 0, "id": 0}, {"date": "2018-03-02", "num_lines_edited": 2, "num_lines_deleted": 1, "num_lines_added": 1, "id": 1}, {"date": "2018-03-02", "num_lines_edited": 5, "num_lines_deleted": 0, "num_lines_added": 5, "id": 2}, {"date": "2018-03-01", "num_lines_edited": 12, "num_lines_deleted": 8, "num_lines_added": 4, "id": 3}, {"date": "2018-03-01", "num_lines_edited": 34, "num_lines_deleted": 17, "num_lines_added": 17, "id": 4}], "rank": "18", "num_prs_open": 5, "num_issues_closed": 5, "num_forks": 335, "prs": {"0": {"date": "2018-03-03", "open": true, "internal_id": 695, "title": "Support gap_source for ublocks"}, "1": {"date": "2018-02-26", "open": true, "internal_id": 670, "title": " Replacing bool get_optional with get default values"}, "2": {"date": "2018-02-25", "open": true, "internal_id": 668, "title": "Improve account history RPC endpoint"}, "3": {"date": "2018-02-24", "open": true, "internal_id": 667, "title": "Front-facing documentation improvements"}, "4": {"date": "2018-02-27", "open": true, "internal_id": 664, "title": "Lower announce interval"}, "5": {"date": "2018-03-03", "open": false, "internal_id": 694, "title": "Fix ublocks open rollback"}, "6": {"date": "2018-03-02", "open": false, "internal_id": 692, "title": "Fix RPC history endpoint with ublocks"}, "7": {"date": "2018-03-02", "open": false, "internal_id": 691, "title": "Fix test for wallet_create_max to allow for utx database addition"}, "8": {"date": "2018-03-02", "open": false, "internal_id": 690, "title": "Change ublocks UI display to match old blocks"}, "9": {"date": "2018-03-02", "open": false, "internal_id": 689, "title": "Fix ublocks send rollback"}}, "num_issues_open": 290, "num_watchers": 1821, "forked": 0, "num_commits": 5, "id": "nanocurrency/raiblocks", "issues": [{"date": "2018-03-03", "open": 1, "id": 0, "title": "Support gap_source for ublocks"}, {"date": "2018-03-03", "open": 1, "id": 1, "title": "Sign the hash of the message instead the message"}, {"date": "2018-03-02", "open": 1, "id": 2, "title": "Will it be possible to use the Nano IOS wallet app with a hardware wallet?"}, {"date": "2018-02-28", "open": 1, "id": 3, "title": "memory allocation/critical path"}, {"date": "2018-02-28", "open": 1, "id": 4, "title": "General nested if style"}, {"date": "2018-03-03", "open": 0, "id": 5, "title": "Fix ublocks open rollback"}, {"date": "2018-03-02", "open": 0, "id": 6, "title": "Fix RPC history endpoint with ublocks"}, {"date": "2018-03-02", "open": 0, "id": 7, "title": "Fix test for wallet_create_max to allow for utx database addition"}, {"date": "2018-03-02", "open": 0, "id": 8, "title": "Change ublocks UI display to match old blocks"}, {"date": "2018-03-02", "open": 0, "id": 9, "title": "Fix ublocks send rollback"}], "num_prs_closed": 5},{"num_contributors": 37, "num_stars": 2051, "readme_linecount": 292, "name": "lisk", "contributors": [{"num_lines_deleted": 1251, "num_lines_added": 3673, "author_name": "karmacoma", "num_lines_edited": 4924, "num_commits": 5, "id": 0}], "num_branches": 24, "readme_exists": 1, "commits": [{"date": "2018-03-02", "num_lines_edited": 2591, "num_lines_deleted": 1133, "num_lines_added": 1458, "id": 0}, {"date": "2018-03-02", "num_lines_edited": 6, "num_lines_deleted": 3, "num_lines_added": 3, "id": 1}, {"date": "2018-03-02", "num_lines_edited": 2199, "num_lines_deleted": 69, "num_lines_added": 2130, "id": 2}, {"date": "2018-03-02", "num_lines_edited": 2, "num_lines_deleted": 1, "num_lines_added": 1, "id": 3}, {"date": "2018-03-02", "num_lines_edited": 126, "num_lines_deleted": 45, "num_lines_added": 81, "id": 4}], "rank": "19", "num_prs_open": 5, "num_issues_closed": 5, "num_forks": 296, "prs": {"0": {"date": "2018-03-03", "open": true, "internal_id": 1665, "title": "Backport inconsistent log for apply unconfirmed transaction - Closes #1664"}, "1": {"date": "2018-03-02", "open": true, "internal_id": 1660, "title": "Backport ensuring forge and sync process exclusiveness - Closes #1659"}, "2": {"date": "2018-03-03", "open": true, "internal_id": 1658, "title": "Consistent usage of es6 features in logic implementation - Closes #1656"}, "3": {"date": "2018-03-02", "open": true, "internal_id": 1657, "title": "Add unit test coverage for modules blocks.verify - Closes #1598"}, "4": {"date": "2018-03-02", "open": true, "internal_id": 1644, "title": "Transport unit tests part 5 - Closes #1087"}, "5": {"date": "2018-03-02", "open": false, "internal_id": 1653, "title": "Fix inconsistency with recipientId - Closes #1639"}, "6": {"date": "2018-03-01", "open": false, "internal_id": 1651, "title": "Change blocks/signatures/transactions from RPC to broadcasts - Fixes #1505"}, "7": {"date": "2018-03-01", "open": false, "internal_id": 1650, "title": "Add unit tests for db/repos/voters - Closes #1595"}, "8": {"date": "2018-03-01", "open": false, "internal_id": 1648, "title": "Add unit tests for db/repos/rounds - Closes #1592"}, "9": {"date": "2018-03-01", "open": false, "internal_id": 1646, "title": "Add unit tests for db/repos/votes - Closes #1596"}}, "num_issues_open": 97, "num_watchers": 2051, "forked": 0, "num_commits": 5, "id": "LiskHQ/lisk", "issues": [{"date": "2018-03-02", "open": 1, "id": 0, "title": "Backport inconsistent log for apply unconfirmed transaction - Closes #1664"}, {"date": "2018-03-02", "open": 1, "id": 1, "title": "Backport inconsistent log for apply unconfirmed transaction"}, {"date": "2018-03-02", "open": 1, "id": 2, "title": "Review unit test coverage of logic/vote"}, {"date": "2018-03-02", "open": 1, "id": 3, "title": "Review unit test coverage for logic/transaction_pool"}, {"date": "2018-03-02", "open": 1, "id": 4, "title": "Backport fix for corrupt unconfirmed state due to transaction queues"}, {"date": "2018-03-01", "open": 0, "id": 5, "title": "Docker mainnet image is trying to connect to testnet database"}, {"date": "2018-03-01", "open": 0, "id": 6, "title": "Fix inconsistency with recipientId - Closes #1639"}, {"date": "2018-03-01", "open": 0, "id": 7, "title": "Change blocks/signatures/transactions from RPC to broadcasts - Fixes #1505"}, {"date": "2018-02-28", "open": 0, "id": 8, "title": "Add unit tests for db/repos/voters - Closes #1595"}, {"date": "2018-02-28", "open": 0, "id": 9, "title": "Add unit tests for db/repos/rounds - Closes #1592"}], "num_prs_closed": 5},{"num_contributors": 100, "num_stars": 758, "readme_linecount": 230, "name": "qtum", "contributors": [{"num_lines_deleted": 10, "num_lines_added": 8, "author_name": "qtum-neil", "num_lines_edited": 18, "num_commits": 5, "id": 0}], "num_branches": 350, "readme_exists": 1, "commits": [{"date": "2018-02-24", "num_lines_edited": 4, "num_lines_deleted": 2, "num_lines_added": 2, "id": 0}, {"date": "2018-02-24", "num_lines_edited": 4, "num_lines_deleted": 2, "num_lines_added": 2, "id": 1}, {"date": "2018-02-24", "num_lines_edited": 3, "num_lines_deleted": 2, "num_lines_added": 1, "id": 2}, {"date": "2018-02-24", "num_lines_edited": 3, "num_lines_deleted": 2, "num_lines_added": 1, "id": 3}, {"date": "2018-02-24", "num_lines_edited": 4, "num_lines_deleted": 2, "num_lines_added": 2, "id": 4}], "rank": "20", "num_prs_open": 2, "num_issues_closed": 5, "num_forks": 167, "prs": {"0": {"date": "2018-03-01", "open": true, "internal_id": 519, "title": "Changed flimitFree flag in sendrawtransaction and changed tests"}, "1": {"date": "2018-03-02", "open": true, "internal_id": 516, "title": "Time/qtumcore0.15"}, "2": {"date": "2018-02-24", "open": false, "internal_id": 513, "title": "Bump version to 0.14.15.01"}, "3": {"date": "2018-02-24", "open": false, "internal_id": 512, "title": "Fix log revert"}, "4": {"date": "2018-02-24", "open": false, "internal_id": 511, "title": "Bump to version 0.14.15"}, "5": {"date": "2018-02-24", "open": false, "internal_id": 510, "title": "Decrease gettransactionreceipt execution time"}, "6": {"date": "2018-02-24", "open": false, "internal_id": 509, "title": "Update gas price parsing"}}, "num_issues_open": 12, "num_watchers": 758, "forked": 0, "num_commits": 5, "id": "qtumproject/qtum", "issues": [{"date": "2018-03-01", "open": 1, "id": 0, "title": "Changed flimitFree flag in sendrawtransaction and changed tests"}, {"date": "2018-02-28", "open": 1, "id": 1, "title": "make check Fail:2 "}, {"date": "2018-02-28", "open": 1, "id": 2, "title": "Issue updating wallet from 14.14 to 14.15"}, {"date": "2018-02-27", "open": 1, "id": 3, "title": "Time/qtumcore0.15"}, {"date": "2018-02-24", "open": 1, "id": 4, "title": "ld: symbol(s) not found for architecture x86_64"}, {"date": "2018-02-25", "open": 0, "id": 5, "title": "Failed to compile version 0.14.15.01"}, {"date": "2018-02-24", "open": 0, "id": 6, "title": "Bump version to 0.14.15.01"}, {"date": "2018-02-24", "open": 0, "id": 7, "title": "Fix log revert"}, {"date": "2018-02-24", "open": 0, "id": 8, "title": "Bump to version 0.14.15"}, {"date": "2018-02-23", "open": 0, "id": 9, "title": "Decrease gettransactionreceipt execution time"}], "num_prs_closed": 5},{"num_contributors": 100, "num_stars": 509, "readme_linecount": 28, "name": "bitcoin-gold", "contributors": [{"num_lines_deleted": 7, "num_lines_added": 24, "author_name": "h4x3rotab", "num_lines_edited": 31, "num_commits": 2, "id": 0}, {"num_lines_deleted": 8, "num_lines_added": 25, "author_name": "tnkmt", "num_lines_edited": 33, "num_commits": 3, "id": 1}], "num_branches": 5, "readme_exists": 1, "commits": [{"date": "2018-02-07", "num_lines_edited": 17, "num_lines_deleted": 0, "num_lines_added": 17, "id": 0}, {"date": "2018-01-22", "num_lines_edited": 2, "num_lines_deleted": 1, "num_lines_added": 1, "id": 1}, {"date": "2018-01-22", "num_lines_edited": 16, "num_lines_deleted": 7, "num_lines_added": 9, "id": 2}, {"date": "2018-01-22", "num_lines_edited": 14, "num_lines_deleted": 7, "num_lines_added": 7, "id": 3}, {"date": "2018-01-21", "num_lines_edited": 15, "num_lines_deleted": 0, "num_lines_added": 15, "id": 4}], "rank": "21", "num_prs_open": 5, "num_issues_closed": 5, "num_forks": 277, "prs": {"0": {"date": "2018-03-03", "open": true, "internal_id": 302, "title": "Fixed retargetting for regtest"}, "1": {"date": "2018-03-01", "open": true, "internal_id": 296, "title": "Zawy's LWMA & testnet reset"}, "2": {"date": "2018-02-01", "open": true, "internal_id": 293, "title": "Merge Bitcoin Core release tag \"v0.15.1\""}, "3": {"date": "2018-02-06", "open": true, "internal_id": 291, "title": "Optimize PNG files"}, "4": {"date": "2018-01-08", "open": true, "internal_id": 50, "title": "Change the name from bitcoind to bgold"}, "5": {"date": "2018-01-27", "open": false, "internal_id": 289, "title": "Merge branch 0.15.1-bitcore into bitcore"}, "6": {"date": "2018-01-24", "open": false, "internal_id": 288, "title": "Bitcore patchset"}, "7": {"date": "2018-01-24", "open": false, "internal_id": 287, "title": "Merge branch 0.15.1-bitcore into bitcore"}, "8": {"date": "2018-02-07", "open": false, "internal_id": 282, "title": "Add instruction of installing libsodium on Ubuntu 16.04.3"}, "9": {"date": "2018-01-31", "open": false, "internal_id": 280, "title": "[WIP] Merge Bitcoin Core release tag \"v0.15.1\""}}, "num_issues_open": 35, "num_watchers": 509, "forked": 0, "num_commits": 5, "id": "BTCGPU/BTCGPU", "issues": [{"date": "2018-03-03", "open": 1, "id": 0, "title": "Fixed retargetting for regtest"}, {"date": "2018-02-17", "open": 1, "id": 1, "title": "bitcoin-qt not working"}, {"date": "2018-02-15", "open": 1, "id": 2, "title": "testnet hung forever , any faucet?"}, {"date": "2018-02-12", "open": 1, "id": 3, "title": "pool.gold does not work"}, {"date": "2018-02-11", "open": 1, "id": 4, "title": "Remove references to Bitcoin "}, {"date": "2018-01-24", "open": 0, "id": 5, "title": "Merge branch 0.15.1-bitcore into bitcore"}, {"date": "2018-01-24", "open": 0, "id": 6, "title": "Bitcore patchset"}, {"date": "2018-01-24", "open": 0, "id": 7, "title": "Merge branch 0.15.1-bitcore into bitcore"}, {"date": "2018-01-24", "open": 0, "id": 8, "title": "Feature Request: Watch Only Wallet"}, {"date": "2018-01-23", "open": 0, "id": 9, "title": "Lightweight wallet"}], "num_prs_closed": 5},{"num_contributors": 6, "num_stars": 116, "readme_linecount": 109, "name": "omisego", "contributors": [{"num_lines_deleted": 4, "num_lines_added": 5, "author_name": "dvrkps", "num_lines_edited": 9, "num_commits": 1, "id": 0}, {"num_lines_deleted": 4, "num_lines_added": 4, "author_name": "varshard", "num_lines_edited": 8, "num_commits": 2, "id": 1}, {"num_lines_deleted": 7, "num_lines_added": 8, "author_name": "iporsut", "num_lines_edited": 15, "num_commits": 2, "id": 2}], "num_branches": 3, "readme_exists": 1, "commits": [{"date": "2017-12-13", "num_lines_edited": 9, "num_lines_deleted": 4, "num_lines_added": 5, "id": 0}, {"date": "2017-12-07", "num_lines_edited": 9, "num_lines_deleted": 4, "num_lines_added": 5, "id": 1}, {"date": "2017-11-28", "num_lines_edited": 6, "num_lines_deleted": 3, "num_lines_added": 3, "id": 2}, {"date": "2017-11-28", "num_lines_edited": 2, "num_lines_deleted": 1, "num_lines_added": 1, "id": 3}, {"date": "2017-11-06", "num_lines_edited": 6, "num_lines_deleted": 3, "num_lines_added": 3, "id": 4}], "rank": "22", "num_prs_open": 2, "num_issues_closed": 5, "num_forks": 32, "prs": {"0": {"date": "2018-01-23", "open": true, "internal_id": 26, "title": "Update README.md"}, "1": {"date": "2017-12-19", "open": true, "internal_id": 24, "title": "Support Source API"}, "2": {"date": "2017-12-13", "open": false, "internal_id": 25, "title": "travis: update go versions"}, "3": {"date": "2017-11-28", "open": false, "internal_id": 23, "title": "Replace Gitter badge with Omise Forum"}, "4": {"date": "2017-08-16", "open": false, "internal_id": 20, "title": "Initial Receipt API implementation"}, "5": {"date": "2017-07-19", "open": false, "internal_id": 19, "title": "Add support for update Japan account recipient bank account"}, "6": {"date": "2017-07-19", "open": false, "internal_id": 18, "title": "Add support Japan bank account"}}, "num_issues_open": 2, "num_watchers": 116, "forked": 0, "num_commits": 5, "id": "omise/omise-go", "issues": [{"date": "2018-01-23", "open": 1, "id": 0, "title": "Update README.md"}, {"date": "2017-11-28", "open": 1, "id": 1, "title": "Support Source API"}, {"date": "2017-12-07", "open": 0, "id": 2, "title": "travis: update go versions"}, {"date": "2017-11-06", "open": 0, "id": 3, "title": "Replace Gitter badge with Omise Forum"}, {"date": "2017-09-19", "open": 0, "id": 4, "title": "Contributing"}, {"date": "2017-08-29", "open": 0, "id": 5, "title": "People are still linking this repository to $OMG"}, {"date": "2017-08-11", "open": 0, "id": 6, "title": "Initial Receipt API implementation"}], "num_prs_closed": 5},{"num_contributors": 12, "num_stars": 152, "readme_linecount": 359, "name": "icon", "contributors": [{"num_lines_deleted": 5, "num_lines_added": 111, "author_name": "Jinhoyoo-theloop", "num_lines_edited": 116, "num_commits": 1, "id": 0}, {"num_lines_deleted": 8, "num_lines_added": 112, "author_name": "caerang", "num_lines_edited": 120, "num_commits": 4, "id": 1}], "num_branches": 2, "readme_exists": 1, "commits": [{"date": "2018-02-21", "num_lines_edited": 116, "num_lines_deleted": 5, "num_lines_added": 111, "id": 0}, {"date": "2018-02-19", "num_lines_edited": 2, "num_lines_deleted": 0, "num_lines_added": 2, "id": 1}, {"date": "2018-02-09", "num_lines_edited": 23, "num_lines_deleted": 8, "num_lines_added": 15, "id": 2}, {"date": "2018-02-08", "num_lines_edited": 54, "num_lines_deleted": 0, "num_lines_added": 54, "id": 3}, {"date": "2018-02-07", "num_lines_edited": 41, "num_lines_deleted": 0, "num_lines_added": 41, "id": 4}], "rank": "23", "num_prs_open": 4, "num_issues_closed": 5, "num_forks": 54, "prs": {"0": {"date": "2018-03-01", "open": true, "internal_id": 25, "title": "README \ud55c\uad6d\uc5b4 \ubc84\uc804\uc5d0 \uc258 \ud504\ub86c\ud504\ud2b8 \ube60\uc9c4 \uac83 \ucd94\uac00"}, "1": {"date": "2018-02-22", "open": true, "internal_id": 24, "title": "Add admin service action in gtool.py"}, "2": {"date": "2018-02-09", "open": true, "internal_id": 22, "title": "Added parameter validation for /api/v1/query request."}, "3": {"date": "2018-01-19", "open": true, "internal_id": 14, "title": "import \ub204\ub77d \ubc0f \ubcc0\uacbd\uc0ac\ud56d \uc218\uc815"}, "4": {"date": "2018-02-21", "open": false, "internal_id": 21, "title": "/api/v1/peer/status API \ubc84\uadf8 \uc218\uc815 \ubc0f CORS \ucd94\uac00"}, "5": {"date": "2018-03-03", "open": false, "internal_id": 19, "title": "README \ud30c\uc77c\uc5d0 \uc258 \ud504\ub86c\ud504\ud2b8 \ube60\uc9c4 \uac83 \ucd94\uac00"}, "6": {"date": "2018-03-03", "open": false, "internal_id": 18, "title": "Git\uc774 pyenv.cfg \ud30c\uc77c\uc744 \ucd94\uc801\ud558\uc9c0 \uc54a\uac8c \ud568"}, "7": {"date": "2018-02-05", "open": false, "internal_id": 17, "title": "Fix \"GET /api/v1/transactions\" response_code \ubc18\ud658 \ud0c0\uc785 \uc218\uc815"}, "8": {"date": "2018-01-03", "open": false, "internal_id": 12, "title": "Merge with Loopchain Core RC1.15.3"}}, "num_issues_open": 7, "num_watchers": 152, "forked": 0, "num_commits": 5, "id": "theloopkr/loopchain", "issues": [{"date": "2018-03-01", "open": 1, "id": 0, "title": "README \ud55c\uad6d\uc5b4 \ubc84\uc804\uc5d0 \uc258 \ud504\ub86c\ud504\ud2b8 \ube60\uc9c4 \uac83 \ucd94\uac00"}, {"date": "2018-02-22", "open": 1, "id": 1, "title": "Add admin service action in gtool.py"}, {"date": "2018-02-19", "open": 1, "id": 2, "title": "Does this project still active ?"}, {"date": "2018-02-09", "open": 1, "id": 3, "title": "Added parameter validation for /api/v1/query request."}, {"date": "2018-02-05", "open": 1, "id": 4, "title": "/api/v1/peer/status?peer_id={Peer\uc758 ID}&group_id={Peer\uc758 group ID}&channel={channel_name} \uc758 internal server error"}, {"date": "2018-02-05", "open": 0, "id": 5, "title": "/api/v1/peer/status API \ubc84\uadf8 \uc218\uc815 \ubc0f CORS \ucd94\uac00"}, {"date": "2018-02-03", "open": 0, "id": 6, "title": "README \ud30c\uc77c\uc5d0 \uc258 \ud504\ub86c\ud504\ud2b8 \ube60\uc9c4 \uac83 \ucd94\uac00"}, {"date": "2018-02-01", "open": 0, "id": 7, "title": "Git\uc774 pyenv.cfg \ud30c\uc77c\uc744 \ucd94\uc801\ud558\uc9c0 \uc54a\uac8c \ud568"}, {"date": "2018-01-31", "open": 0, "id": 8, "title": "Fix \"GET /api/v1/transactions\" response_code \ubc18\ud658 \ud0c0\uc785 \uc218\uc815"}, {"date": "2018-01-24", "open": 0, "id": 9, "title": "Status of mainnet?"}], "num_prs_closed": 5},{"num_contributors": 100, "num_stars": 3539, "readme_linecount": 58, "name": "zcash", "contributors": [{"num_lines_deleted": 2, "num_lines_added": 2, "author_name": "jasondavies", "num_lines_edited": 4, "num_commits": 1, "id": 0}, {"num_lines_deleted": 170, "num_lines_added": 333, "author_name": "zkbot", "num_lines_edited": 503, "num_commits": 3, "id": 1}, {"num_lines_deleted": 80, "num_lines_added": 80, "author_name": "daira", "num_lines_edited": 160, "num_commits": 1, "id": 2}], "num_branches": 9, "readme_exists": 1, "commits": [{"date": "2018-03-02", "num_lines_edited": 4, "num_lines_deleted": 2, "num_lines_added": 2, "id": 0}, {"date": "2018-03-02", "num_lines_edited": 160, "num_lines_deleted": 80, "num_lines_added": 80, "id": 1}, {"date": "2018-03-02", "num_lines_edited": 160, "num_lines_deleted": 80, "num_lines_added": 80, "id": 2}, {"date": "2018-03-01", "num_lines_edited": 4, "num_lines_deleted": 2, "num_lines_added": 2, "id": 3}, {"date": "2018-02-28", "num_lines_edited": 339, "num_lines_deleted": 88, "num_lines_added": 251, "id": 4}], "rank": "24", "num_prs_open": 5, "num_issues_closed": 5, "num_forks": 1071, "prs": {"0": {"date": "2018-03-02", "open": true, "internal_id": 3034, "title": "Disable auto-deprecation on regtest and testnet"}, "1": {"date": "2018-03-02", "open": true, "internal_id": 2987, "title": "Fix references to Bitcoin in RPC tests readme"}, "2": {"date": "2018-03-02", "open": true, "internal_id": 2965, "title": "fix build error due to usage of obsolete boost_system-mt"}, "3": {"date": "2018-03-03", "open": true, "internal_id": 2948, "title": "FIX #1631 - The epoch for std::chrono::system_clock is unspecified "}, "4": {"date": "2018-03-01", "open": true, "internal_id": 2939, "title": "removed bashisms from build scripts"}, "5": {"date": "2018-03-03", "open": false, "internal_id": 3039, "title": "[AnimeCoin PR targeted at wrong repo]"}, "6": {"date": "2018-03-02", "open": false, "internal_id": 3036, "title": "Fix typo in comment: should link to issue #1359."}, "7": {"date": "2018-03-03", "open": false, "internal_id": 3033, "title": "[Zclassic PR targeted at wrong repo]"}, "8": {"date": "2018-03-02", "open": false, "internal_id": 3030, "title": "Release v1.0.15"}, "9": {"date": "2018-03-02", "open": false, "internal_id": 3027, "title": "Fix typos in various files"}}, "num_issues_open": 775, "num_watchers": 3539, "forked": 0, "num_commits": 5, "id": "zcash/zcash", "issues": [{"date": "2018-03-03", "open": 1, "id": 0, "title": "zkSNARK parameters are getting 403 http response"}, {"date": "2018-03-03", "open": 1, "id": 1, "title": "Contingency plans for consensus flaws found before activation of an upgrade"}, {"date": "2018-03-02", "open": 1, "id": 2, "title": "[ZIP ???] Best practices for hardware wallets supporting Sapling"}, {"date": "2018-03-01", "open": 1, "id": 3, "title": "Wallet UX for zero confirmation transactions with expiry height"}, {"date": "2018-03-01", "open": 1, "id": 4, "title": "Disable auto-deprecation on regtest and testnet"}, {"date": "2018-03-02", "open": 0, "id": 5, "title": "[AnimeCoin PR targeted at wrong repo]"}, {"date": "2018-03-02", "open": 0, "id": 6, "title": "Missing zcash-1.0.15-linux64.tar.gz.asc"}, {"date": "2018-03-01", "open": 0, "id": 7, "title": "Fix typo in comment: should link to issue #1359."}, {"date": "2018-03-01", "open": 0, "id": 8, "title": "[Zclassic PR targeted at wrong repo]"}, {"date": "2018-02-28", "open": 0, "id": 9, "title": "Release v1.0.15"}], "num_prs_closed": 5},{"num_contributors": 2, "num_stars": 165, "readme_linecount": 139, "name": "digixdao", "contributors": [{"num_lines_deleted": 94, "num_lines_added": 128, "author_name": "tymat", "num_lines_edited": 222, "num_commits": 1, "id": 0}, {"num_lines_deleted": 8, "num_lines_added": 24, "author_name": "alexhanh", "num_lines_edited": 32, "num_commits": 4, "id": 1}], "num_branches": 1, "readme_exists": 1, "commits": [{"date": "2016-06-27", "num_lines_edited": 222, "num_lines_deleted": 94, "num_lines_added": 128, "id": 0}, {"date": "2016-06-27", "num_lines_edited": 2, "num_lines_deleted": 1, "num_lines_added": 1, "id": 1}, {"date": "2016-06-27", "num_lines_edited": 19, "num_lines_deleted": 2, "num_lines_added": 17, "id": 2}, {"date": "2016-06-27", "num_lines_edited": 3, "num_lines_deleted": 3, "num_lines_added": 0, "id": 3}, {"date": "2016-06-27", "num_lines_edited": 8, "num_lines_deleted": 2, "num_lines_added": 6, "id": 4}], "rank": "26", "num_prs_open": 5, "num_issues_closed": 5, "num_forks": 39, "prs": {"0": {"date": "2017-09-27", "open": true, "internal_id": 20, "title": "Quick spec cleanup"}, "1": {"date": "2017-02-08", "open": true, "internal_id": 13, "title": "Fixing errors and specs"}, "2": {"date": "2016-07-09", "open": true, "internal_id": 8, "title": "Adds a few improvements and makes the client work again"}, "3": {"date": "2016-03-25", "open": true, "internal_id": 3, "title": "bugfix: Handle Solidity Compilation Errors"}, "4": {"date": "2017-12-24", "open": true, "internal_id": 2, "title": "Added IPCClient methods list to documentation"}, "5": {"date": "2016-06-27", "open": false, "internal_id": 6, "title": "Improve clients"}}, "num_issues_open": 14, "num_watchers": 165, "forked": 0, "num_commits": 5, "id": "DigixGlobal/ethereum-ruby", "issues": [{"date": "2017-09-27", "open": 1, "id": 0, "title": "Quick spec cleanup"}, {"date": "2017-06-08", "open": 1, "id": 1, "title": "Various Version with rubygem and github"}, {"date": "2017-03-15", "open": 1, "id": 2, "title": "new_account is not working"}, {"date": "2017-02-07", "open": 1, "id": 3, "title": "Fixing errors and specs"}, {"date": "2017-01-31", "open": 1, "id": 4, "title": "How to store JSON information on blockchain? "}, {"date": "2017-09-17", "open": 0, "id": 5, "title": "eth_compileSolidity does not exist"}, {"date": "2017-09-17", "open": 0, "id": 6, "title": "New IpcClient from docker container"}, {"date": "2017-07-20", "open": 0, "id": 7, "title": "unknown error - Unanable to run solc compliers"}, {"date": "2017-04-06", "open": 0, "id": 8, "title": "Unanable to run solc compliers"}, {"date": "2016-11-03", "open": 0, "id": 9, "title": "can i connect geth remotely"}], "num_prs_closed": 1},{"num_contributors": 43, "num_stars": 1117, "readme_linecount": 120, "name": "steem", "contributors": [{"num_lines_deleted": 23, "num_lines_added": 37, "author_name": "mvandeberg", "num_lines_edited": 60, "num_commits": 5, "id": 0}], "num_branches": 191, "readme_exists": 1, "commits": [{"date": "2018-03-01", "num_lines_edited": 2, "num_lines_deleted": 1, "num_lines_added": 1, "id": 0}, {"date": "2018-03-01", "num_lines_edited": 4, "num_lines_deleted": 2, "num_lines_added": 2, "id": 1}, {"date": "2018-03-01", "num_lines_edited": 2, "num_lines_deleted": 1, "num_lines_added": 1, "id": 2}, {"date": "2018-03-01", "num_lines_edited": 48, "num_lines_deleted": 17, "num_lines_added": 31, "id": 3}, {"date": "2018-03-01", "num_lines_edited": 4, "num_lines_deleted": 2, "num_lines_added": 2, "id": 4}], "rank": "27", "num_prs_open": 5, "num_issues_closed": 5, "num_forks": 433, "prs": {"0": {"date": "2018-03-02", "open": true, "internal_id": 2195, "title": "Batch Write Queue"}, "1": {"date": "2018-03-02", "open": true, "internal_id": 2187, "title": "2075 json tuples"}, "2": {"date": "2018-03-01", "open": true, "internal_id": 2182, "title": "Implemented smt_revealed_cap::validate and added appropriate test"}, "3": {"date": "2018-02-26", "open": true, "internal_id": 2153, "title": "2086 undo tests"}, "4": {"date": "2018-03-02", "open": true, "internal_id": 2149, "title": "1996 bench"}, "5": {"date": "2018-03-01", "open": false, "internal_id": 2186, "title": "Replace p2p push_transaction with accept_transaction "}, "6": {"date": "2018-03-01", "open": false, "internal_id": 2184, "title": "Return old asset serialization in get_chain_properties"}, "7": {"date": "2018-03-01", "open": false, "internal_id": 2179, "title": "Fix condenser_api limit_order to use legacy asset format "}, "8": {"date": "2018-03-01", "open": false, "internal_id": 2178, "title": "Json parsing fix."}, "9": {"date": "2018-03-01", "open": false, "internal_id": 2175, "title": "update osx build docs"}}, "num_issues_open": 304, "num_watchers": 1117, "forked": 0, "num_commits": 5, "id": "steemit/steem", "issues": [{"date": "2018-03-03", "open": 1, "id": 0, "title": "OPENSSL_CRYPTO_LIBRARY"}, {"date": "2018-03-02", "open": 1, "id": 1, "title": "Batch Write Queue"}, {"date": "2018-03-02", "open": 1, "id": 2, "title": "Batch Write Requests"}, {"date": "2018-03-02", "open": 1, "id": 3, "title": "New account set up problem"}, {"date": "2018-03-02", "open": 1, "id": 4, "title": "Recording comprehensive balance change history in evaluation nodes"}, {"date": "2018-03-03", "open": 0, "id": 5, "title": "Sign in problems, help problems, video upload problems"}, {"date": "2018-03-02", "open": 0, "id": 6, "title": "Nowhere to receive help for outside user"}, {"date": "2018-03-02", "open": 0, "id": 7, "title": "Filtering user feed by app or parent category"}, {"date": "2018-03-02", "open": 0, "id": 8, "title": "Launch testnet problem"}, {"date": "2018-03-01", "open": 0, "id": 9, "title": "Replace p2p push_transaction with accept_transaction "}], "num_prs_closed": 5},{"num_contributors": 43, "num_stars": 1248, "readme_linecount": 271, "name": "verge", "contributors": [{"num_lines_deleted": 2, "num_lines_added": 2, "author_name": "Technophant", "num_lines_edited": 4, "num_commits": 1, "id": 0}, {"num_lines_deleted": 5, "num_lines_added": 14, "author_name": "justinvforvendetta", "num_lines_edited": 19, "num_commits": 4, "id": 1}], "num_branches": 13, "readme_exists": 1, "commits": [{"date": "2018-02-14", "num_lines_edited": 5, "num_lines_deleted": 0, "num_lines_added": 5, "id": 0}, {"date": "2018-02-09", "num_lines_edited": 4, "num_lines_deleted": 0, "num_lines_added": 4, "id": 1}, {"date": "2018-02-09", "num_lines_edited": 4, "num_lines_deleted": 2, "num_lines_added": 2, "id": 2}, {"date": "2018-02-06", "num_lines_edited": 4, "num_lines_deleted": 2, "num_lines_added": 2, "id": 3}, {"date": "2018-01-29", "num_lines_edited": 6, "num_lines_deleted": 3, "num_lines_added": 3, "id": 4}], "rank": "28", "num_prs_open": 5, "num_issues_closed": 5, "num_forks": 367, "prs": {"0": {"date": "2018-02-17", "open": true, "internal_id": 622, "title": "Mining tor"}, "1": {"date": "2018-02-14", "open": true, "internal_id": 619, "title": "remove osx boost deps install instruction"}, "2": {"date": "2018-02-02", "open": true, "internal_id": 577, "title": "Delete complet sound"}, "3": {"date": "2018-01-23", "open": true, "internal_id": 540, "title": "Feature automatic transfer amount selection (fixed)"}, "4": {"date": "2018-01-17", "open": true, "internal_id": 494, "title": "Feature automatic transfer amount selection"}, "5": {"date": "2018-02-09", "open": false, "internal_id": 606, "title": "remove reference to linux precompile in readme.md"}, "6": {"date": "2018-01-29", "open": false, "internal_id": 580, "title": "add licence"}, "7": {"date": "2018-02-01", "open": false, "internal_id": 578, "title": "build instructions for windows not ready"}, "8": {"date": "2018-01-29", "open": false, "internal_id": 575, "title": "OS X Dmg fix using boost 1.60"}, "9": {"date": "2018-02-09", "open": false, "internal_id": 570, "title": "update linux install \"Easy Way\""}}, "num_issues_open": 94, "num_watchers": 1248, "forked": 0, "num_commits": 5, "id": "vergecurrency/VERGE", "issues": [{"date": "2018-03-02", "open": 1, "id": 0, "title": "Using 4.0clearnet and blocks are orphaned."}, {"date": "2018-03-02", "open": 1, "id": 1, "title": "Addnode from commandline not working?"}, {"date": "2018-02-17", "open": 1, "id": 2, "title": "Mining tor"}, {"date": "2018-02-14", "open": 1, "id": 3, "title": "remove osx boost deps install instruction"}, {"date": "2018-02-13", "open": 1, "id": 4, "title": "For few weeks already have been trying to update my old wallet to  VERGE-Qt-1-30-2018.dmg on Mac highSierra. After downloading the attachment to my computer and clicking on it, it opens, but shuts immediately. Does anyone else have the same issue and how can it be fixed? Cannot use the old wallet anymore. "}, {"date": "2018-03-02", "open": 0, "id": 5, "title": "UPDATE  QR Are you running the latest version?"}, {"date": "2018-02-26", "open": 0, "id": 6, "title": "Verge 5.9.2 QT Wallet  is NOT acceppting my Passphrase"}, {"date": "2018-02-25", "open": 0, "id": 7, "title": "How can I build android wallet from source on my linux machine?"}, {"date": "2018-02-24", "open": 0, "id": 8, "title": "Hi, after some weeks of trying today I finally synced my Verge Wallet to the blockchain. However, on the 6th of February I sent XVG from my exchange wallet to my verge wallet address (this is evidenced on the verge-blockchain.info). And this transaction is not displaying in my wallet address. Is there anything that I can do to have this balance updated? Or does it just take some time? Please advise. Thanks "}, {"date": "2018-02-23", "open": 0, "id": 9, "title": "0 active connection(s) to VERGE network"}], "num_prs_closed": 5},{"num_contributors": 38, "num_stars": 386, "readme_linecount": 114, "name": "stratis", "contributors": [{"num_lines_deleted": 19, "num_lines_added": 65, "author_name": "bokobza", "num_lines_edited": 84, "num_commits": 1, "id": 0}, {"num_lines_deleted": 2, "num_lines_added": 82, "author_name": "quantumagi", "num_lines_edited": 84, "num_commits": 3, "id": 1}, {"num_lines_deleted": 370, "num_lines_added": 283, "author_name": "dangershony", "num_lines_edited": 653, "num_commits": 1, "id": 2}], "num_branches": 7, "readme_exists": 1, "commits": [{"date": "2018-03-02", "num_lines_edited": 25, "num_lines_deleted": 0, "num_lines_added": 25, "id": 0}, {"date": "2018-03-02", "num_lines_edited": 24, "num_lines_deleted": 2, "num_lines_added": 22, "id": 1}, {"date": "2018-03-02", "num_lines_edited": 35, "num_lines_deleted": 0, "num_lines_added": 35, "id": 2}, {"date": "2018-03-01", "num_lines_edited": 653, "num_lines_deleted": 370, "num_lines_added": 283, "id": 3}, {"date": "2018-03-01", "num_lines_edited": 84, "num_lines_deleted": 19, "num_lines_added": 65, "id": 4}], "rank": "29", "num_prs_open": 5, "num_issues_closed": 5, "num_forks": 157, "prs": {"0": {"date": "2018-03-03", "open": true, "internal_id": 1172, "title": "Add PrintHelp method to Dns feature"}, "1": {"date": "2018-03-03", "open": true, "internal_id": 1169, "title": "Adjusted time manipulation fix"}, "2": {"date": "2018-03-01", "open": true, "internal_id": 1166, "title": "Added mempool unit test"}, "3": {"date": "2018-02-14", "open": true, "internal_id": 1164, "title": "Network Peer Behaviors minor refactoring"}, "4": {"date": "2018-02-02", "open": true, "internal_id": 926, "title": "Replace legacy Transaction.TimeStamp references"}, "5": {"date": "2018-03-02", "open": false, "internal_id": 1178, "title": "Add PrintHelp method to Consensus feature"}, "6": {"date": "2018-03-02", "open": false, "internal_id": 1177, "title": "Add PrintHelp method to Mempool feature"}, "7": {"date": "2018-02-28", "open": false, "internal_id": 1175, "title": "Fixed DI bug"}, "8": {"date": "2018-02-28", "open": false, "internal_id": 1174, "title": "Sidechain"}, "9": {"date": "2018-03-02", "open": false, "internal_id": 1171, "title": "Add PrintHelp method to BlockStore feature"}}, "num_issues_open": 72, "num_watchers": 386, "forked": 0, "num_commits": 5, "id": "stratisproject/StratisBitcoinFullNode", "issues": [{"date": "2018-03-03", "open": 1, "id": 0, "title": "[BlockAssemblers] Implement a better inheritence / abstract pattern"}, {"date": "2018-02-28", "open": 1, "id": 1, "title": "Consensus Tip occasionally stops advancing after a reorg"}, {"date": "2018-02-28", "open": 1, "id": 2, "title": "[Node] check if problem on Mac OS is relevant to us"}, {"date": "2018-02-28", "open": 1, "id": 3, "title": "Add PrintHelp method to Dns feature"}, {"date": "2018-02-27", "open": 1, "id": 4, "title": "Adjusted time manipulation fix"}, {"date": "2018-03-01", "open": 0, "id": 5, "title": "Add PrintHelp method to Consensus feature"}, {"date": "2018-03-01", "open": 0, "id": 6, "title": "Add PrintHelp method to Mempool feature"}, {"date": "2018-02-28", "open": 0, "id": 7, "title": "Fixed DI bug"}, {"date": "2018-02-28", "open": 0, "id": 8, "title": "Sidechain"}, {"date": "2018-02-28", "open": 0, "id": 9, "title": "Add PrintHelp method to BlockStore feature"}], "num_prs_closed": 5},{"num_contributors": 1, "num_stars": 36, "readme_linecount": 241, "name": "bytecoin-bcn", "contributors": [{"num_lines_deleted": 5, "num_lines_added": 5, "author_name": "bcndev", "num_lines_edited": 10, "num_commits": 1, "id": 0}], "num_branches": 1, "readme_exists": 1, "commits": [{"date": "2018-02-07", "num_lines_edited": 10, "num_lines_deleted": 5, "num_lines_added": 5, "id": 0}], "rank": "30", "num_prs_open": 0, "num_issues_closed": 5, "num_forks": 18, "prs": {}, "num_issues_open": 4, "num_watchers": 36, "forked": 0, "num_commits": 1, "id": "bcndev/bytecoin", "issues": [{"date": "2018-03-02", "open": 1, "id": 0, "title": "fails to read wallet file"}, {"date": "2018-02-27", "open": 1, "id": 1, "title": "how to set the blockchain data dir"}, {"date": "2018-02-25", "open": 1, "id": 2, "title": "How to import blocks.bin to data.mdb ?"}, {"date": "2018-02-12", "open": 1, "id": 3, "title": "Unauthenticated JSON-RPC API allows takeover of CryptoNote RPC wallets"}, {"date": "2018-02-28", "open": 0, "id": 4, "title": "Question about genesis"}, {"date": "2018-02-26", "open": 0, "id": 5, "title": "walletd rpc sendTransaction failed with \"Bad address\""}, {"date": "2018-02-26", "open": 0, "id": 6, "title": "getTransactions RPC call not returning any transactions"}, {"date": "2018-02-26", "open": 0, "id": 7, "title": "web wallet accepting ony 2 attempts and need wait 2 hours? srsly?"}, {"date": "2018-02-23", "open": 0, "id": 8, "title": "2FA web wallet "}], "num_prs_closed": 0},{"num_contributors": 4, "num_stars": 6, "readme_linecount": 3, "name": "populous", "contributors": [{"num_lines_deleted": 19, "num_lines_added": 14, "author_name": "wisdomcsharp", "num_lines_edited": 33, "num_commits": 1, "id": 0}, {"num_lines_deleted": 46966, "num_lines_added": 23335, "author_name": "najienka", "num_lines_edited": 70301, "num_commits": 4, "id": 1}], "num_branches": 16, "readme_exists": 1, "commits": [{"date": "2018-03-02", "num_lines_edited": 33, "num_lines_deleted": 19, "num_lines_added": 14, "id": 0}, {"date": "2018-02-26", "num_lines_edited": 23326, "num_lines_deleted": 23324, "num_lines_added": 2, "id": 1}, {"date": "2018-02-26", "num_lines_edited": 2, "num_lines_deleted": 1, "num_lines_added": 1, "id": 2}, {"date": "2018-02-20", "num_lines_edited": 23311, "num_lines_deleted": 1, "num_lines_added": 23310, "id": 3}, {"date": "2018-02-19", "num_lines_edited": 23662, "num_lines_deleted": 23640, "num_lines_added": 22, "id": 4}], "rank": "31", "num_prs_open": 0, "num_issues_closed": 5, "num_forks": 5, "prs": {"0": {"date": "2018-03-02", "open": false, "internal_id": 77, "title": "Re-build branch - collateral addition, aws hash removal and local tests completed"}, "1": {"date": "2018-02-26", "open": false, "internal_id": 76, "title": "Locally tested re build & removed unused functions"}, "2": {"date": "2018-02-26", "open": false, "internal_id": 75, "title": "Ropsten tests successful"}, "3": {"date": "2018-02-20", "open": false, "internal_id": 74, "title": "Ropsten deployment"}, "4": {"date": "2018-02-19", "open": false, "internal_id": 73, "title": "Re build"}}, "num_issues_open": 0, "num_watchers": 6, "forked": 0, "num_commits": 5, "id": "bitpopulous/populous-smartcontracts", "issues": [{"date": "2018-03-02", "open": 0, "id": 0, "title": "Re-build branch - collateral addition, aws hash removal and local tests completed"}, {"date": "2018-02-26", "open": 0, "id": 1, "title": "Locally tested re build & removed unused functions"}, {"date": "2018-02-20", "open": 0, "id": 2, "title": "Ropsten tests successful"}, {"date": "2018-02-20", "open": 0, "id": 3, "title": "Ropsten deployment"}, {"date": "2018-02-19", "open": 0, "id": 4, "title": "Re build"}], "num_prs_closed": 5},{"num_contributors": 47, "num_stars": 2457, "readme_linecount": 108, "name": "siacoin", "contributors": [{"num_lines_deleted": 12, "num_lines_added": 4, "author_name": "ChrisSchinnerl", "num_lines_edited": 16, "num_commits": 1, "id": 0}, {"num_lines_deleted": 12, "num_lines_added": 7, "author_name": "lukechampine", "num_lines_edited": 19, "num_commits": 2, "id": 1}, {"num_lines_deleted": 9, "num_lines_added": 12, "author_name": "tbenz9", "num_lines_edited": 21, "num_commits": 2, "id": 2}], "num_branches": 74, "readme_exists": 1, "commits": [{"date": "2018-03-02", "num_lines_edited": 3, "num_lines_deleted": 0, "num_lines_added": 3, "id": 0}, {"date": "2018-03-02", "num_lines_edited": 12, "num_lines_deleted": 6, "num_lines_added": 6, "id": 1}, {"date": "2018-03-02", "num_lines_edited": 9, "num_lines_deleted": 3, "num_lines_added": 6, "id": 2}, {"date": "2018-03-02", "num_lines_edited": 16, "num_lines_deleted": 12, "num_lines_added": 4, "id": 3}, {"date": "2018-03-02", "num_lines_edited": 16, "num_lines_deleted": 12, "num_lines_added": 4, "id": 4}], "rank": "32", "num_prs_open": 5, "num_issues_closed": 5, "num_forks": 356, "prs": {"0": {"date": "2018-03-03", "open": true, "internal_id": 2810, "title": "Extend renter settings endpoint for ratelimiting bandwidth"}, "1": {"date": "2018-03-02", "open": true, "internal_id": 2808, "title": "Dependencies cleanup"}, "2": {"date": "2018-02-26", "open": true, "internal_id": 2796, "title": "[WIP] Siatest additional download tests"}, "3": {"date": "2018-03-03", "open": true, "internal_id": 2794, "title": "add SIP: store renter metadata remotely"}, "4": {"date": "2018-02-22", "open": true, "internal_id": 2786, "title": "Added ./sync and ./types to lint packages"}, "5": {"date": "2018-03-02", "open": false, "internal_id": 2809, "title": "only update subscribers if there are any"}, "6": {"date": "2018-03-02", "open": false, "internal_id": 2807, "title": "Set overdrive for all chunks"}, "7": {"date": "2018-03-01", "open": false, "internal_id": 2804, "title": "Upload fixes"}, "8": {"date": "2018-03-01", "open": false, "internal_id": 2803, "title": "export transaction helpers"}, "9": {"date": "2018-02-26", "open": false, "internal_id": 2799, "title": "Typo? fixes #1793"}}, "num_issues_open": 154, "num_watchers": 2457, "forked": 0, "num_commits": 5, "id": "NebulousLabs/Sia", "issues": [{"date": "2018-03-03", "open": 1, "id": 0, "title": "Never-ending upload"}, {"date": "2018-03-03", "open": 1, "id": 1, "title": "Siad exited unexpectedly on Windows 10 and now crashes on restart."}, {"date": "2018-03-03", "open": 1, "id": 2, "title": "Siad has exited unexpectedly."}, {"date": "2018-03-03", "open": 1, "id": 3, "title": "Extend renter settings endpoint for ratelimiting bandwidth"}, {"date": "2018-03-02", "open": 1, "id": 4, "title": "Dependencies cleanup"}, {"date": "2018-03-02", "open": 0, "id": 5, "title": "only update subscribers if there are any"}, {"date": "2018-03-02", "open": 0, "id": 6, "title": "Set overdrive for all chunks"}, {"date": "2018-03-01", "open": 0, "id": 7, "title": "Siad has exited unexpectedly"}, {"date": "2018-03-01", "open": 0, "id": 8, "title": "Siacoin wallet"}, {"date": "2018-03-01", "open": 0, "id": 9, "title": "Upload fixes"}], "num_prs_closed": 5},{"num_contributors": 30, "num_stars": 495, "readme_linecount": 142, "name": "waves", "contributors": [{"num_lines_deleted": 31, "num_lines_added": 80, "author_name": "alexeykiselev", "num_lines_edited": 111, "num_commits": 3, "id": 0}, {"num_lines_deleted": 197, "num_lines_added": 154, "author_name": "ismagin", "num_lines_edited": 351, "num_commits": 1, "id": 1}, {"num_lines_deleted": 2, "num_lines_added": 1, "author_name": "monroid", "num_lines_edited": 3, "num_commits": 1, "id": 2}], "num_branches": 28, "readme_exists": 1, "commits": [{"date": "2018-03-02", "num_lines_edited": 351, "num_lines_deleted": 197, "num_lines_added": 154, "id": 0}, {"date": "2018-03-02", "num_lines_edited": 17, "num_lines_deleted": 0, "num_lines_added": 17, "id": 1}, {"date": "2018-03-02", "num_lines_edited": 77, "num_lines_deleted": 31, "num_lines_added": 46, "id": 2}, {"date": "2018-03-02", "num_lines_edited": 17, "num_lines_deleted": 0, "num_lines_added": 17, "id": 3}, {"date": "2018-03-02", "num_lines_edited": 3, "num_lines_deleted": 2, "num_lines_added": 1, "id": 4}], "rank": "33", "num_prs_open": 5, "num_issues_closed": 5, "num_forks": 151, "prs": {"0": {"date": "2018-03-02", "open": true, "internal_id": 886, "title": "Remove RequestErrorAssert trait"}, "1": {"date": "2018-03-02", "open": true, "internal_id": 882, "title": "NODE-577 LevelDB Optimizations"}, "2": {"date": "2018-03-01", "open": true, "internal_id": 881, "title": "NODE-539: Hashing functions and JS bindings"}, "3": {"date": "2018-02-21", "open": true, "internal_id": 859, "title": "NODE-557 Data Transaction: foundation classes, Diff, API methods"}, "4": {"date": "2018-03-02", "open": true, "internal_id": 850, "title": "NODE-551 DEX watches balances and cancels invalid orders"}, "5": {"date": "2018-03-02", "open": false, "internal_id": 885, "title": "NODE 367: Sync integration test on leasing more than you have was added"}, "6": {"date": "2018-03-02", "open": false, "internal_id": 884, "title": "NODE 428: Fix Loading extensions from closed channel"}, "7": {"date": "2018-03-02", "open": false, "internal_id": 880, "title": "Rewrite AliasTransactionSuite in sync way"}, "8": {"date": "2018-03-01", "open": false, "internal_id": 879, "title": "NODE 432 Payment Transaction validation on uniqueness was removed"}, "9": {"date": "2018-02-28", "open": false, "internal_id": 877, "title": "Node 517 node 513 script checksum network byte"}}, "num_issues_open": 20, "num_watchers": 495, "forked": 0, "num_commits": 5, "id": "wavesplatform/Waves", "issues": [{"date": "2018-03-02", "open": 1, "id": 0, "title": "Remove RequestErrorAssert trait"}, {"date": "2018-03-01", "open": 1, "id": 1, "title": "NODE-577 LevelDB Optimizations"}, {"date": "2018-03-01", "open": 1, "id": 2, "title": "NODE-539: Hashing functions and JS bindings"}, {"date": "2018-02-21", "open": 1, "id": 3, "title": "Waves 0.9.2 require Java 9"}, {"date": "2018-02-20", "open": 1, "id": 4, "title": "NODE-557 Data Transaction: foundation classes, Diff, API methods"}, {"date": "2018-03-02", "open": 0, "id": 5, "title": "NODE 367: Sync integration test on leasing more than you have was added"}, {"date": "2018-03-02", "open": 0, "id": 6, "title": "NODE 428: Fix Loading extensions from closed channel"}, {"date": "2018-03-01", "open": 0, "id": 7, "title": "API KEY wont work for post"}, {"date": "2018-03-01", "open": 0, "id": 8, "title": "Rewrite AliasTransactionSuite in sync way"}, {"date": "2018-03-01", "open": 0, "id": 9, "title": "NODE 432 Payment Transaction validation on uniqueness was removed"}], "num_prs_closed": 5},{"num_contributors": 23, "num_stars": 179, "readme_linecount": 189, "name": "rchain", "contributors": [{"num_lines_deleted": 3674, "num_lines_added": 7540, "author_name": "pyrocto", "num_lines_edited": 11214, "num_commits": 1, "id": 0}, {"num_lines_deleted": 5, "num_lines_added": 5, "author_name": "henrytill", "num_lines_edited": 10, "num_commits": 3, "id": 1}, {"num_lines_deleted": 141, "num_lines_added": 251, "author_name": "guardbotmk3", "num_lines_edited": 392, "num_commits": 1, "id": 2}], "num_branches": 8, "readme_exists": 1, "commits": [{"date": "2018-02-28", "num_lines_edited": 11214, "num_lines_deleted": 3674, "num_lines_added": 7540, "id": 0}, {"date": "2018-02-28", "num_lines_edited": 392, "num_lines_deleted": 141, "num_lines_added": 251, "id": 1}, {"date": "2018-02-28", "num_lines_edited": 2, "num_lines_deleted": 1, "num_lines_added": 1, "id": 2}, {"date": "2018-02-28", "num_lines_edited": 2, "num_lines_deleted": 1, "num_lines_added": 1, "id": 3}, {"date": "2018-02-28", "num_lines_edited": 6, "num_lines_deleted": 3, "num_lines_added": 3, "id": 4}], "rank": "34", "num_prs_open": 5, "num_issues_closed": 5, "num_forks": 49, "prs": {"0": {"date": "2018-03-03", "open": true, "internal_id": 359, "title": "Added string-set-nth, string-length, string-new, and string-mem? primitives"}, "1": {"date": "2018-03-02", "open": true, "internal_id": 355, "title": "tests based on 0.1/mercury tutorials"}, "2": {"date": "2018-03-02", "open": true, "internal_id": 354, "title": "Rholang: ADT: Add locally free bitset."}, "3": {"date": "2018-03-01", "open": true, "internal_id": 353, "title": "Add OpApplyCmd"}, "4": {"date": "2018-03-01", "open": true, "internal_id": 351, "title": "Add OpApplyPrimTag"}, "5": {"date": "2018-03-02", "open": false, "internal_id": 358, "title": "CORE-217 fix connection failure"}, "6": {"date": "2018-03-02", "open": false, "internal_id": 357, "title": "Simple purse in Rholang"}, "7": {"date": "2018-03-02", "open": false, "internal_id": 356, "title": "Rholang: Normalizer: Ensure match target is propagated"}, "8": {"date": "2018-03-01", "open": false, "internal_id": 352, "title": "Added string-concat and string-join primitives"}, "9": {"date": "2018-03-02", "open": false, "internal_id": 350, "title": "Core 171 prepare dispatch"}}, "num_issues_open": 9, "num_watchers": 179, "forked": 0, "num_commits": 5, "id": "rchain/rchain", "issues": [{"date": "2018-03-02", "open": 1, "id": 0, "title": "Added string-set-nth, string-length, string-new, and string-mem? primitives"}, {"date": "2018-03-01", "open": 1, "id": 1, "title": "tests based on 0.1/mercury tutorials"}, {"date": "2018-03-01", "open": 1, "id": 2, "title": "Rholang: ADT: Add locally free bitset."}, {"date": "2018-03-01", "open": 1, "id": 3, "title": "Add OpApplyCmd"}, {"date": "2018-03-01", "open": 1, "id": 4, "title": "Add OpApplyPrimTag"}, {"date": "2018-03-02", "open": 0, "id": 5, "title": "CORE-217 fix connection failure"}, {"date": "2018-03-02", "open": 0, "id": 6, "title": "Simple purse in Rholang"}, {"date": "2018-03-01", "open": 0, "id": 7, "title": "Rholang: Normalizer: Ensure match target is propagated"}, {"date": "2018-03-01", "open": 0, "id": 8, "title": "Added string-concat and string-join primitives"}, {"date": "2018-03-01", "open": 0, "id": 9, "title": "Core 171 prepare dispatch"}], "num_prs_closed": 5},{"num_contributors": 100, "num_stars": 1820, "readme_linecount": 137, "name": "dogecoin", "contributors": [{"num_lines_deleted": 2, "num_lines_added": 2, "author_name": "patricklodder", "num_lines_edited": 4, "num_commits": 1, "id": 0}, {"num_lines_deleted": 20, "num_lines_added": 20, "author_name": "leuqarte", "num_lines_edited": 40, "num_commits": 3, "id": 1}, {"num_lines_deleted": 2, "num_lines_added": 2, "author_name": "D3m0nKingx", "num_lines_edited": 4, "num_commits": 1, "id": 2}], "num_branches": 15, "readme_exists": 1, "commits": [{"date": "2018-01-21", "num_lines_edited": 4, "num_lines_deleted": 2, "num_lines_added": 2, "id": 0}, {"date": "2018-01-08", "num_lines_edited": 4, "num_lines_deleted": 2, "num_lines_added": 2, "id": 1}, {"date": "2015-10-31", "num_lines_edited": 28, "num_lines_deleted": 14, "num_lines_added": 14, "id": 2}, {"date": "2015-10-31", "num_lines_edited": 2, "num_lines_deleted": 1, "num_lines_added": 1, "id": 3}, {"date": "2015-10-31", "num_lines_edited": 10, "num_lines_deleted": 5, "num_lines_added": 5, "id": 4}], "rank": "36", "num_prs_open": 5, "num_issues_closed": 5, "num_forks": 739, "prs": {"0": {"date": "2018-02-04", "open": true, "internal_id": 1470, "title": "Re-introduce alert functionality"}, "1": {"date": "2018-02-04", "open": true, "internal_id": 1434, "title": "Second batch of 1.15 patches"}, "2": {"date": "2018-01-09", "open": true, "internal_id": 1397, "title": "Added RPC throw"}, "3": {"date": "2017-12-26", "open": true, "internal_id": 1388, "title": "Articols matter in Italian"}, "4": {"date": "2017-05-25", "open": true, "internal_id": 1371, "title": "Trivial: Locale independent sorting"}, "5": {"date": "2018-02-18", "open": false, "internal_id": 1474, "title": "Update tx output in p2p-fullblocktest.py"}, "6": {"date": "2018-02-04", "open": false, "internal_id": 1469, "title": "Insert Dogecoin testnet merkle tree root value"}, "7": {"date": "2018-01-28", "open": false, "internal_id": 1468, "title": "Add PureHeader sources to libdogecoinconsensus"}, "8": {"date": "2018-01-28", "open": false, "internal_id": 1467, "title": "Re-add paperwallet printer"}, "9": {"date": "2018-02-01", "open": false, "internal_id": 1466, "title": "Fix invalidblocktest"}}, "num_issues_open": 81, "num_watchers": 1820, "forked": 0, "num_commits": 5, "id": "dogecoin/dogecoin", "issues": [{"date": "2018-02-25", "open": 1, "id": 0, "title": "Dogecoind crashed after upgarding from 1.10 to 1.14alpha 2 "}, {"date": "2018-02-12", "open": 1, "id": 1, "title": "Is it possible yet to run a wallet on a pruned dogecoind client?"}, {"date": "2018-02-11", "open": 1, "id": 2, "title": "Dogecoin Core v1.10 takes up ~2gb of RAM"}, {"date": "2018-02-05", "open": 1, "id": 3, "title": "compilation error in ubuntu"}, {"date": "2018-02-04", "open": 1, "id": 4, "title": "Re-introduce alert functionality"}, {"date": "2018-03-01", "open": 0, "id": 5, "title": "Question: PROTOCOL_VERSION vs INIT_PROTO_VERSION?"}, {"date": "2018-02-26", "open": 0, "id": 6, "title": "Cryptopia deposit issue (DOGE)"}, {"date": "2018-02-26", "open": 0, "id": 7, "title": "Reindexing blocks in disc (Sorry for bad grammar but I got dogecoin on spanish)"}, {"date": "2018-02-18", "open": 0, "id": 8, "title": "Update tx output in p2p-fullblocktest.py"}, {"date": "2018-02-01", "open": 0, "id": 9, "title": "Insert Dogecoin testnet merkle tree root value"}], "num_prs_closed": 5},{"num_contributors": 35, "num_stars": 682, "readme_linecount": 235, "name": "bitshares", "contributors": [{"num_lines_deleted": 15, "num_lines_added": 15, "author_name": "oxarbitrage", "num_lines_edited": 30, "num_commits": 3, "id": 0}, {"num_lines_deleted": 2, "num_lines_added": 2, "author_name": "abitmore", "num_lines_edited": 4, "num_commits": 2, "id": 1}], "num_branches": 24, "readme_exists": 1, "commits": [{"date": "2018-02-06", "num_lines_edited": 10, "num_lines_deleted": 5, "num_lines_added": 5, "id": 0}, {"date": "2018-02-06", "num_lines_edited": 10, "num_lines_deleted": 5, "num_lines_added": 5, "id": 1}, {"date": "2018-02-06", "num_lines_edited": 10, "num_lines_deleted": 5, "num_lines_added": 5, "id": 2}, {"date": "2018-02-03", "num_lines_edited": 2, "num_lines_deleted": 1, "num_lines_added": 1, "id": 3}, {"date": "2018-02-03", "num_lines_edited": 2, "num_lines_deleted": 1, "num_lines_added": 1, "id": 4}], "rank": "37", "num_prs_open": 5, "num_issues_closed": 5, "num_forks": 272, "prs": {"0": {"date": "2018-02-28", "open": true, "internal_id": 697, "title": "Fix cull-small issue in check_call_orders"}, "1": {"date": "2018-02-28", "open": true, "internal_id": 685, "title": "Replace readline library, Issue 673"}, "2": {"date": "2018-02-26", "open": true, "internal_id": 675, "title": "add cli wallet test framework"}, "3": {"date": "2018-02-15", "open": true, "internal_id": 669, "title": "Change assert() to FC_ASSERT."}, "4": {"date": "2018-02-15", "open": true, "internal_id": 668, "title": "Added login_api::get_server_information (Issue #626)"}, "5": {"date": "2018-02-28", "open": false, "internal_id": 689, "title": "Fix #436 object_database created outside of witness data directory"}, "6": {"date": "2018-02-25", "open": false, "internal_id": 687, "title": "Fix #436 object_database created outside of witness data directory"}, "7": {"date": "2018-02-21", "open": false, "internal_id": 686, "title": "remove unused variables in market_tests"}, "8": {"date": "2018-02-19", "open": false, "internal_id": 680, "title": "remove wdumps from database_api.cpp and wallet.cpp"}, "9": {"date": "2018-02-19", "open": false, "internal_id": 676, "title": "add withdrawl permission api calls"}}, "num_issues_open": 144, "num_watchers": 682, "forked": 1, "num_commits": 5, "id": "bitshares/bitshares-core", "issues": [{"date": "2018-02-28", "open": 1, "id": 0, "title": "Fix cull-small issue in check_call_orders"}, {"date": "2018-02-28", "open": 1, "id": 1, "title": "Add IPv6 support"}, {"date": "2018-02-27", "open": 1, "id": 2, "title": "Dividends Payment Feature"}, {"date": "2018-02-26", "open": 1, "id": 3, "title": "Additional role/permission/authority to limit for trading"}, {"date": "2018-02-26", "open": 1, "id": 4, "title": "Conditional payments with libcryptoconditions"}, {"date": "2018-02-26", "open": 0, "id": 5, "title": "Possible problem with generic_index and undo"}, {"date": "2018-02-25", "open": 0, "id": 6, "title": "Fix #436 object_database created outside of witness data directory"}, {"date": "2018-02-24", "open": 0, "id": 7, "title": "Fix #436 object_database created outside of witness data directory"}, {"date": "2018-02-21", "open": 0, "id": 8, "title": "remove unused variables in market_tests"}, {"date": "2018-02-20", "open": 0, "id": 9, "title": "Error: Assert Exception: rhs.size() <= max_rhs_size:"}], "num_prs_closed": 5},{"num_contributors": 86, "num_stars": 304, "readme_linecount": 125, "name": "decred", "contributors": [{"num_lines_deleted": 122, "num_lines_added": 123, "author_name": "davecgh", "num_lines_edited": 245, "num_commits": 4, "id": 0}, {"num_lines_deleted": 5, "num_lines_added": 1, "author_name": "jongillham", "num_lines_edited": 6, "num_commits": 1, "id": 1}], "num_branches": 6, "readme_exists": 1, "commits": [{"date": "2018-03-03", "num_lines_edited": 203, "num_lines_deleted": 98, "num_lines_added": 105, "id": 0}, {"date": "2018-03-03", "num_lines_edited": 6, "num_lines_deleted": 5, "num_lines_added": 1, "id": 1}, {"date": "2018-03-03", "num_lines_edited": 32, "num_lines_deleted": 19, "num_lines_added": 13, "id": 2}, {"date": "2018-03-03", "num_lines_edited": 8, "num_lines_deleted": 4, "num_lines_added": 4, "id": 3}, {"date": "2018-03-02", "num_lines_edited": 2, "num_lines_deleted": 1, "num_lines_added": 1, "id": 4}], "rank": "38", "num_prs_open": 5, "num_issues_closed": 5, "num_forks": 104, "prs": {"0": {"date": "2018-03-03", "open": true, "internal_id": 1114, "title": "main: Make func definition style consistent."}, "1": {"date": "2018-03-02", "open": true, "internal_id": 1113, "title": "connmgr: Use same Dial func signature as net.Dial"}, "2": {"date": "2018-03-01", "open": true, "internal_id": 1086, "title": "[BLOCKED] blockchain: CheckConnectBlockTemplate with tests."}, "3": {"date": "2018-02-26", "open": true, "internal_id": 1078, "title": "multi: Add Balancer for round-robin redundancy"}, "4": {"date": "2018-02-21", "open": true, "internal_id": 979, "title": "multi: add specialized rebroadcast handling for stake txs."}, "5": {"date": "2018-03-03", "open": false, "internal_id": 1112, "title": "multi: Rename BIP0111Version to NodeBloomVersion."}, "6": {"date": "2018-03-02", "open": false, "internal_id": 1111, "title": "addrmgr: Improve test coverage."}, "7": {"date": "2018-03-03", "open": false, "internal_id": 1110, "title": "mining/mempool: Move priority code to mining pkg."}, "8": {"date": "2018-03-03", "open": false, "internal_id": 1109, "title": "mining: Stop transactions losing their dependants."}, "9": {"date": "2018-03-03", "open": false, "internal_id": 1108, "title": "mining: Fix duplicate txns in the prio heap."}}, "num_issues_open": 48, "num_watchers": 304, "forked": 1, "num_commits": 5, "id": "decred/dcrd", "issues": [{"date": "2018-03-03", "open": 1, "id": 0, "title": "main: Make func definition style consistent."}, {"date": "2018-03-02", "open": 1, "id": 1, "title": "connmgr: Use same Dial func signature as net.Dial"}, {"date": "2018-03-01", "open": 1, "id": 2, "title": "Warn or fail if data/config directory cannot be created"}, {"date": "2018-02-25", "open": 1, "id": 3, "title": "[BLOCKED] blockchain: CheckConnectBlockTemplate with tests."}, {"date": "2018-02-24", "open": 1, "id": 4, "title": "multi: Add Balancer for round-robin redundancy"}, {"date": "2018-03-02", "open": 0, "id": 5, "title": "multi: Rename BIP0111Version to NodeBloomVersion."}, {"date": "2018-03-02", "open": 0, "id": 6, "title": "addrmgr: Improve test coverage."}, {"date": "2018-03-02", "open": 0, "id": 7, "title": "mining/mempool: Move priority code to mining pkg."}, {"date": "2018-03-02", "open": 0, "id": 8, "title": "mining: Stop transactions losing their dependants."}, {"date": "2018-03-02", "open": 0, "id": 9, "title": "mining: Fix duplicate txns in the prio heap."}], "num_prs_closed": 5},{"num_contributors": 19, "num_stars": 345, "readme_linecount": 42, "name": "aeternity", "contributors": [{"num_lines_deleted": 0, "num_lines_added": 440, "author_name": "lucafavatella", "num_lines_edited": 440, "num_commits": 2, "id": 0}, {"num_lines_deleted": 7, "num_lines_added": 10, "author_name": "dincho", "num_lines_edited": 17, "num_commits": 1, "id": 1}, {"num_lines_deleted": 45, "num_lines_added": 155, "author_name": "velzevur", "num_lines_edited": 200, "num_commits": 2, "id": 2}], "num_branches": 19, "readme_exists": 1, "commits": [{"date": "2018-03-02", "num_lines_edited": 17, "num_lines_deleted": 7, "num_lines_added": 10, "id": 0}, {"date": "2018-03-02", "num_lines_edited": 8, "num_lines_deleted": 3, "num_lines_added": 5, "id": 1}, {"date": "2018-03-02", "num_lines_edited": 192, "num_lines_deleted": 42, "num_lines_added": 150, "id": 2}, {"date": "2018-03-02", "num_lines_edited": 220, "num_lines_deleted": 0, "num_lines_added": 220, "id": 3}, {"date": "2018-03-01", "num_lines_edited": 220, "num_lines_deleted": 0, "num_lines_added": 220, "id": 4}], "rank": "39", "num_prs_open": 4, "num_issues_closed": 5, "num_forks": 53, "prs": {"0": {"date": "2018-03-02", "open": true, "internal_id": 821, "title": "Minimize effort required for maintaining release notes"}, "1": {"date": "2018-03-02", "open": true, "internal_id": 818, "title": "fix pushing docs"}, "2": {"date": "2018-03-02", "open": true, "internal_id": 804, "title": "PT-155586216: Add pubkey to ping message"}, "3": {"date": "2018-03-02", "open": true, "internal_id": 801, "title": "Run UAT tests on every commit on master"}, "4": {"date": "2018-03-02", "open": false, "internal_id": 820, "title": "Fix implicitly required field in Swagger's definitions"}, "5": {"date": "2018-03-02", "open": false, "internal_id": 819, "title": "Python transaction signing"}, "6": {"date": "2018-03-02", "open": false, "internal_id": 817, "title": "Plant release notes for next release moving troubleshooting to wiki"}, "7": {"date": "2018-03-01", "open": false, "internal_id": 816, "title": "Name of hash function should reflect algorithm - blake2b_256"}, "8": {"date": "2018-03-01", "open": false, "internal_id": 815, "title": "Move Dockerfile to root source dir"}}, "num_issues_open": 9, "num_watchers": 345, "forked": 0, "num_commits": 5, "id": "aeternity/epoch", "issues": [{"date": "2018-03-02", "open": 1, "id": 0, "title": "Minimize effort required for maintaining release notes"}, {"date": "2018-03-02", "open": 1, "id": 1, "title": "fix pushing docs"}, {"date": "2018-02-28", "open": 1, "id": 2, "title": "PT-155586216: Add pubkey to ping message"}, {"date": "2018-02-28", "open": 1, "id": 3, "title": "Run UAT tests on every commit on master"}, {"date": "2018-02-22", "open": 1, "id": 4, "title": "Testing the testnet"}, {"date": "2018-03-02", "open": 0, "id": 5, "title": "Fix implicitly required field in Swagger's definitions"}, {"date": "2018-03-02", "open": 0, "id": 6, "title": "Python transaction signing"}, {"date": "2018-03-01", "open": 0, "id": 7, "title": "Plant release notes for next release moving troubleshooting to wiki"}, {"date": "2018-03-01", "open": 0, "id": 8, "title": "Name of hash function should reflect algorithm - blake2b_256"}, {"date": "2018-03-01", "open": 0, "id": 9, "title": "Move Dockerfile to root source dir"}], "num_prs_closed": 5},{"num_contributors": 100, "num_stars": 2024, "readme_linecount": 67, "name": "status", "contributors": [{"num_lines_deleted": 529, "num_lines_added": 678, "author_name": "voxlet", "num_lines_edited": 1207, "num_commits": 1, "id": 0}, {"num_lines_deleted": 2, "num_lines_added": 6, "author_name": "goranjovic", "num_lines_edited": 8, "num_commits": 1, "id": 1}, {"num_lines_deleted": 179, "num_lines_added": 222, "author_name": "yevh-berdnyk", "num_lines_edited": 401, "num_commits": 1, "id": 2}, {"num_lines_deleted": 61, "num_lines_added": 182, "author_name": "lukaszfryc", "num_lines_edited": 243, "num_commits": 1, "id": 3}, {"num_lines_deleted": 48, "num_lines_added": 145, "author_name": "hanwencheng", "num_lines_edited": 193, "num_commits": 1, "id": 4}], "num_branches": 136, "readme_exists": 1, "commits": [{"date": "2018-03-02", "num_lines_edited": 243, "num_lines_deleted": 61, "num_lines_added": 182, "id": 0}, {"date": "2018-03-02", "num_lines_edited": 193, "num_lines_deleted": 48, "num_lines_added": 145, "id": 1}, {"date": "2018-03-02", "num_lines_edited": 401, "num_lines_deleted": 179, "num_lines_added": 222, "id": 2}, {"date": "2018-03-02", "num_lines_edited": 1207, "num_lines_deleted": 529, "num_lines_added": 678, "id": 3}, {"date": "2018-03-02", "num_lines_edited": 8, "num_lines_deleted": 2, "num_lines_added": 6, "id": 4}], "rank": "40", "num_prs_open": 5, "num_issues_closed": 5, "num_forks": 485, "prs": {"0": {"date": "2018-03-03", "open": true, "internal_id": 3515, "title": "[fix 3505] No item 1 in vector of length 1"}, "1": {"date": "2018-03-03", "open": true, "internal_id": 3514, "title": "[fix 3424] visually indicated when mailserver or all peers are discon\u2026"}, "2": {"date": "2018-03-02", "open": true, "internal_id": 3507, "title": "Replace default keyExtractor with individual key-fns"}, "3": {"date": "2018-03-02", "open": true, "internal_id": 3506, "title": "feature #3443 - automatically loading all dev contacts in nightlies "}, "4": {"date": "2018-03-03", "open": true, "internal_id": 3504, "title": "Bug/message ordering #2699"}, "5": {"date": "2018-03-02", "open": false, "internal_id": 3502, "title": "bug #3463 - disabled removal and addition of group chat participants"}, "6": {"date": "2018-03-02", "open": false, "internal_id": 3494, "title": "Fix #3013 Swipe chat based deletion"}, "7": {"date": "2018-03-02", "open": false, "internal_id": 3490, "title": "[Tests #3470] updated with new onboarding flow"}, "8": {"date": "2018-03-01", "open": false, "internal_id": 3484, "title": "[ISSUE #3224] Click on user picture open profile"}, "9": {"date": "2018-03-01", "open": false, "internal_id": 3483, "title": "WIP proper message ordering in 1 to 1 chat"}}, "num_issues_open": 568, "num_watchers": 2024, "forked": 0, "num_commits": 5, "id": "status-im/status-react", "issues": [{"date": "2018-03-03", "open": 1, "id": 0, "title": "[fix 3505] No item 1 in vector of length 1"}, {"date": "2018-03-03", "open": 1, "id": 1, "title": "[fix 3424] visually indicated when mailserver or all peers are discon\u2026"}, {"date": "2018-03-02", "open": 1, "id": 2, "title": "'Error on command handling' when requesting ETH in group chat"}, {"date": "2018-03-02", "open": 1, "id": 3, "title": "Broken layout of the /send funds message for small amount"}, {"date": "2018-03-02", "open": 1, "id": 4, "title": "Public chat topic not aligned symbols when typing [iOS]"}, {"date": "2018-03-01", "open": 0, "id": 5, "title": "bug #3463 - disabled removal and addition of group chat participants"}, {"date": "2018-03-01", "open": 0, "id": 6, "title": "Fix #3013 Swipe chat based deletion"}, {"date": "2018-03-01", "open": 0, "id": 7, "title": "[Tests #3470] updated with new onboarding flow"}, {"date": "2018-03-01", "open": 0, "id": 8, "title": "[ISSUE #3224] Click on user picture open profile"}, {"date": "2018-02-28", "open": 0, "id": 9, "title": "WIP proper message ordering in 1 to 1 chat"}], "num_prs_closed": 5},{"num_contributors": 22, "num_stars": 368, "readme_linecount": 140, "name": "augur", "contributors": [{"num_lines_deleted": 39, "num_lines_added": 33, "author_name": "nuevoalex", "num_lines_edited": 72, "num_commits": 5, "id": 0}], "num_branches": 21, "readme_exists": 1, "commits": [{"date": "2018-03-02", "num_lines_edited": 19, "num_lines_deleted": 8, "num_lines_added": 11, "id": 0}, {"date": "2018-03-02", "num_lines_edited": 19, "num_lines_deleted": 8, "num_lines_added": 11, "id": 1}, {"date": "2018-03-01", "num_lines_edited": 10, "num_lines_deleted": 7, "num_lines_added": 3, "id": 2}, {"date": "2018-03-01", "num_lines_edited": 12, "num_lines_deleted": 8, "num_lines_added": 4, "id": 3}, {"date": "2018-03-01", "num_lines_edited": 12, "num_lines_deleted": 8, "num_lines_added": 4, "id": 4}], "rank": "41", "num_prs_open": 3, "num_issues_closed": 5, "num_forks": 72, "prs": {"0": {"date": "2018-02-20", "open": true, "internal_id": 557, "title": "version bump"}, "1": {"date": "2018-02-20", "open": true, "internal_id": 556, "title": "Adding in .gitattributes file"}, "2": {"date": "2018-02-14", "open": true, "internal_id": 554, "title": "Add pre-push hook to run lint"}, "3": {"date": "2018-03-02", "open": false, "internal_id": 577, "title": "getters and a comment"}, "4": {"date": "2018-03-01", "open": false, "internal_id": 576, "title": "upgrades are devModeOnly"}, "5": {"date": "2018-03-01", "open": false, "internal_id": 575, "title": "style and attribution nits"}, "6": {"date": "2018-03-01", "open": false, "internal_id": 574, "title": "0.12.1"}, "7": {"date": "2018-03-01", "open": false, "internal_id": 573, "title": "Revert \"ERC20 spec events for mint/burn\""}}, "num_issues_open": 4, "num_watchers": 368, "forked": 0, "num_commits": 5, "id": "AugurProject/augur-core", "issues": [{"date": "2018-02-20", "open": 1, "id": 0, "title": "version bump"}, {"date": "2018-02-18", "open": 1, "id": 1, "title": "Adding in .gitattributes file"}, {"date": "2018-02-14", "open": 1, "id": 2, "title": "Add pre-push hook to run lint"}, {"date": "2017-05-16", "open": 1, "id": 3, "title": "Run Oyente on All Contracts Pre Bug Bounty Market Launch"}, {"date": "2018-03-02", "open": 0, "id": 4, "title": "getters and a comment"}, {"date": "2018-03-01", "open": 0, "id": 5, "title": "upgrades are devModeOnly"}, {"date": "2018-03-01", "open": 0, "id": 6, "title": "style and attribution nits"}, {"date": "2018-03-01", "open": 0, "id": 7, "title": "0.12.1"}, {"date": "2018-02-28", "open": 0, "id": 8, "title": "Revert \"ERC20 spec events for mint/burn\""}], "num_prs_closed": 5},{"num_contributors": 14, "num_stars": 426, "readme_linecount": 121, "name": "0x", "contributors": [{"num_lines_deleted": 207, "num_lines_added": 414, "author_name": "fabioberger", "num_lines_edited": 621, "num_commits": 5, "id": 0}], "num_branches": 47, "readme_exists": 1, "commits": [{"date": "2018-03-03", "num_lines_edited": 27, "num_lines_deleted": 26, "num_lines_added": 1, "id": 0}, {"date": "2018-03-03", "num_lines_edited": 27, "num_lines_deleted": 1, "num_lines_added": 26, "id": 1}, {"date": "2018-03-03", "num_lines_edited": 142, "num_lines_deleted": 71, "num_lines_added": 71, "id": 2}, {"date": "2018-03-03", "num_lines_edited": 2, "num_lines_deleted": 1, "num_lines_added": 1, "id": 3}, {"date": "2018-03-03", "num_lines_edited": 423, "num_lines_deleted": 108, "num_lines_added": 315, "id": 4}], "rank": "42", "num_prs_open": 5, "num_issues_closed": 5, "num_forks": 99, "prs": {"0": {"date": "2018-03-03", "open": true, "internal_id": 430, "title": "Upgrade TypeDoc Dep & Add Missing @0xproject/types To Docs"}, "1": {"date": "2018-03-03", "open": true, "internal_id": 429, "title": "Move required typing from devDeps to deps"}, "2": {"date": "2018-03-02", "open": true, "internal_id": 428, "title": "[WIP] Optimize storage use (Depends on PR#416)"}, "3": {"date": "2018-03-02", "open": true, "internal_id": 426, "title": "[WIP] Sol-cover"}, "4": {"date": "2018-03-01", "open": true, "internal_id": 419, "title": "Improve an error message when an incorrect number of constructor param\u2026"}, "5": {"date": "2018-03-03", "open": false, "internal_id": 427, "title": "Miscellaneous Doc Fixes"}, "6": {"date": "2018-03-02", "open": false, "internal_id": 425, "title": "Arbitrage tutorial contract"}, "7": {"date": "2018-02-28", "open": false, "internal_id": 423, "title": "Move BaseContract to its own package"}, "8": {"date": "2018-02-28", "open": false, "internal_id": 422, "title": "Upgrade prettier"}, "9": {"date": "2018-02-27", "open": false, "internal_id": 421, "title": "Docs Refactor Prepping For Moving To Separate Package"}}, "num_issues_open": 27, "num_watchers": 426, "forked": 0, "num_commits": 5, "id": "0xProject/0x-monorepo", "issues": [{"date": "2018-03-03", "open": 1, "id": 0, "title": "Abi-Gen README.md is outdated"}, {"date": "2018-03-03", "open": 1, "id": 1, "title": "Upgrade TypeDoc Dep & Add Missing @0xproject/types To Docs"}, {"date": "2018-03-03", "open": 1, "id": 2, "title": "Move required typing from devDeps to deps"}, {"date": "2018-03-02", "open": 1, "id": 3, "title": "[WIP] Optimize storage use (Depends on PR#416)"}, {"date": "2018-03-01", "open": 1, "id": 4, "title": "[WIP] Sol-cover"}, {"date": "2018-03-02", "open": 0, "id": 5, "title": "Miscellaneous Doc Fixes"}, {"date": "2018-03-01", "open": 0, "id": 6, "title": "Arbitrage tutorial contract"}, {"date": "2018-02-28", "open": 0, "id": 7, "title": "Move BaseContract to its own package"}, {"date": "2018-02-27", "open": 0, "id": 8, "title": "Upgrade prettier"}, {"date": "2018-02-27", "open": 0, "id": 9, "title": "Docs Refactor Prepping For Moving To Separate Package"}], "num_prs_closed": 5}]