[{"num_contributors": 100, "num_stars": 28639, "readme_linecount": 83, "name": "bitcoin", "contributors": [{"num_lines_deleted": 10, "num_lines_added": 5, "author_name": "MarcoFalke", "num_lines_edited": 15, "num_commits": 2, "id": 0}, {"num_lines_deleted": 7, "num_lines_added": 7, "author_name": "laanwj", "num_lines_edited": 14, "num_commits": 1, "id": 1}, {"num_lines_deleted": 6, "num_lines_added": 1, "author_name": "ryanofsky", "num_lines_edited": 7, "num_commits": 1, "id": 2}, {"num_lines_deleted": 4, "num_lines_added": 4, "author_name": "rex4539", "num_lines_edited": 8, "num_commits": 1, "id": 3}], "num_branches": 10, "readme_exists": 1, "commits": [{"date": "2018-03-03", "num_lines_edited": 7, "num_lines_deleted": 6, "num_lines_added": 1, "id": 0}, {"date": "2018-03-03", "num_lines_edited": 8, "num_lines_deleted": 4, "num_lines_added": 4, "id": 1}, {"date": "2018-03-02", "num_lines_edited": 8, "num_lines_deleted": 4, "num_lines_added": 4, "id": 2}, {"date": "2018-03-02", "num_lines_edited": 7, "num_lines_deleted": 6, "num_lines_added": 1, "id": 3}, {"date": "2018-03-01", "num_lines_edited": 14, "num_lines_deleted": 7, "num_lines_added": 7, "id": 4}], "rank": "1", "num_prs_open": 5, "num_issues_closed": 5, "num_forks": 17002, "prs": {"0": {"date": "2018-03-03", "open": true, "internal_id": 12588, "title": "[Utils] Remove deprecated PyZMQ call from Python ZMQ example"}, "1": {"date": "2018-03-03", "open": true, "internal_id": 12587, "title": "Introduce g_wallet_manager, prepare for better dynamic wallet loading/unloading"}, "2": {"date": "2018-03-03", "open": true, "internal_id": 12586, "title": "docs: Update osx brew install instruction"}, "3": {"date": "2018-03-03", "open": true, "internal_id": 12585, "title": "[0.16] depends: Switch to downloading expat from GitHub"}, "4": {"date": "2018-03-03", "open": true, "internal_id": 12583, "title": "[WIP] Unit test sub-directories"}, "5": {"date": "2018-03-03", "open": false, "internal_id": 12589, "title": "Block doc patch 1"}, "6": {"date": "2018-03-03", "open": false, "internal_id": 12584, "title": "Fix typos and cleanup documentation"}, "7": {"date": "2018-03-03", "open": false, "internal_id": 12582, "title": "Fix ListCoins test failure due to unset g_wallet_allow_fallback_fee"}, "8": {"date": "2018-03-01", "open": false, "internal_id": 12570, "title": "Add test cases for HexStr (std::reverse_iterator and corner cases)"}, "9": {"date": "2018-02-28", "open": false, "internal_id": 12563, "title": "addr"}}, "num_issues_open": 905, "num_watchers": 28639, "forked": 0, "num_commits": 5, "id": "bitcoin/bitcoin", "issues": [{"date": "2018-03-03", "open": 1, "id": 0, "title": "./configure error: No working boost sleep implementation found "}, {"date": "2018-03-03", "open": 1, "id": 1, "title": "[Utils] Remove deprecated PyZMQ call from Python ZMQ example"}, {"date": "2018-03-03", "open": 1, "id": 2, "title": "Introduce g_wallet_manager, prepare for better dynamic wallet loading/unloading"}, {"date": "2018-03-03", "open": 1, "id": 3, "title": "docs: Update osx brew install instruction"}, {"date": "2018-03-03", "open": 1, "id": 4, "title": "[0.16] depends: Switch to downloading expat from GitHub"}, {"date": "2018-03-03", "open": 0, "id": 5, "title": "A question to the chain data"}, {"date": "2018-03-03", "open": 0, "id": 6, "title": "Block doc patch 1"}, {"date": "2018-03-02", "open": 0, "id": 7, "title": "Fix typos and cleanup documentation"}, {"date": "2018-03-02", "open": 0, "id": 8, "title": "Fix ListCoins test failure due to unset g_wallet_allow_fallback_fee"}, {"date": "2018-03-01", "open": 0, "id": 9, "title": "deprecation-warning and errors without getinfo"}], "num_prs_closed": 5},{"num_contributors": 100, "num_stars": 14741, "readme_linecount": 312, "name": "ethereum", "contributors": [{"num_lines_deleted": 1, "num_lines_added": 29, "author_name": "karalabe", "num_lines_edited": 30, "num_commits": 1, "id": 0}, {"num_lines_deleted": 8, "num_lines_added": 10, "author_name": "zsfelfoldi", "num_lines_edited": 18, "num_commits": 1, "id": 1}, {"num_lines_deleted": 14, "num_lines_added": 41, "author_name": "gluk256", "num_lines_edited": 55, "num_commits": 2, "id": 2}, {"num_lines_deleted": 4, "num_lines_added": 38, "author_name": "fjl", "num_lines_edited": 42, "num_commits": 1, "id": 3}], "num_branches": 23, "readme_exists": 1, "commits": [{"date": "2018-03-03", "num_lines_edited": 41, "num_lines_deleted": 0, "num_lines_added": 41, "id": 0}, {"date": "2018-03-02", "num_lines_edited": 14, "num_lines_deleted": 14, "num_lines_added": 0, "id": 1}, {"date": "2018-03-02", "num_lines_edited": 18, "num_lines_deleted": 8, "num_lines_added": 10, "id": 2}, {"date": "2018-03-02", "num_lines_edited": 30, "num_lines_deleted": 1, "num_lines_added": 29, "id": 3}, {"date": "2018-03-02", "num_lines_edited": 42, "num_lines_deleted": 4, "num_lines_added": 38, "id": 4}], "rank": "2", "num_prs_open": 5, "num_issues_closed": 5, "num_forks": 4489, "prs": {"0": {"date": "2018-03-03", "open": true, "internal_id": 16242, "title": "N"}, "1": {"date": "2018-03-03", "open": true, "internal_id": 16240, "title": "core: bugfix:should enqueue the invalids tx anyway"}, "2": {"date": "2018-03-03", "open": true, "internal_id": 16238, "title": "internal: fix downloader synchronising judgement"}, "3": {"date": "2018-03-02", "open": true, "internal_id": 16235, "title": "github: config for probot-stale bot"}, "4": {"date": "2018-03-02", "open": true, "internal_id": 16232, "title": "cmd, ethdb, vendor: print iostats"}, "5": {"date": "2018-03-03", "open": false, "internal_id": 16239, "title": "bugfix:should enqueue the invalids tx anyway"}, "6": {"date": "2018-03-02", "open": false, "internal_id": 16234, "title": "whisper: deleted unused function"}, "7": {"date": "2018-03-02", "open": false, "internal_id": 16233, "title": "light: new CHTs"}, "8": {"date": "2018-03-03", "open": false, "internal_id": 16231, "title": "whisper: filereader mode introduced to wnode"}, "9": {"date": "2018-03-02", "open": false, "internal_id": 16230, "title": "internal/debug: add support for mutex profiles"}}, "num_issues_open": 813, "num_watchers": 14741, "forked": 0, "num_commits": 5, "id": "ethereum/go-ethereum", "issues": [{"date": "2018-03-03", "open": 1, "id": 0, "title": "Geth 1.8.1 -syncmode light eats up all available system memory"}, {"date": "2018-03-03", "open": 1, "id": 1, "title": "N"}, {"date": "2018-03-03", "open": 1, "id": 2, "title": "core: bugfix:should enqueue the invalids tx anyway"}, {"date": "2018-03-03", "open": 1, "id": 3, "title": "internal: fix downloader synchronising judgement"}, {"date": "2018-03-02", "open": 1, "id": 4, "title": "full sync / archive node - never finishes synching"}, {"date": "2018-03-03", "open": 0, "id": 5, "title": " https://ethereum.stackexchange.com."}, {"date": "2018-03-03", "open": 0, "id": 6, "title": "bugfix:should enqueue the invalids tx anyway"}, {"date": "2018-03-02", "open": 0, "id": 7, "title": "Geth 1.8.1 (Light) Won't Connect to Peers"}, {"date": "2018-03-02", "open": 0, "id": 8, "title": "whisper: deleted unused function"}, {"date": "2018-03-02", "open": 0, "id": 9, "title": "light: new CHTs"}], "num_prs_closed": 5},{"num_contributors": 59, "num_stars": 2550, "readme_linecount": 97, "name": "ripple", "contributors": [{"num_lines_deleted": 3672, "num_lines_added": 680, "author_name": "mellery451", "num_lines_edited": 4352, "num_commits": 3, "id": 0}, {"num_lines_deleted": 390, "num_lines_added": 765, "author_name": "bachase", "num_lines_edited": 1155, "num_commits": 1, "id": 1}, {"num_lines_deleted": 63, "num_lines_added": 90, "author_name": "HowardHinnant", "num_lines_edited": 153, "num_commits": 1, "id": 2}], "num_branches": 4, "readme_exists": 1, "commits": [{"date": "2018-03-02", "num_lines_edited": 2, "num_lines_deleted": 1, "num_lines_added": 1, "id": 0}, {"date": "2018-03-02", "num_lines_edited": 4195, "num_lines_deleted": 3525, "num_lines_added": 670, "id": 1}, {"date": "2018-03-02", "num_lines_edited": 155, "num_lines_deleted": 146, "num_lines_added": 9, "id": 2}, {"date": "2018-03-01", "num_lines_edited": 153, "num_lines_deleted": 63, "num_lines_added": 90, "id": 3}, {"date": "2018-03-01", "num_lines_edited": 1155, "num_lines_deleted": 390, "num_lines_added": 765, "id": 4}], "rank": "3", "num_prs_open": 5, "num_issues_closed": 5, "num_forks": 724, "prs": {"0": {"date": "2018-03-03", "open": true, "internal_id": 2423, "title": "rename xxhash.c to xxhash.cpp"}, "1": {"date": "2018-03-03", "open": true, "internal_id": 2422, "title": "Remove unused variables"}, "2": {"date": "2018-03-03", "open": true, "internal_id": 2419, "title": "Clarify Escrow semantics (RIPD-1571):"}, "3": {"date": "2018-03-02", "open": true, "internal_id": 2415, "title": "Detect when a unit test child process crashes (RIPD-1592):"}, "4": {"date": "2018-03-03", "open": true, "internal_id": 2414, "title": "Remove outputDebugString, replace getComputerName"}, "5": {"date": "2018-03-03", "open": false, "internal_id": 2421, "title": "Proposed 1.0.0-b1"}, "6": {"date": "2018-03-03", "open": false, "internal_id": 2420, "title": "[IGNORE] Ci"}, "7": {"date": "2018-03-02", "open": false, "internal_id": 2418, "title": "Proposed 1.0.0-b1"}, "8": {"date": "2018-03-02", "open": false, "internal_id": 2412, "title": "Use lock when initializing peer shard RangeSet"}, "9": {"date": "2018-03-02", "open": false, "internal_id": 2409, "title": "Strip down Travis CI support toward future deprecation:"}}, "num_issues_open": 105, "num_watchers": 2550, "forked": 0, "num_commits": 5, "id": "ripple/rippled", "issues": [{"date": "2018-03-03", "open": 1, "id": 0, "title": "rename xxhash.c to xxhash.cpp"}, {"date": "2018-03-03", "open": 1, "id": 1, "title": "Remove unused variables"}, {"date": "2018-03-02", "open": 1, "id": 2, "title": "Clarify Escrow semantics (RIPD-1571):"}, {"date": "2018-03-02", "open": 1, "id": 3, "title": "Ripple should gracefully recover from an unsynced node"}, {"date": "2018-03-01", "open": 1, "id": 4, "title": "RocksDB in example config"}, {"date": "2018-03-02", "open": 0, "id": 5, "title": "Proposed 1.0.0-b1"}, {"date": "2018-03-02", "open": 0, "id": 6, "title": "[IGNORE] Ci"}, {"date": "2018-03-02", "open": 0, "id": 7, "title": "Proposed 1.0.0-b1"}, {"date": "2018-02-26", "open": 0, "id": 8, "title": "Use lock when initializing peer shard RangeSet"}, {"date": "2018-02-23", "open": 0, "id": 9, "title": "Strip down Travis CI support toward future deprecation:"}], "num_prs_closed": 5},{"num_contributors": 9, "num_stars": 106, "readme_linecount": 0, "name": "bitcoin-cash", "contributors": [{"num_lines_deleted": 2, "num_lines_added": 13, "author_name": "avl42", "num_lines_edited": 15, "num_commits": 1, "id": 0}, {"num_lines_deleted": 6, "num_lines_added": 5, "author_name": "dgenr8", "num_lines_edited": 11, "num_commits": 2, "id": 1}, {"num_lines_deleted": 5, "num_lines_added": 18, "author_name": "deadalnix", "num_lines_edited": 23, "num_commits": 2, "id": 2}], "num_branches": 5, "readme_exists": 0, "commits": [{"date": "2018-02-24", "num_lines_edited": 6, "num_lines_deleted": 3, "num_lines_added": 3, "id": 0}, {"date": "2018-02-01", "num_lines_edited": 5, "num_lines_deleted": 3, "num_lines_added": 2, "id": 1}, {"date": "2018-01-17", "num_lines_edited": 15, "num_lines_deleted": 2, "num_lines_added": 13, "id": 2}, {"date": "2017-12-05", "num_lines_edited": 13, "num_lines_deleted": 0, "num_lines_added": 13, "id": 3}, {"date": "2017-12-03", "num_lines_edited": 10, "num_lines_deleted": 5, "num_lines_added": 5, "id": 4}], "rank": "4", "num_prs_open": 1, "num_issues_closed": 5, "num_forks": 56, "prs": {"0": {"date": "2018-03-02", "open": true, "internal_id": 53, "title": "Add May 2018 hardfork specification"}, "1": {"date": "2018-02-24", "open": false, "internal_id": 56, "title": "Trivial spelling fixes"}, "2": {"date": "2018-02-26", "open": false, "internal_id": 54, "title": "Reenable op codes"}, "3": {"date": "2018-01-17", "open": false, "internal_id": 50, "title": "Add note about encoding addresses"}, "4": {"date": "2018-01-17", "open": false, "internal_id": 48, "title": "an attempt to clarify the spec."}, "5": {"date": "2018-02-02", "open": false, "internal_id": 44, "title": "Create global-messaging-protocol.md"}}, "num_issues_open": 3, "num_watchers": 106, "forked": 0, "num_commits": 5, "id": "bitcoincashorg/spec", "issues": [{"date": "2018-02-20", "open": 1, "id": 0, "title": "Could we have one or more examples on the BUIP-HF Digest document?"}, {"date": "2018-02-01", "open": 1, "id": 1, "title": "Add May 2018 hardfork specification"}, {"date": "2018-01-17", "open": 1, "id": 2, "title": "Suggestion: defining a standard prefix and type to use for private keys?"}, {"date": "2018-02-24", "open": 0, "id": 3, "title": "Trivial spelling fixes"}, {"date": "2018-02-20", "open": 0, "id": 4, "title": "Reenable op codes"}, {"date": "2018-01-24", "open": 0, "id": 5, "title": "It took me way too long to figure out how to write this function"}, {"date": "2018-01-18", "open": 0, "id": 6, "title": "Part of the specs is not very clear"}, {"date": "2018-01-17", "open": 0, "id": 7, "title": "Add note about encoding addresses"}], "num_prs_closed": 5},{"num_contributors": 100, "num_stars": 2887, "readme_linecount": 80, "name": "litecoin", "contributors": [{"num_lines_deleted": 306, "num_lines_added": 299, "author_name": "thrasher-", "num_lines_edited": 605, "num_commits": 4, "id": 0}, {"num_lines_deleted": 1, "num_lines_added": 1, "author_name": "NeMO84", "num_lines_edited": 2, "num_commits": 1, "id": 1}], "num_branches": 6, "readme_exists": 1, "commits": [{"date": "2018-02-27", "num_lines_edited": 384, "num_lines_deleted": 189, "num_lines_added": 195, "id": 0}, {"date": "2018-02-08", "num_lines_edited": 134, "num_lines_deleted": 99, "num_lines_added": 35, "id": 1}, {"date": "2018-02-08", "num_lines_edited": 52, "num_lines_deleted": 0, "num_lines_added": 52, "id": 2}, {"date": "2018-02-08", "num_lines_edited": 35, "num_lines_deleted": 18, "num_lines_added": 17, "id": 3}, {"date": "2018-02-03", "num_lines_edited": 2, "num_lines_deleted": 1, "num_lines_added": 1, "id": 4}], "rank": "5", "num_prs_open": 5, "num_issues_closed": 5, "num_forks": 1797, "prs": {"0": {"date": "2018-03-02", "open": true, "internal_id": 448, "title": "Corrected Markdown formatting"}, "1": {"date": "2018-02-13", "open": true, "internal_id": 437, "title": "Add a step for granting sudo privileges for the debian user"}, "2": {"date": "2018-02-13", "open": true, "internal_id": 392, "title": "RPC: Improve how optional indices are managed"}, "3": {"date": "2018-02-16", "open": true, "internal_id": 313, "title": "Added support for MSG_FILTERED_WITNESS_BLOCK messages."}, "4": {"date": "2018-02-13", "open": true, "internal_id": 298, "title": "Update and rename bitcoind.service to litecoind.service"}, "5": {"date": "2018-02-27", "open": false, "internal_id": 445, "title": "Minor changes for 0.15"}, "6": {"date": "2018-02-20", "open": false, "internal_id": 444, "title": "fee reduction: reduce dust, fallback, and default tx min fee configs"}, "7": {"date": "2018-02-02", "open": false, "internal_id": 435, "title": "khmerriel"}, "8": {"date": "2018-02-03", "open": false, "internal_id": 434, "title": "Fix incorrect comment relating to STALE_CHECK_INTERVAL"}, "9": {"date": "2018-01-30", "open": false, "internal_id": 430, "title": "Docs - Latest windows build instructions"}}, "num_issues_open": 22, "num_watchers": 2887, "forked": 1, "num_commits": 5, "id": "litecoin-project/litecoin", "issues": [{"date": "2018-03-03", "open": 1, "id": 0, "title": "v0.15.1 - p2pool"}, {"date": "2018-03-02", "open": 1, "id": 1, "title": "Corrected Markdown formatting"}, {"date": "2018-02-20", "open": 1, "id": 2, "title": "Error running make on Ubuntu 12.04"}, {"date": "2018-02-15", "open": 1, "id": 3, "title": "function verifymessage not working for address Start with \"M\""}, {"date": "2018-02-14", "open": 1, "id": 4, "title": "MinGW Runtime Assertion Failed when changing passphrase on wallet"}, {"date": "2018-02-24", "open": 0, "id": 5, "title": "Invalid \u201c-onion\u201d-address"}, {"date": "2018-02-19", "open": 0, "id": 6, "title": "Minor changes for 0.15"}, {"date": "2018-02-19", "open": 0, "id": 7, "title": "fee reduction: reduce dust, fallback, and default tx min fee configs"}, {"date": "2018-02-16", "open": 0, "id": 8, "title": "Receiving Address missing after transaction"}, {"date": "2018-02-13", "open": 0, "id": 9, "title": "Problem with installing wallet"}], "num_prs_closed": 5},{"num_contributors": 19, "num_stars": 2072, "readme_linecount": 73, "name": "neo", "contributors": [{"num_lines_deleted": 31, "num_lines_added": 58, "author_name": "shargon", "num_lines_edited": 89, "num_commits": 1, "id": 0}, {"num_lines_deleted": 417, "num_lines_added": 1126, "author_name": "erikzhang", "num_lines_edited": 1543, "num_commits": 2, "id": 1}, {"num_lines_deleted": 0, "num_lines_added": 13, "author_name": "RavenXce", "num_lines_edited": 13, "num_commits": 1, "id": 2}, {"num_lines_deleted": 10, "num_lines_added": 6, "author_name": "belane", "num_lines_edited": 16, "num_commits": 1, "id": 3}], "num_branches": 3, "readme_exists": 1, "commits": [{"date": "2018-02-11", "num_lines_edited": 89, "num_lines_deleted": 31, "num_lines_added": 58, "id": 0}, {"date": "2018-02-08", "num_lines_edited": 13, "num_lines_deleted": 0, "num_lines_added": 13, "id": 1}, {"date": "2018-01-31", "num_lines_edited": 258, "num_lines_deleted": 26, "num_lines_added": 232, "id": 2}, {"date": "2018-01-25", "num_lines_edited": 16, "num_lines_deleted": 10, "num_lines_added": 6, "id": 3}, {"date": "2018-01-15", "num_lines_edited": 1285, "num_lines_deleted": 391, "num_lines_added": 894, "id": 4}], "rank": "6", "num_prs_open": 5, "num_issues_closed": 5, "num_forks": 627, "prs": {"0": {"date": "2018-03-02", "open": true, "internal_id": 177, "title": "Update ConsensusService.cs"}, "1": {"date": "2018-02-13", "open": true, "internal_id": 174, "title": "Plugin System"}, "2": {"date": "2018-02-27", "open": true, "internal_id": 172, "title": "Implement NEP-7"}, "3": {"date": "2018-01-26", "open": true, "internal_id": 157, "title": "Update TcpRemoteNode.cs"}, "4": {"date": "2018-01-18", "open": true, "internal_id": 151, "title": "Update ContractTransaction.cs"}, "5": {"date": "2018-02-08", "open": false, "internal_id": 171, "title": "Update ContractParameter.cs"}, "6": {"date": "2018-02-17", "open": false, "internal_id": 170, "title": "Add TransactionInvocation.GetScript to StateReader"}, "7": {"date": "2018-02-11", "open": false, "internal_id": 169, "title": "Check errors on WalletIndexer"}, "8": {"date": "2018-02-05", "open": false, "internal_id": 163, "title": "add `Neo.Runtime.Serialize` and `Neo.Runtime.Deserialize`"}, "9": {"date": "2018-02-05", "open": false, "internal_id": 162, "title": "add \"getaccountlist\" RPC call"}}, "num_issues_open": 28, "num_watchers": 2072, "forked": 0, "num_commits": 5, "id": "neo-project/neo", "issues": [{"date": "2018-03-02", "open": 1, "id": 0, "title": "Need help. "}, {"date": "2018-02-27", "open": 1, "id": 1, "title": "Funds getting transferred to another wallet automatically"}, {"date": "2018-02-23", "open": 1, "id": 2, "title": "Update ConsensusService.cs"}, {"date": "2018-02-17", "open": 1, "id": 3, "title": "Smart contracts in F# tutorials"}, {"date": "2018-02-12", "open": 1, "id": 4, "title": "Plugin System"}, {"date": "2018-02-22", "open": 0, "id": 5, "title": "neo airdrop"}, {"date": "2018-02-12", "open": 0, "id": 6, "title": "JSON-RPC NEP-5 invokefunction calls returning incorrect results"}, {"date": "2018-02-08", "open": 0, "id": 7, "title": "Update ContractParameter.cs"}, {"date": "2018-02-07", "open": 0, "id": 8, "title": "Add TransactionInvocation.GetScript to StateReader"}, {"date": "2018-02-06", "open": 0, "id": 9, "title": "Check errors on WalletIndexer"}], "num_prs_closed": 5},{"num_contributors": 59, "num_stars": 2145, "readme_linecount": 1, "name": "cardano", "contributors": [{"num_lines_deleted": 10, "num_lines_added": 12, "author_name": "int-index", "num_lines_edited": 22, "num_commits": 2, "id": 0}, {"num_lines_deleted": 5, "num_lines_added": 5, "author_name": "Martoon-00", "num_lines_edited": 10, "num_commits": 1, "id": 1}, {"num_lines_deleted": 21, "num_lines_added": 23, "author_name": "adinapoli-iohk", "num_lines_edited": 44, "num_commits": 2, "id": 2}], "num_branches": 208, "readme_exists": 1, "commits": [{"date": "2018-03-02", "num_lines_edited": 34, "num_lines_deleted": 16, "num_lines_added": 18, "id": 0}, {"date": "2018-03-02", "num_lines_edited": 10, "num_lines_deleted": 5, "num_lines_added": 5, "id": 1}, {"date": "2018-03-02", "num_lines_edited": 11, "num_lines_deleted": 5, "num_lines_added": 6, "id": 2}, {"date": "2018-03-02", "num_lines_edited": 10, "num_lines_deleted": 5, "num_lines_added": 5, "id": 3}, {"date": "2018-03-02", "num_lines_edited": 11, "num_lines_deleted": 5, "num_lines_added": 6, "id": 4}], "rank": "7", "num_prs_open": 5, "num_issues_closed": 5, "num_forks": 304, "prs": {"0": {"date": "2018-03-03", "open": true, "internal_id": 2611, "title": "[CSL-1602] Improve update downloading logic"}, "1": {"date": "2018-03-02", "open": true, "internal_id": 2610, "title": "Command name resolution pass in auxx"}, "2": {"date": "2018-03-02", "open": true, "internal_id": 2605, "title": "lib: Remove unused MissingKademliaParams type"}, "3": {"date": "2018-03-02", "open": true, "internal_id": 2604, "title": "Improve README files"}, "4": {"date": "2018-03-03", "open": true, "internal_id": 2602, "title": "[CSL-2165] Add timestamp to output of `GET api/v1/transactions` endpoint"}, "5": {"date": "2018-03-02", "open": false, "internal_id": 2609, "title": "[CSL-2344] Rename `cardano-node-new` executable to `cardano-new`"}, "6": {"date": "2018-03-02", "open": false, "internal_id": 2608, "title": "[DO NOT MERGE] [CSL-2344] Fix broken appveyor build"}, "7": {"date": "2018-03-02", "open": false, "internal_id": 2607, "title": "[DEVOPS-679] appveyor account/secrets change (#2595)"}, "8": {"date": "2018-03-02", "open": false, "internal_id": 2606, "title": "Simplify WithCommandAction in auxx"}, "9": {"date": "2018-03-01", "open": false, "internal_id": 2596, "title": "Release: [DEVOPS-679] appveyor account/secrets change "}}, "num_issues_open": 145, "num_watchers": 2145, "forked": 0, "num_commits": 5, "id": "input-output-hk/cardano-sl", "issues": [{"date": "2018-03-03", "open": 1, "id": 0, "title": "[CSL-1602] Improve update downloading logic"}, {"date": "2018-03-02", "open": 1, "id": 1, "title": "Command name resolution pass in auxx"}, {"date": "2018-03-02", "open": 1, "id": 2, "title": "lib: Remove unused MissingKademliaParams type"}, {"date": "2018-03-02", "open": 1, "id": 3, "title": "Improve README files"}, {"date": "2018-03-01", "open": 1, "id": 4, "title": "iittle typo in wallet/src/Pos/Util/Mnemonics.hs"}, {"date": "2018-03-02", "open": 0, "id": 5, "title": "[CSL-2344] Rename `cardano-node-new` executable to `cardano-new`"}, {"date": "2018-03-02", "open": 0, "id": 6, "title": "[DO NOT MERGE] [CSL-2344] Fix broken appveyor build"}, {"date": "2018-03-02", "open": 0, "id": 7, "title": "[DEVOPS-679] appveyor account/secrets change (#2595)"}, {"date": "2018-03-02", "open": 0, "id": 8, "title": "Simplify WithCommandAction in auxx"}, {"date": "2018-02-28", "open": 0, "id": 9, "title": "Release: [DEVOPS-679] appveyor account/secrets change "}], "num_prs_closed": 5},{"num_contributors": 43, "num_stars": 1337, "readme_linecount": 92, "name": "stellar", "contributors": [{"num_lines_deleted": 80, "num_lines_added": 82, "author_name": "evanlimanto", "num_lines_edited": 162, "num_commits": 1, "id": 0}, {"num_lines_deleted": 100, "num_lines_added": 286, "author_name": "latobarita", "num_lines_edited": 386, "num_commits": 3, "id": 1}, {"num_lines_deleted": 15, "num_lines_added": 69, "author_name": "MonsieurNicolas", "num_lines_edited": 84, "num_commits": 1, "id": 2}], "num_branches": 8, "readme_exists": 1, "commits": [{"date": "2018-03-01", "num_lines_edited": 84, "num_lines_deleted": 15, "num_lines_added": 69, "id": 0}, {"date": "2018-03-01", "num_lines_edited": 84, "num_lines_deleted": 15, "num_lines_added": 69, "id": 1}, {"date": "2018-02-28", "num_lines_edited": 140, "num_lines_deleted": 5, "num_lines_added": 135, "id": 2}, {"date": "2018-02-27", "num_lines_edited": 162, "num_lines_deleted": 80, "num_lines_added": 82, "id": 3}, {"date": "2018-02-27", "num_lines_edited": 162, "num_lines_deleted": 80, "num_lines_added": 82, "id": 4}], "rank": "8", "num_prs_open": 5, "num_issues_closed": 5, "num_forks": 339, "prs": {"0": {"date": "2018-03-03", "open": true, "internal_id": 1579, "title": "Remove linux compilation warnings"}, "1": {"date": "2018-03-03", "open": true, "internal_id": 1578, "title": "Move project version into standalone cpp file"}, "2": {"date": "2018-03-01", "open": true, "internal_id": 1573, "title": "Nitpicking at the usage printout"}, "3": {"date": "2018-03-02", "open": true, "internal_id": 1572, "title": "reorganized admin guide"}, "4": {"date": "2018-02-27", "open": true, "internal_id": 1570, "title": "Delay publish by one ledger"}, "5": {"date": "2018-03-01", "open": false, "internal_id": 1576, "title": "improve query used to delete old entries during maintenance"}, "6": {"date": "2018-02-28", "open": false, "internal_id": 1571, "title": "Update asio library to use std::atomic_thread_fence, when available"}, "7": {"date": "2018-02-26", "open": false, "internal_id": 1567, "title": "Windows compile fix"}, "8": {"date": "2018-02-26", "open": false, "internal_id": 1564, "title": "Small README fix for DB-schemas -- peer rank not used"}, "9": {"date": "2018-02-26", "open": false, "internal_id": 1562, "title": " increase overlay version to 6"}}, "num_issues_open": 139, "num_watchers": 1337, "forked": 0, "num_commits": 5, "id": "stellar/stellar-core", "issues": [{"date": "2018-03-03", "open": 1, "id": 0, "title": "remove generated files from build"}, {"date": "2018-03-02", "open": 1, "id": 1, "title": "Remove linux compilation warnings"}, {"date": "2018-03-02", "open": 1, "id": 2, "title": "Move project version into standalone cpp file"}, {"date": "2018-03-01", "open": 1, "id": 3, "title": "spawn process failure not handled properly in history work"}, {"date": "2018-03-01", "open": 1, "id": 4, "title": "Nitpicking at the usage printout"}, {"date": "2018-03-01", "open": 0, "id": 5, "title": "improve query used to delete old entries during maintenance"}, {"date": "2018-03-01", "open": 0, "id": 6, "title": "periodic maintenance is slow"}, {"date": "2018-03-01", "open": 0, "id": 7, "title": "Trustline allocate to new users/members for asset"}, {"date": "2018-02-28", "open": 0, "id": 8, "title": "Update asio library to use std::atomic_thread_fence, when available"}, {"date": "2018-02-26", "open": 0, "id": 9, "title": "Windows compile fix"}], "num_prs_closed": 5},{"num_contributors": 100, "num_stars": 2591, "readme_linecount": 587, "name": "monero", "contributors": [{"num_lines_deleted": 33, "num_lines_added": 44, "author_name": "fluffypony", "num_lines_edited": 77, "num_commits": 5, "id": 0}], "num_branches": 2, "readme_exists": 1, "commits": [{"date": "2018-02-20", "num_lines_edited": 45, "num_lines_deleted": 17, "num_lines_added": 28, "id": 0}, {"date": "2018-02-20", "num_lines_edited": 4, "num_lines_deleted": 2, "num_lines_added": 2, "id": 1}, {"date": "2018-02-20", "num_lines_edited": 24, "num_lines_deleted": 12, "num_lines_added": 12, "id": 2}, {"date": "2018-02-20", "num_lines_edited": 2, "num_lines_deleted": 1, "num_lines_added": 1, "id": 3}, {"date": "2018-02-20", "num_lines_edited": 2, "num_lines_deleted": 1, "num_lines_added": 1, "id": 4}], "rank": "9", "num_prs_open": 5, "num_issues_closed": 5, "num_forks": 1176, "prs": {"0": {"date": "2018-03-03", "open": true, "internal_id": 3340, "title": "db_lmdb: warn about slowness when running off a spinning disk"}, "1": {"date": "2018-03-03", "open": true, "internal_id": 3339, "title": "add (and use where appropriate) a file wipe function"}, "2": {"date": "2018-03-03", "open": true, "internal_id": 3338, "title": "core: fix sending to the source address with a short payment id"}, "3": {"date": "2018-03-01", "open": true, "internal_id": 3337, "title": "Subaddress indexing guards"}, "4": {"date": "2018-03-02", "open": true, "internal_id": 3336, "title": "Fix typos in readable messages across various files"}, "5": {"date": "2018-03-01", "open": false, "internal_id": 3335, "title": "Fix typos in readable messages"}, "6": {"date": "2018-03-01", "open": false, "internal_id": 3334, "title": "Fix typo"}, "7": {"date": "2018-03-01", "open": false, "internal_id": 3333, "title": "Fix typos in readable messages"}, "8": {"date": "2018-03-01", "open": false, "internal_id": 3331, "title": "Fix typos in readable messages"}, "9": {"date": "2018-03-01", "open": false, "internal_id": 3329, "title": "Fix typo in readable message"}}, "num_issues_open": 206, "num_watchers": 2591, "forked": 0, "num_commits": 5, "id": "monero-project/monero", "issues": [{"date": "2018-03-03", "open": 1, "id": 0, "title": "db_lmdb: warn about slowness when running off a spinning disk"}, {"date": "2018-03-03", "open": 1, "id": 1, "title": "add (and use where appropriate) a file wipe function"}, {"date": "2018-03-02", "open": 1, "id": 2, "title": "core: fix sending to the source address with a short payment id"}, {"date": "2018-03-01", "open": 1, "id": 3, "title": "Subaddress indexing guards"}, {"date": "2018-03-01", "open": 1, "id": 4, "title": "Fix typos in readable messages across various files"}, {"date": "2018-03-01", "open": 0, "id": 5, "title": "Fix typos in readable messages"}, {"date": "2018-03-01", "open": 0, "id": 6, "title": "Fix typo"}, {"date": "2018-03-01", "open": 0, "id": 7, "title": "Fix typos in readable messages"}, {"date": "2018-03-01", "open": 0, "id": 8, "title": "Fix typos in readable messages"}, {"date": "2018-02-28", "open": 0, "id": 9, "title": "Fix typo in readable message"}], "num_prs_closed": 5},{"num_contributors": 73, "num_stars": 4941, "readme_linecount": 863, "name": "eos", "contributors": [{"num_lines_deleted": 1690, "num_lines_added": 2937, "author_name": "bytemaster", "num_lines_edited": 4627, "num_commits": 3, "id": 0}, {"num_lines_deleted": 878, "num_lines_added": 1290, "author_name": "arhag", "num_lines_edited": 2168, "num_commits": 2, "id": 1}], "num_branches": 66, "readme_exists": 1, "commits": [{"date": "2018-03-02", "num_lines_edited": 649, "num_lines_deleted": 382, "num_lines_added": 267, "id": 0}, {"date": "2018-03-02", "num_lines_edited": 649, "num_lines_deleted": 382, "num_lines_added": 267, "id": 1}, {"date": "2018-03-02", "num_lines_edited": 3329, "num_lines_deleted": 926, "num_lines_added": 2403, "id": 2}, {"date": "2018-03-02", "num_lines_edited": 2147, "num_lines_deleted": 876, "num_lines_added": 1271, "id": 3}, {"date": "2018-03-02", "num_lines_edited": 21, "num_lines_deleted": 2, "num_lines_added": 19, "id": 4}], "rank": "10", "num_prs_open": 5, "num_issues_closed": 5, "num_forks": 1008, "prs": {"0": {"date": "2018-03-03", "open": true, "internal_id": 1531, "title": "API: get_block ref_block_prefix needs to return uint32 (not a unit64)\u2026"}, "1": {"date": "2018-03-02", "open": true, "internal_id": 1528, "title": "Minor fix to exchange contract"}, "2": {"date": "2018-03-02", "open": true, "internal_id": 1526, "title": "Fix tests"}, "3": {"date": "2018-03-02", "open": true, "internal_id": 1521, "title": "Add support for mongo-cxx-driver stable release 3.2"}, "4": {"date": "2018-03-02", "open": true, "internal_id": 1520, "title": "Addition of Centos & Updated Readme"}, "5": {"date": "2018-03-02", "open": false, "internal_id": 1527, "title": "Update exchange.hpp"}, "6": {"date": "2018-03-02", "open": false, "internal_id": 1524, "title": "update exchange, implement find for secondary index"}, "7": {"date": "2018-03-02", "open": false, "internal_id": 1523, "title": "fix send_action_large in api_tests/transaction_tests"}, "8": {"date": "2018-03-02", "open": false, "internal_id": 1522, "title": "Updated multi_index and new C DB API"}, "9": {"date": "2018-03-02", "open": false, "internal_id": 1517, "title": "DAWN-513 - Improve eosioc error message for 404 unknown endpoint"}}, "num_issues_open": 278, "num_watchers": 4941, "forked": 0, "num_commits": 5, "id": "EOSIO/eos", "issues": [{"date": "2018-03-03", "open": 1, "id": 0, "title": "API: get_block ref_block_prefix needs to return uint32 (not a unit64)\u2026"}, {"date": "2018-03-03", "open": 1, "id": 1, "title": "README.md - make install"}, {"date": "2018-03-03", "open": 1, "id": 2, "title": "Error compiling contract in current master (MacOS) "}, {"date": "2018-03-02", "open": 1, "id": 3, "title": "Minor fix to exchange contract"}, {"date": "2018-03-02", "open": 1, "id": 4, "title": "Fix tests"}, {"date": "2018-03-02", "open": 0, "id": 5, "title": "Update exchange.hpp"}, {"date": "2018-03-02", "open": 0, "id": 6, "title": "update exchange, implement find for secondary index"}, {"date": "2018-03-02", "open": 0, "id": 7, "title": "fix send_action_large in api_tests/transaction_tests"}, {"date": "2018-03-02", "open": 0, "id": 8, "title": "Updated multi_index and new C DB API"}, {"date": "2018-03-02", "open": 0, "id": 9, "title": "DAWN-513 - Improve eosioc error message for 404 unknown endpoint"}], "num_prs_closed": 5}]