[{"num_contributors": 100, "num_stars": 52, "readme_linecount": 74, "name": "syscoin", "contributors": [{"num_lines_deleted": 6, "num_lines_added": 14, "author_name": "sidhujag", "num_lines_edited": 20, "num_commits": 5, "id": 0}], "num_branches": 7, "readme_exists": 1, "commits": [{"date": "2018-02-01", "num_lines_edited": 2, "num_lines_deleted": 1, "num_lines_added": 1, "id": 0}, {"date": "2018-02-01", "num_lines_edited": 3, "num_lines_deleted": 0, "num_lines_added": 3, "id": 1}, {"date": "2018-02-01", "num_lines_edited": 4, "num_lines_deleted": 3, "num_lines_added": 1, "id": 2}, {"date": "2018-02-01", "num_lines_edited": 4, "num_lines_deleted": 2, "num_lines_added": 2, "id": 3}, {"date": "2018-02-01", "num_lines_edited": 7, "num_lines_deleted": 0, "num_lines_added": 7, "id": 4}], "rank": "51", "num_prs_open": 0, "num_issues_closed": 5, "num_forks": 14, "prs": {"0": {"date": "2018-01-24", "open": false, "internal_id": 165, "title": "Assets"}, "1": {"date": "2018-01-24", "open": false, "internal_id": 164, "title": "Dev 2.2"}, "2": {"date": "2017-12-01", "open": false, "internal_id": 158, "title": "Dev 2.2 seniority"}, "3": {"date": "2017-11-27", "open": false, "internal_id": 157, "title": "Dev 2.2 txindexfix"}, "4": {"date": "2017-11-01", "open": false, "internal_id": 155, "title": "Dev 2.1.6"}}, "num_issues_open": 65, "num_watchers": 52, "forked": 1, "num_commits": 5, "id": "syscoin/syscoin2", "issues": [{"date": "2018-02-06", "open": 1, "id": 0, "title": "TESTNET 5, OSX 10.12.6 Crashing"}, {"date": "2017-12-21", "open": 1, "id": 1, "title": "Linux builds?"}, {"date": "2017-12-09", "open": 1, "id": 2, "title": "can not start masternode in TOR network - \"Inavali IP address\" "}, {"date": "2017-12-07", "open": 1, "id": 3, "title": "Runtime error triggered upon right-clicking empty transaction pane"}, {"date": "2017-11-18", "open": 1, "id": 4, "title": "Send to address error messaging should differentiate between regular SYS address and alias"}, {"date": "2018-01-24", "open": 0, "id": 5, "title": "Assets"}, {"date": "2018-01-24", "open": 0, "id": 6, "title": "Dev 2.2"}, {"date": "2017-12-20", "open": 0, "id": 7, "title": "alias payment received"}, {"date": "2017-12-09", "open": 0, "id": 8, "title": "can not start masternode in TOR networck - "}, {"date": "2017-11-30", "open": 0, "id": 9, "title": "Dev 2.2 seniority"}], "num_prs_closed": 5},{"num_contributors": 15, "num_stars": 419, "readme_linecount": 474, "name": "bytom", "contributors": [{"num_lines_deleted": 1, "num_lines_added": 246, "author_name": "liuchengxu", "num_lines_edited": 247, "num_commits": 1, "id": 0}, {"num_lines_deleted": 16, "num_lines_added": 12, "author_name": "Paladz", "num_lines_edited": 28, "num_commits": 3, "id": 1}, {"num_lines_deleted": 124, "num_lines_added": 337, "author_name": "gguoss", "num_lines_edited": 461, "num_commits": 1, "id": 2}], "num_branches": 15, "readme_exists": 1, "commits": [{"date": "2018-02-09", "num_lines_edited": 461, "num_lines_deleted": 124, "num_lines_added": 337, "id": 0}, {"date": "2018-02-08", "num_lines_edited": 3, "num_lines_deleted": 0, "num_lines_added": 3, "id": 1}, {"date": "2018-02-08", "num_lines_edited": 17, "num_lines_deleted": 14, "num_lines_added": 3, "id": 2}, {"date": "2018-02-08", "num_lines_edited": 8, "num_lines_deleted": 2, "num_lines_added": 6, "id": 3}, {"date": "2018-02-08", "num_lines_edited": 247, "num_lines_deleted": 1, "num_lines_added": 246, "id": 4}], "rank": "54", "num_prs_open": 4, "num_issues_closed": 5, "num_forks": 120, "prs": {"0": {"date": "2018-03-03", "open": true, "internal_id": 394, "title": "init version of charge tx size gas"}, "1": {"date": "2018-03-01", "open": true, "internal_id": 392, "title": "Modify the ivy compiler to be compatible with bytom"}, "2": {"date": "2018-03-03", "open": true, "internal_id": 390, "title": "Dev mining"}, "3": {"date": "2018-02-27", "open": true, "internal_id": 388, "title": "Change interface(submitWork)'s return bool"}, "4": {"date": "2018-03-01", "open": false, "internal_id": 391, "title": "Ivy reference"}, "5": {"date": "2018-03-01", "open": false, "internal_id": 389, "title": "init version of edit block header"}, "6": {"date": "2018-03-01", "open": false, "internal_id": 387, "title": "Automize the compilation of cross platform binary application"}, "7": {"date": "2018-02-27", "open": false, "internal_id": 386, "title": "p2sh use RawWitnessKeys"}, "8": {"date": "2018-02-27", "open": false, "internal_id": 385, "title": "Skip p2p tests"}}, "num_issues_open": 34, "num_watchers": 419, "forked": 0, "num_commits": 5, "id": "Bytom/bytom", "issues": [{"date": "2018-03-03", "open": 1, "id": 0, "title": "\u6267\u884cbytomd\u51fa\u73b0\u5f02\u5e38"}, {"date": "2018-03-03", "open": 1, "id": 1, "title": "init version of charge tx size gas"}, {"date": "2018-03-03", "open": 1, "id": 2, "title": "\u5757\u540c\u6b65\u903b\u8f91\u95ee\u9898"}, {"date": "2018-03-01", "open": 1, "id": 3, "title": "Modify the ivy compiler to be compatible with bytom"}, {"date": "2018-03-01", "open": 1, "id": 4, "title": "Dev mining"}, {"date": "2018-03-01", "open": 0, "id": 5, "title": "Ivy reference"}, {"date": "2018-02-28", "open": 0, "id": 6, "title": "init version of edit block header"}, {"date": "2018-02-27", "open": 0, "id": 7, "title": "Automize the compilation of cross platform binary application"}, {"date": "2018-02-26", "open": 0, "id": 8, "title": "p2sh use RawWitnessKeys"}, {"date": "2018-02-26", "open": 0, "id": 9, "title": "Skip p2p tests"}], "num_prs_closed": 5},{"num_contributors": 1, "num_stars": 9, "readme_linecount": 33, "name": "cryptonex", "contributors": [{"num_lines_deleted": 2, "num_lines_added": 316632, "author_name": "Cryptonex", "num_lines_edited": 316634, "num_commits": 3, "id": 0}], "num_branches": 1, "readme_exists": 1, "commits": [{"date": "2017-08-23", "num_lines_edited": 2, "num_lines_deleted": 1, "num_lines_added": 1, "id": 0}, {"date": "2017-08-12", "num_lines_edited": 316631, "num_lines_deleted": 1, "num_lines_added": 316630, "id": 1}, {"date": "2017-08-12", "num_lines_edited": 1, "num_lines_deleted": 0, "num_lines_added": 1, "id": 2}], "rank": "55", "num_prs_open": 0, "num_issues_closed": 0, "num_forks": 2, "prs": {}, "num_issues_open": 0, "num_watchers": 9, "forked": 0, "num_commits": 3, "id": "Cryptonex/source", "issues": [], "num_prs_closed": 0},{"num_contributors": 30, "num_stars": 2262, "readme_linecount": 76, "name": "golem-network-tokens", "contributors": [{"num_lines_deleted": 3, "num_lines_added": 3, "author_name": "Krigpl", "num_lines_edited": 6, "num_commits": 1, "id": 0}, {"num_lines_deleted": 516, "num_lines_added": 1034, "author_name": "mfranciszkiewicz", "num_lines_edited": 1550, "num_commits": 4, "id": 1}], "num_branches": 121, "readme_exists": 1, "commits": [{"date": "2018-03-02", "num_lines_edited": 3, "num_lines_deleted": 1, "num_lines_added": 2, "id": 0}, {"date": "2018-03-02", "num_lines_edited": 75, "num_lines_deleted": 5, "num_lines_added": 70, "id": 1}, {"date": "2018-03-02", "num_lines_edited": 1469, "num_lines_deleted": 509, "num_lines_added": 960, "id": 2}, {"date": "2018-03-02", "num_lines_edited": 3, "num_lines_deleted": 1, "num_lines_added": 2, "id": 3}, {"date": "2018-03-02", "num_lines_edited": 6, "num_lines_deleted": 3, "num_lines_added": 3, "id": 4}], "rank": "56", "num_prs_open": 5, "num_issues_closed": 5, "num_forks": 228, "prs": {"0": {"date": "2018-03-02", "open": true, "internal_id": 2284, "title": "Add subtask status verifying"}, "1": {"date": "2018-03-02", "open": true, "internal_id": 2283, "title": "RPC Password system changed and develop merged into"}, "2": {"date": "2018-03-02", "open": true, "internal_id": 2282, "title": "Small clean up in Eth transaction system"}, "3": {"date": "2018-03-02", "open": true, "internal_id": 2281, "title": "support for ^C (SIGINT) @ key generation"}, "4": {"date": "2018-03-02", "open": true, "internal_id": 2275, "title": "React to force report computed task"}, "5": {"date": "2018-03-02", "open": false, "internal_id": 2280, "title": "Convert super_node_info to dict"}, "6": {"date": "2018-03-02", "open": false, "internal_id": 2279, "title": "Revert \"Change super node info to dict\""}, "7": {"date": "2018-03-02", "open": false, "internal_id": 2278, "title": "Travis CI: run `brew upgrade python` to upgrade to 3.6.x"}, "8": {"date": "2018-03-02", "open": false, "internal_id": 2277, "title": "SCI upgrade"}, "9": {"date": "2018-03-02", "open": false, "internal_id": 2276, "title": "Change super node info to dict"}}, "num_issues_open": 258, "num_watchers": 2262, "forked": 0, "num_commits": 5, "id": "golemfactory/golem", "issues": [{"date": "2018-03-02", "open": 1, "id": 0, "title": "multiple restart of a task"}, {"date": "2018-03-02", "open": 1, "id": 1, "title": "Add subtask status verifying"}, {"date": "2018-03-02", "open": 1, "id": 2, "title": "RPC Password system changed and develop merged into"}, {"date": "2018-03-02", "open": 1, "id": 3, "title": "Small clean up in Eth transaction system"}, {"date": "2018-03-02", "open": 1, "id": 4, "title": "support for ^C (SIGINT) @ key generation"}, {"date": "2018-03-02", "open": 0, "id": 5, "title": "Convert super_node_info to dict"}, {"date": "2018-03-02", "open": 0, "id": 6, "title": "Revert \"Change super node info to dict\""}, {"date": "2018-03-02", "open": 0, "id": 7, "title": "Travis CI: run `brew upgrade python` to upgrade to 3.6.x"}, {"date": "2018-03-02", "open": 0, "id": 8, "title": "SCI upgrade"}, {"date": "2018-03-01", "open": 0, "id": 9, "title": "Change super node info to dict"}], "num_prs_closed": 5},{"num_contributors": 11, "num_stars": 537, "readme_linecount": 245, "name": "dragonchain", "contributors": [{"num_lines_deleted": 4, "num_lines_added": 51, "author_name": "roberte3", "num_lines_edited": 55, "num_commits": 2, "id": 0}, {"num_lines_deleted": 4, "num_lines_added": 12, "author_name": "Voxelot", "num_lines_edited": 16, "num_commits": 3, "id": 1}], "num_branches": 13, "readme_exists": 1, "commits": [{"date": "2017-11-22", "num_lines_edited": 2, "num_lines_deleted": 1, "num_lines_added": 1, "id": 0}, {"date": "2017-11-22", "num_lines_edited": 50, "num_lines_deleted": 1, "num_lines_added": 49, "id": 1}, {"date": "2017-11-22", "num_lines_edited": 5, "num_lines_deleted": 3, "num_lines_added": 2, "id": 2}, {"date": "2017-08-09", "num_lines_edited": 2, "num_lines_deleted": 1, "num_lines_added": 1, "id": 3}, {"date": "2017-08-09", "num_lines_edited": 12, "num_lines_deleted": 2, "num_lines_added": 10, "id": 4}], "rank": "58", "num_prs_open": 5, "num_issues_closed": 5, "num_forks": 126, "prs": {"0": {"date": "2018-02-03", "open": true, "internal_id": 160, "title": "Subsciption Data Feed "}, "1": {"date": "2018-01-29", "open": true, "internal_id": 159, "title": "Code styling"}, "2": {"date": "2018-01-03", "open": true, "internal_id": 157, "title": "Resolved: Invalid function close_connection_pool"}, "3": {"date": "2018-01-03", "open": true, "internal_id": 156, "title": "Update Psycopg2 to version 2.7"}, "4": {"date": "2018-01-03", "open": true, "internal_id": 155, "title": "Pylinted db/postgres"}, "5": {"date": "2017-11-22", "open": false, "internal_id": 151, "title": "use unbuffered output from the processing node in docker"}, "6": {"date": "2017-11-22", "open": false, "internal_id": 149, "title": "Updated Readme.md"}, "7": {"date": "2017-11-22", "open": false, "internal_id": 147, "title": "Issue 140/transaction post better error handling"}, "8": {"date": "2017-11-21", "open": false, "internal_id": 145, "title": "Updates/PR for comparison"}, "9": {"date": "2017-11-21", "open": false, "internal_id": 143, "title": "AES CFB Over-The-URL encryption on POST."}}, "num_issues_open": 52, "num_watchers": 537, "forked": 0, "num_commits": 5, "id": "dragonchain/dragonchain", "issues": [{"date": "2018-01-31", "open": 1, "id": 0, "title": "Subsciption Data Feed "}, {"date": "2018-01-27", "open": 1, "id": 1, "title": "Code styling"}, {"date": "2018-01-03", "open": 1, "id": 2, "title": "Resolved: Invalid function close_connection_pool"}, {"date": "2018-01-03", "open": 1, "id": 3, "title": "Update Psycopg2 to version 2.7"}, {"date": "2018-01-03", "open": 1, "id": 4, "title": "Pylinted db/postgres"}, {"date": "2018-03-02", "open": 0, "id": 5, "title": "Lead Developer no longer in team?"}, {"date": "2018-01-12", "open": 0, "id": 6, "title": "Token"}, {"date": "2017-11-22", "open": 0, "id": 7, "title": "use unbuffered output from the processing node in docker"}, {"date": "2017-11-22", "open": 0, "id": 8, "title": "Buffered python output causes delay in docker logs"}, {"date": "2017-11-22", "open": 0, "id": 9, "title": "Updated Readme.md"}], "num_prs_closed": 5},{"num_contributors": 100, "num_stars": 213, "readme_linecount": 123, "name": "digibyte", "contributors": [{"num_lines_deleted": 19, "num_lines_added": 0, "author_name": "digibyte", "num_lines_edited": 19, "num_commits": 5, "id": 0}], "num_branches": 13, "readme_exists": 1, "commits": [{"date": "2018-02-23", "num_lines_edited": 19, "num_lines_deleted": 19, "num_lines_added": 0, "id": 0}, {"date": "2018-02-23", "num_lines_edited": 0, "num_lines_deleted": 0, "num_lines_added": 0, "id": 1}, {"date": "2018-02-22", "num_lines_edited": 0, "num_lines_deleted": 0, "num_lines_added": 0, "id": 2}, {"date": "2018-02-22", "num_lines_edited": 0, "num_lines_deleted": 0, "num_lines_added": 0, "id": 3}, {"date": "2018-02-22", "num_lines_edited": 0, "num_lines_deleted": 0, "num_lines_added": 0, "id": 4}], "rank": "59", "num_prs_open": 2, "num_issues_closed": 5, "num_forks": 99, "prs": {"0": {"date": "2018-02-09", "open": true, "internal_id": 110, "title": "fix compile errors on osx"}, "1": {"date": "2018-01-15", "open": true, "internal_id": 97, "title": "Update HTTP -> HTTPS"}, "2": {"date": "2018-02-02", "open": false, "internal_id": 113, "title": "Happy fourth birthday DigiByte!"}, "3": {"date": "2018-01-28", "open": false, "internal_id": 106, "title": "reset testnet and user address prefix 't'"}, "4": {"date": "2018-01-28", "open": false, "internal_id": 104, "title": "util: Work around (virtual) memory exhaustion on 32-bit w/ glibc"}, "5": {"date": "2018-01-28", "open": false, "internal_id": 103, "title": "Add seed node & coinbase maturity fix"}, "6": {"date": "2017-11-27", "open": false, "internal_id": 95, "title": "Added Styling section"}}, "num_issues_open": 7, "num_watchers": 213, "forked": 0, "num_commits": 5, "id": "digibyte/digibyte", "issues": [{"date": "2018-02-21", "open": 1, "id": 0, "title": "CLI call `generate <nblocks>` doesn't work on regtest."}, {"date": "2018-01-31", "open": 1, "id": 1, "title": "fix compile errors on osx"}, {"date": "2018-01-12", "open": 1, "id": 2, "title": "fatal error on testnet"}, {"date": "2017-12-24", "open": 1, "id": 3, "title": "Update HTTP -> HTTPS"}, {"date": "2017-11-19", "open": 1, "id": 4, "title": "Digibite_Core"}, {"date": "2018-02-02", "open": 0, "id": 5, "title": "Happy fourth birthday DigiByte!"}, {"date": "2018-02-01", "open": 0, "id": 6, "title": "dgb txid search digiexplorer.info: No matching records found! please help me"}, {"date": "2018-02-01", "open": 0, "id": 7, "title": "Links on homepage point to bitpay/insight repo"}, {"date": "2018-01-30", "open": 0, "id": 8, "title": "digibyte.conf rpc port issue"}, {"date": "2018-01-30", "open": 0, "id": 9, "title": "digibyte-qt problem"}], "num_prs_closed": 5},{"num_contributors": 100, "num_stars": 242, "readme_linecount": 57, "name": "pivx", "contributors": [{"num_lines_deleted": 2, "num_lines_added": 2, "author_name": "Fuzzbawls", "num_lines_edited": 4, "num_commits": 2, "id": 0}, {"num_lines_deleted": 55, "num_lines_added": 104, "author_name": "Mrs-X", "num_lines_edited": 159, "num_commits": 3, "id": 1}], "num_branches": 4, "readme_exists": 1, "commits": [{"date": "2018-03-02", "num_lines_edited": 155, "num_lines_deleted": 53, "num_lines_added": 102, "id": 0}, {"date": "2018-03-02", "num_lines_edited": 2, "num_lines_deleted": 1, "num_lines_added": 1, "id": 1}, {"date": "2018-03-02", "num_lines_edited": 2, "num_lines_deleted": 1, "num_lines_added": 1, "id": 2}, {"date": "2018-03-02", "num_lines_edited": 2, "num_lines_deleted": 1, "num_lines_added": 1, "id": 3}, {"date": "2018-03-02", "num_lines_edited": 2, "num_lines_deleted": 1, "num_lines_added": 1, "id": 4}], "rank": "60", "num_prs_open": 5, "num_issues_closed": 5, "num_forks": 193, "prs": {"0": {"date": "2018-03-03", "open": true, "internal_id": 549, "title": "[Crypto] Switch to libsecp256k1 signature verification and update the lib"}, "1": {"date": "2018-02-24", "open": true, "internal_id": 509, "title": "[WIP] [Qt] Add QRCode scanning functionality to the GUI"}, "2": {"date": "2018-03-03", "open": true, "internal_id": 447, "title": "[Consensus] Fix compilation with OpenSSL 1.1"}, "3": {"date": "2018-02-24", "open": true, "internal_id": 416, "title": "[WIP] Deterministic zPIV Generation"}, "4": {"date": "2018-02-24", "open": true, "internal_id": 413, "title": "[WIP] zPIV Encryption"}, "5": {"date": "2018-03-02", "open": false, "internal_id": 552, "title": "[Trivial] Fix errant LogPrint in UpdateZPIVSupply"}, "6": {"date": "2018-03-02", "open": false, "internal_id": 551, "title": "[Consensus] Require standard transactions for testnet"}, "7": {"date": "2018-02-23", "open": false, "internal_id": 545, "title": "New dx api"}, "8": {"date": "2018-02-23", "open": false, "internal_id": 544, "title": "[Trivial] Add debug info for CWallet::ReconsiderZerocoins()."}, "9": {"date": "2018-02-14", "open": false, "internal_id": 543, "title": "[RPC] Segfault pivx-cli getinfo while loading block index"}}, "num_issues_open": 43, "num_watchers": 242, "forked": 1, "num_commits": 5, "id": "PIVX-Project/PIVX", "issues": [{"date": "2018-03-02", "open": 1, "id": 0, "title": "Add option to automatically relock wallet when unlocked"}, {"date": "2018-02-28", "open": 1, "id": 1, "title": "Desktop Wallet on OSX (High Sierra) Crash"}, {"date": "2018-02-25", "open": 1, "id": 2, "title": "[Crypto] Switch to libsecp256k1 signature verification and update the lib"}, {"date": "2018-02-25", "open": 1, "id": 3, "title": "MY WALLET IS STOPPED AT BLOCK 863726, NOT SYNCRONIZING"}, {"date": "2018-02-25", "open": 1, "id": 4, "title": "3.0.6 wallet windows 10 home fatal error opening wallet"}, {"date": "2018-03-02", "open": 0, "id": 5, "title": "[Trivial] Fix errant LogPrint in UpdateZPIVSupply"}, {"date": "2018-03-02", "open": 0, "id": 6, "title": "[Consensus] Require standard transactions for testnet"}, {"date": "2018-02-22", "open": 0, "id": 7, "title": "New dx api"}, {"date": "2018-02-21", "open": 0, "id": 8, "title": "[Trivial] Add debug info for CWallet::ReconsiderZerocoins()."}, {"date": "2018-02-13", "open": 0, "id": 9, "title": "[RPC] Segfault pivx-cli getinfo while loading block index"}], "num_prs_closed": 5},{"num_contributors": 1, "num_stars": 8, "readme_linecount": 0, "name": "revain", "contributors": [{"num_lines_deleted": 0, "num_lines_added": 148, "author_name": "pavlovdog", "num_lines_edited": 148, "num_commits": 2, "id": 0}], "num_branches": 1, "readme_exists": 0, "commits": [{"date": "2017-09-13", "num_lines_edited": 1, "num_lines_deleted": 0, "num_lines_added": 1, "id": 0}, {"date": "2017-08-26", "num_lines_edited": 147, "num_lines_deleted": 0, "num_lines_added": 147, "id": 1}], "rank": "61", "num_prs_open": 0, "num_issues_closed": 0, "num_forks": 14, "prs": {}, "num_issues_open": 0, "num_watchers": 8, "forked": 0, "num_commits": 2, "id": "Revain/Token", "issues": [], "num_prs_closed": 0},{"num_contributors": 13, "num_stars": 199, "readme_linecount": 41, "name": "factom", "contributors": [{"num_lines_deleted": 18, "num_lines_added": 22, "author_name": "carryforward", "num_lines_edited": 40, "num_commits": 2, "id": 0}, {"num_lines_deleted": 5, "num_lines_added": 7, "author_name": "PaulSnow", "num_lines_edited": 12, "num_commits": 3, "id": 1}], "num_branches": 60, "readme_exists": 1, "commits": [{"date": "2017-12-28", "num_lines_edited": 5, "num_lines_deleted": 2, "num_lines_added": 3, "id": 0}, {"date": "2017-12-28", "num_lines_edited": 5, "num_lines_deleted": 2, "num_lines_added": 3, "id": 1}, {"date": "2017-12-28", "num_lines_edited": 2, "num_lines_deleted": 1, "num_lines_added": 1, "id": 2}, {"date": "2016-10-25", "num_lines_edited": 6, "num_lines_deleted": 1, "num_lines_added": 5, "id": 3}, {"date": "2016-04-26", "num_lines_edited": 34, "num_lines_deleted": 17, "num_lines_added": 17, "id": 4}], "rank": "62", "num_prs_open": 0, "num_issues_closed": 5, "num_forks": 49, "prs": {"0": {"date": "2017-12-28", "open": false, "internal_id": 7, "title": "Grammar corrections"}, "1": {"date": "2017-12-28", "open": false, "internal_id": 6, "title": "Update db.go"}, "2": {"date": "2015-09-03", "open": false, "internal_id": 5, "title": "Fixed some EC entries as per https://github.com/FactomProject/WorkItes/issues/679 ."}, "3": {"date": "2015-08-27", "open": false, "internal_id": 4, "title": "Issue #595"}, "4": {"date": "2015-08-01", "open": false, "internal_id": 3, "title": "Improve Getting Started section readability"}}, "num_issues_open": 0, "num_watchers": 199, "forked": 0, "num_commits": 5, "id": "FactomProject/FactomCode", "issues": [{"date": "2016-12-14", "open": 0, "id": 0, "title": "Grammar corrections"}, {"date": "2016-01-27", "open": 0, "id": 1, "title": "Update db.go"}, {"date": "2015-09-03", "open": 0, "id": 2, "title": "Fixed some EC entries as per https://github.com/FactomProject/WorkItes/issues/679 ."}, {"date": "2015-08-24", "open": 0, "id": 3, "title": "Issue #595"}, {"date": "2015-02-08", "open": 0, "id": 4, "title": "Improve Getting Started section readability"}], "num_prs_closed": 5},{"num_contributors": 100, "num_stars": 224, "readme_linecount": 80, "name": "monacoin", "contributors": [{"num_lines_deleted": 237, "num_lines_added": 261, "author_name": "monacoinproject", "num_lines_edited": 498, "num_commits": 5, "id": 0}], "num_branches": 11, "readme_exists": 1, "commits": [{"date": "2018-03-02", "num_lines_edited": 8, "num_lines_deleted": 4, "num_lines_added": 4, "id": 0}, {"date": "2018-03-01", "num_lines_edited": 69, "num_lines_deleted": 55, "num_lines_added": 14, "id": 1}, {"date": "2018-03-01", "num_lines_edited": 6, "num_lines_deleted": 3, "num_lines_added": 3, "id": 2}, {"date": "2018-02-28", "num_lines_edited": 2, "num_lines_deleted": 1, "num_lines_added": 1, "id": 3}, {"date": "2018-02-28", "num_lines_edited": 413, "num_lines_deleted": 174, "num_lines_added": 239, "id": 4}], "rank": "63", "num_prs_open": 0, "num_issues_closed": 5, "num_forks": 67, "prs": {"0": {"date": "2018-03-02", "open": false, "internal_id": 33, "title": "Test 0.14"}, "1": {"date": "2018-03-02", "open": false, "internal_id": 32, "title": "remove diff message"}, "2": {"date": "2018-01-26", "open": false, "internal_id": 29, "title": "Make boost::multi_index comparators const"}, "3": {"date": "2017-10-10", "open": false, "internal_id": 20, "title": "Fix testnet parameter's comment"}, "4": {"date": "2017-08-04", "open": false, "internal_id": 18, "title": "Fix the dead link."}}, "num_issues_open": 5, "num_watchers": 224, "forked": 0, "num_commits": 5, "id": "monacoinproject/monacoin", "issues": [{"date": "2018-01-25", "open": 1, "id": 0, "title": "Build Wallet From QT 4.8"}, {"date": "2017-12-30", "open": 1, "id": 1, "title": "Monacoin Core - wallet/crypter.cpp, line 198 Wrong Passphrase Passaword"}, {"date": "2017-11-30", "open": 1, "id": 2, "title": "Assertion failed! file: wallet/crypter.cpp, line 198 ?"}, {"date": "2017-10-22", "open": 1, "id": 3, "title": "How do you mine Monacoin?"}, {"date": "2017-10-18", "open": 1, "id": 4, "title": "Can you SOLO mine Monacoin ?"}, {"date": "2018-03-02", "open": 0, "id": 5, "title": "Test 0.14"}, {"date": "2018-03-02", "open": 0, "id": 6, "title": "remove diff message"}, {"date": "2018-02-17", "open": 0, "id": 7, "title": "Upgrading from 0.8 to 0.15"}, {"date": "2018-01-22", "open": 0, "id": 8, "title": "Make boost::multi_index comparators const"}, {"date": "2018-01-19", "open": 0, "id": 9, "title": "Add getauxblock"}], "num_prs_closed": 5},{"num_contributors": 11, "num_stars": 205, "readme_linecount": 83, "name": "zilliqa", "contributors": [{"num_lines_deleted": 23, "num_lines_added": 9, "author_name": "sidthekidder", "num_lines_edited": 32, "num_commits": 1, "id": 0}, {"num_lines_deleted": 65, "num_lines_added": 81, "author_name": "bb111189", "num_lines_edited": 146, "num_commits": 2, "id": 1}, {"num_lines_deleted": 38, "num_lines_added": 0, "author_name": "jiayaoqijia", "num_lines_edited": 38, "num_commits": 1, "id": 2}, {"num_lines_deleted": 1, "num_lines_added": 1, "author_name": "KaustubhShamshery", "num_lines_edited": 2, "num_commits": 1, "id": 3}], "num_branches": 12, "readme_exists": 1, "commits": [{"date": "2018-03-03", "num_lines_edited": 38, "num_lines_deleted": 38, "num_lines_added": 0, "id": 0}, {"date": "2018-03-03", "num_lines_edited": 32, "num_lines_deleted": 23, "num_lines_added": 9, "id": 1}, {"date": "2018-03-03", "num_lines_edited": 32, "num_lines_deleted": 23, "num_lines_added": 9, "id": 2}, {"date": "2018-03-03", "num_lines_edited": 114, "num_lines_deleted": 42, "num_lines_added": 72, "id": 3}, {"date": "2018-03-03", "num_lines_edited": 2, "num_lines_deleted": 1, "num_lines_added": 1, "id": 4}], "rank": "65", "num_prs_open": 5, "num_issues_closed": 5, "num_forks": 40, "prs": {"0": {"date": "2018-03-03", "open": true, "internal_id": 104, "title": "Added APIs for getLatestTxBlock and getLatestDsBlock"}, "1": {"date": "2018-03-03", "open": true, "internal_id": 101, "title": "p2pcomm concurrency issue fix "}, "2": {"date": "2018-02-26", "open": true, "internal_id": 87, "title": "[WIP] Fix testing errors on Mac"}, "3": {"date": "2018-03-03", "open": true, "internal_id": 58, "title": "Enable code coverage"}, "4": {"date": "2018-03-03", "open": true, "internal_id": 30, "title": "[WIP] Simplify dependencies"}, "5": {"date": "2018-03-03", "open": false, "internal_id": 103, "title": "Add getBalance API"}, "6": {"date": "2018-03-03", "open": false, "internal_id": 102, "title": "remove unused function (stack trace) from main.cpp"}, "7": {"date": "2018-03-02", "open": false, "internal_id": 100, "title": "Enforce ubuntu 16.04 travis build for linux platform"}, "8": {"date": "2018-03-03", "open": false, "internal_id": 97, "title": "Updated transaction data type with white paper"}, "9": {"date": "2018-02-28", "open": false, "internal_id": 95, "title": "Minor format update to readme"}}, "num_issues_open": 30, "num_watchers": 205, "forked": 0, "num_commits": 5, "id": "Zilliqa/Zilliqa", "issues": [{"date": "2018-03-03", "open": 1, "id": 0, "title": "Added APIs for getLatestTxBlock and getLatestDsBlock"}, {"date": "2018-03-03", "open": 1, "id": 1, "title": "p2pcomm concurrency issue fix "}, {"date": "2018-03-01", "open": 1, "id": 2, "title": "Add a contribution guide"}, {"date": "2018-03-01", "open": 1, "id": 3, "title": "Use CMake out-of-source build"}, {"date": "2018-02-28", "open": 1, "id": 4, "title": "Smart pointer for HttpServer"}, {"date": "2018-03-03", "open": 0, "id": 5, "title": "Add getBalance API"}, {"date": "2018-03-03", "open": 0, "id": 6, "title": "remove unused function (stack trace) from main.cpp"}, {"date": "2018-03-01", "open": 0, "id": 7, "title": "Enforce ubuntu 16.04 travis build for linux platform"}, {"date": "2018-03-01", "open": 0, "id": 8, "title": "Updated transaction data type with white paper"}, {"date": "2018-02-28", "open": 0, "id": 9, "title": "Minor format update to readme"}], "num_prs_closed": 5},{"num_contributors": 12, "num_stars": 142, "readme_linecount": 43, "name": "loopring", "contributors": [{"num_lines_deleted": 62, "num_lines_added": 6, "author_name": "dong77", "num_lines_edited": 68, "num_commits": 2, "id": 0}, {"num_lines_deleted": 1230, "num_lines_added": 480, "author_name": "kongliangzhong", "num_lines_edited": 1710, "num_commits": 3, "id": 1}], "num_branches": 8, "readme_exists": 1, "commits": [{"date": "2018-03-02", "num_lines_edited": 60, "num_lines_deleted": 59, "num_lines_added": 1, "id": 0}, {"date": "2018-03-02", "num_lines_edited": 8, "num_lines_deleted": 3, "num_lines_added": 5, "id": 1}, {"date": "2018-03-02", "num_lines_edited": 56, "num_lines_deleted": 9, "num_lines_added": 47, "id": 2}, {"date": "2018-03-02", "num_lines_edited": 88, "num_lines_deleted": 45, "num_lines_added": 43, "id": 3}, {"date": "2018-03-01", "num_lines_edited": 1566, "num_lines_deleted": 1176, "num_lines_added": 390, "id": 4}], "rank": "66", "num_prs_open": 0, "num_issues_closed": 5, "num_forks": 38, "prs": {"0": {"date": "2018-03-02", "open": false, "internal_id": 271, "title": "remove public method docs from impl file"}, "1": {"date": "2018-03-02", "open": false, "internal_id": 270, "title": "fix lint issues"}, "2": {"date": "2018-03-02", "open": false, "internal_id": 269, "title": "fix unit test"}, "3": {"date": "2018-03-02", "open": false, "internal_id": 268, "title": "use an uint16 to represent fee selections (tests need to be updated)"}, "4": {"date": "2018-03-02", "open": false, "internal_id": 267, "title": "Bug fix 0227"}}, "num_issues_open": 3, "num_watchers": 142, "forked": 0, "num_commits": 5, "id": "Loopring/protocol", "issues": [{"date": "2018-01-11", "open": 1, "id": 0, "title": "New fee payment model"}, {"date": "2017-11-27", "open": 1, "id": 1, "title": "Wallet get a percentage of mining income."}, {"date": "2017-11-14", "open": 1, "id": 2, "title": "Allow minimalFillAmount and/or minimalFillPercentage parameter"}, {"date": "2018-03-02", "open": 0, "id": 3, "title": "remove public method docs from impl file"}, {"date": "2018-03-02", "open": 0, "id": 4, "title": "fix lint issues"}, {"date": "2018-03-02", "open": 0, "id": 5, "title": "fix unit test"}, {"date": "2018-03-01", "open": 0, "id": 6, "title": "use an uint16 to represent fee selections (tests need to be updated)"}, {"date": "2018-02-27", "open": 0, "id": 7, "title": "Bug fix 0227"}], "num_prs_closed": 5},{"num_contributors": 10, "num_stars": 282, "readme_linecount": 48, "name": "aelf", "contributors": [{"num_lines_deleted": 58, "num_lines_added": 94, "author_name": "EanCuznaivy", "num_lines_edited": 152, "num_commits": 1, "id": 0}, {"num_lines_deleted": 58, "num_lines_added": 94, "author_name": "loning", "num_lines_edited": 152, "num_commits": 1, "id": 1}, {"num_lines_deleted": 1, "num_lines_added": 1, "author_name": "ethiril", "num_lines_edited": 2, "num_commits": 1, "id": 2}, {"num_lines_deleted": 950, "num_lines_added": 2200, "author_name": "samfrb", "num_lines_edited": 3150, "num_commits": 2, "id": 3}], "num_branches": 7, "readme_exists": 1, "commits": [{"date": "2018-02-26", "num_lines_edited": 142, "num_lines_deleted": 83, "num_lines_added": 59, "id": 0}, {"date": "2018-02-26", "num_lines_edited": 3008, "num_lines_deleted": 867, "num_lines_added": 2141, "id": 1}, {"date": "2018-02-25", "num_lines_edited": 2, "num_lines_deleted": 1, "num_lines_added": 1, "id": 2}, {"date": "2018-02-12", "num_lines_edited": 152, "num_lines_deleted": 58, "num_lines_added": 94, "id": 3}, {"date": "2018-02-12", "num_lines_edited": 152, "num_lines_deleted": 58, "num_lines_added": 94, "id": 4}], "rank": "67", "num_prs_open": 3, "num_issues_closed": 5, "num_forks": 66, "prs": {"0": {"date": "2018-03-02", "open": true, "internal_id": 57, "title": "Feature object and manager 20180301"}, "1": {"date": "2018-03-01", "open": true, "internal_id": 56, "title": "Remove some unnecessary files and misleading comments"}, "2": {"date": "2018-02-02", "open": true, "internal_id": 41, "title": "Added bootstrapper project"}, "3": {"date": "2018-02-28", "open": false, "internal_id": 55, "title": "Change some module implementations and add test cases for contract deployment"}, "4": {"date": "2018-02-26", "open": false, "internal_id": 54, "title": "Doc rewrite"}, "5": {"date": "2018-03-01", "open": false, "internal_id": 53, "title": "smart contract invoking"}, "6": {"date": "2018-02-23", "open": false, "internal_id": 52, "title": "merge"}, "7": {"date": "2018-02-12", "open": false, "internal_id": 51, "title": "Add a world state test case"}}, "num_issues_open": 8, "num_watchers": 282, "forked": 0, "num_commits": 5, "id": "AElfProject/AElf", "issues": [{"date": "2018-03-01", "open": 1, "id": 0, "title": "Feature object and manager 20180301"}, {"date": "2018-03-01", "open": 1, "id": 1, "title": "Remove some unnecessary files and misleading comments"}, {"date": "2018-02-02", "open": 1, "id": 2, "title": "Added bootstrapper project"}, {"date": "2018-01-05", "open": 1, "id": 3, "title": "Merkle Hashing"}, {"date": "2018-01-05", "open": 1, "id": 4, "title": "documents for p2p module for \u00c6LF nodes"}, {"date": "2018-02-28", "open": 0, "id": 5, "title": "Change some module implementations and add test cases for contract deployment"}, {"date": "2018-02-25", "open": 0, "id": 6, "title": "Doc rewrite"}, {"date": "2018-02-24", "open": 0, "id": 7, "title": "smart contract invoking"}, {"date": "2018-02-23", "open": 0, "id": 8, "title": "merge"}, {"date": "2018-02-12", "open": 0, "id": 9, "title": "Add a world state test case"}], "num_prs_closed": 5},{"num_contributors": 13, "num_stars": 41, "readme_linecount": 41, "name": "aion", "contributors": [{"num_lines_deleted": 104, "num_lines_added": 19, "author_name": "aion-anakha", "num_lines_edited": 123, "num_commits": 3, "id": 0}, {"num_lines_deleted": 378, "num_lines_added": 373, "author_name": "AionJayT", "num_lines_edited": 751, "num_commits": 2, "id": 1}], "num_branches": 18, "readme_exists": 1, "commits": [{"date": "2018-03-02", "num_lines_edited": 2, "num_lines_deleted": 1, "num_lines_added": 1, "id": 0}, {"date": "2018-03-02", "num_lines_edited": 18, "num_lines_deleted": 12, "num_lines_added": 6, "id": 1}, {"date": "2018-03-02", "num_lines_edited": 749, "num_lines_deleted": 378, "num_lines_added": 371, "id": 2}, {"date": "2018-03-02", "num_lines_edited": 2, "num_lines_deleted": 0, "num_lines_added": 2, "id": 3}, {"date": "2018-03-02", "num_lines_edited": 103, "num_lines_deleted": 91, "num_lines_added": 12, "id": 4}], "rank": "68", "num_prs_open": 3, "num_issues_closed": 5, "num_forks": 13, "prs": {"0": {"date": "2018-03-02", "open": true, "internal_id": 96, "title": "Issue81"}, "1": {"date": "2018-03-01", "open": true, "internal_id": 37, "title": "helper refactoring"}, "2": {"date": "2018-03-01", "open": true, "internal_id": 36, "title": "node parsing fix"}, "3": {"date": "2018-03-02", "open": false, "internal_id": 97, "title": "P2pmgr policy based random node pick impl."}, "4": {"date": "2018-03-02", "open": false, "internal_id": 95, "title": "Modularize FastVM "}, "5": {"date": "2018-03-02", "open": false, "internal_id": 94, "title": "UPnP implementation - rebased"}, "6": {"date": "2018-03-02", "open": false, "internal_id": 92, "title": "Adds logging parameter"}, "7": {"date": "2018-03-02", "open": false, "internal_id": 91, "title": "1) sync batched import and retarget base block number for header fetching 2) max to 3 on random pick for status update and headers fatch"}}, "num_issues_open": 48, "num_watchers": 41, "forked": 0, "num_commits": 5, "id": "aionnetwork/aion", "issues": [{"date": "2018-03-03", "open": 1, "id": 0, "title": "lost on sending msg on current p2p module"}, {"date": "2018-03-02", "open": 1, "id": 1, "title": "Issue81"}, {"date": "2018-03-02", "open": 1, "id": 2, "title": "JSON-RPC api request: getBlocksForNumber(number)"}, {"date": "2018-03-02", "open": 1, "id": 3, "title": "Syncing with nodes out of sync?"}, {"date": "2018-03-02", "open": 1, "id": 4, "title": "Make fastvm a module"}, {"date": "2018-03-02", "open": 0, "id": 5, "title": "P2pmgr policy based random node pick impl."}, {"date": "2018-03-02", "open": 0, "id": 6, "title": "Modularize FastVM "}, {"date": "2018-03-02", "open": 0, "id": 7, "title": "UPnP implementation - rebased"}, {"date": "2018-03-02", "open": 0, "id": 8, "title": "Adds logging parameter"}, {"date": "2018-03-02", "open": 0, "id": 9, "title": "1) sync batched import and retarget base block number for header fetching 2) max to 3 on random pick for status update and headers fatch"}], "num_prs_closed": 5},{"num_contributors": 20, "num_stars": 331, "readme_linecount": 481, "name": "nebulas-token", "contributors": [{"num_lines_deleted": 11, "num_lines_added": 1212, "author_name": "qywang2012", "num_lines_edited": 1223, "num_commits": 2, "id": 0}, {"num_lines_deleted": 80, "num_lines_added": 303, "author_name": "bibibong", "num_lines_edited": 383, "num_commits": 2, "id": 1}, {"num_lines_deleted": 9, "num_lines_added": 18, "author_name": "Silentttttt", "num_lines_edited": 27, "num_commits": 1, "id": 2}], "num_branches": 6, "readme_exists": 1, "commits": [{"date": "2018-03-03", "num_lines_edited": 224, "num_lines_deleted": 80, "num_lines_added": 144, "id": 0}, {"date": "2018-03-03", "num_lines_edited": 159, "num_lines_deleted": 0, "num_lines_added": 159, "id": 1}, {"date": "2018-03-03", "num_lines_edited": 27, "num_lines_deleted": 9, "num_lines_added": 18, "id": 2}, {"date": "2018-03-03", "num_lines_edited": 4, "num_lines_deleted": 2, "num_lines_added": 2, "id": 3}, {"date": "2018-03-03", "num_lines_edited": 1219, "num_lines_deleted": 9, "num_lines_added": 1210, "id": 4}], "rank": "70", "num_prs_open": 1, "num_issues_closed": 5, "num_forks": 75, "prs": {"0": {"date": "2017-12-15", "open": true, "internal_id": 4, "title": "Add a Gitter chat badge to README.md"}, "1": {"date": "2018-02-10", "open": false, "internal_id": 60, "title": "updated seed in testnet config"}, "2": {"date": "2018-02-08", "open": false, "internal_id": 59, "title": "fix comments of trie"}, "3": {"date": "2018-02-07", "open": false, "internal_id": 57, "title": "reorganization the folders structure for testnet"}, "4": {"date": "2018-02-02", "open": false, "internal_id": 53, "title": "Fix build error when neb binary not exists"}, "5": {"date": "2018-02-02", "open": false, "internal_id": 52, "title": "fixed a typo in docker build command"}}, "num_issues_open": 12, "num_watchers": 331, "forked": 0, "num_commits": 5, "id": "nebulasio/go-nebulas", "issues": [{"date": "2018-02-27", "open": 1, "id": 0, "title": "Nebulas convenient to decide whether to receive the NAS in  the smart contract"}, {"date": "2018-02-27", "open": 1, "id": 1, "title": "Nebulas smart contract support anonymous function call"}, {"date": "2018-02-11", "open": 1, "id": 2, "title": "Nebulas RPC subscribe interface issue"}, {"date": "2018-02-03", "open": 1, "id": 3, "title": "neb rpc service receive same transaction again  lead to failed to push a tx into tx pool duplicated transaction"}, {"date": "2018-01-30", "open": 1, "id": 4, "title": "[Design] Add optimize strategy for message dispatching in network"}, {"date": "2018-03-01", "open": 0, "id": 5, "title": "Transaction for smart contract execution no-failed issue "}, {"date": "2018-03-01", "open": 0, "id": 6, "title": "Transactions with non-positive gas limit should not be pushed into transaction pool"}, {"date": "2018-02-27", "open": 0, "id": 7, "title": "installation error"}, {"date": "2018-02-22", "open": 0, "id": 8, "title": "Block transaction process not put in Transaction_pool"}, {"date": "2018-02-09", "open": 0, "id": 9, "title": "updated seed in testnet config"}], "num_prs_closed": 5},{"num_contributors": 20, "num_stars": 338, "readme_linecount": 130, "name": "byteball", "contributors": [{"num_lines_deleted": 111, "num_lines_added": 63, "author_name": "tonyofbyteball", "num_lines_edited": 174, "num_commits": 5, "id": 0}], "num_branches": 4, "readme_exists": 1, "commits": [{"date": "2018-02-25", "num_lines_edited": 116, "num_lines_deleted": 91, "num_lines_added": 25, "id": 0}, {"date": "2018-02-24", "num_lines_edited": 2, "num_lines_deleted": 1, "num_lines_added": 1, "id": 1}, {"date": "2018-02-23", "num_lines_edited": 31, "num_lines_deleted": 8, "num_lines_added": 23, "id": 2}, {"date": "2018-02-23", "num_lines_edited": 24, "num_lines_deleted": 10, "num_lines_added": 14, "id": 3}, {"date": "2018-02-16", "num_lines_edited": 1, "num_lines_deleted": 1, "num_lines_added": 0, "id": 4}], "rank": "71", "num_prs_open": 5, "num_issues_closed": 5, "num_forks": 111, "prs": {"0": {"date": "2018-02-22", "open": true, "internal_id": 300, "title": "Incorrect description in security warning"}, "1": {"date": "2018-01-01", "open": true, "internal_id": 254, "title": "Fixed translations and Blackbytes QR code"}, "2": {"date": "2018-01-10", "open": true, "internal_id": 246, "title": "Suggestion #133, markup language for bots"}, "3": {"date": "2017-07-09", "open": true, "internal_id": 162, "title": "Added hover effect to more items"}, "4": {"date": "2016-12-27", "open": true, "internal_id": 12, "title": "Fixing badges for Ubuntu"}, "5": {"date": "2018-02-16", "open": false, "internal_id": 298, "title": "fix textcoin bytes amount (+fees)"}, "6": {"date": "2018-01-30", "open": false, "internal_id": 297, "title": "claim fees are now added in core"}, "7": {"date": "2018-01-15", "open": false, "internal_id": 291, "title": "bugfixes"}, "8": {"date": "2018-01-12", "open": false, "internal_id": 288, "title": "Multiple addresses"}, "9": {"date": "2018-01-09", "open": false, "internal_id": 285, "title": "fix textcoin obtained from openapp android install referrer"}}, "num_issues_open": 66, "num_watchers": 338, "forked": 0, "num_commits": 5, "id": "byteball/byteball", "issues": [{"date": "2018-02-19", "open": 1, "id": 0, "title": "Incorrect description in security warning"}, {"date": "2018-02-15", "open": 1, "id": 1, "title": "Request specific amound/share address produces a bad address"}, {"date": "2018-01-25", "open": 1, "id": 2, "title": "how can run byteball on local linux system"}, {"date": "2018-01-25", "open": 1, "id": 3, "title": "iOS Wallet"}, {"date": "2018-01-20", "open": 1, "id": 4, "title": "Byteball wallet failed to execute on Ubuntu 16.04"}, {"date": "2018-02-01", "open": 0, "id": 5, "title": "fix textcoin bytes amount (+fees)"}, {"date": "2018-01-25", "open": 0, "id": 6, "title": "claim fees are now added in core"}, {"date": "2018-01-15", "open": 0, "id": 7, "title": "bugfixes"}, {"date": "2018-01-11", "open": 0, "id": 8, "title": "Multiple addresses"}, {"date": "2018-01-09", "open": 0, "id": 9, "title": "fix textcoin obtained from openapp android install referrer"}], "num_prs_closed": 5},{"num_contributors": 100, "num_stars": 245, "readme_linecount": 143, "name": "reddcoin", "contributors": [{"num_lines_deleted": 3, "num_lines_added": 4, "author_name": "michaeltieso", "num_lines_edited": 7, "num_commits": 3, "id": 0}, {"num_lines_deleted": 21, "num_lines_added": 22, "author_name": "reddink", "num_lines_edited": 43, "num_commits": 2, "id": 1}], "num_branches": 12, "readme_exists": 1, "commits": [{"date": "2018-01-27", "num_lines_edited": 7, "num_lines_deleted": 3, "num_lines_added": 4, "id": 0}, {"date": "2018-01-27", "num_lines_edited": 36, "num_lines_deleted": 18, "num_lines_added": 18, "id": 1}, {"date": "2018-01-26", "num_lines_edited": 2, "num_lines_deleted": 1, "num_lines_added": 1, "id": 2}, {"date": "2018-01-26", "num_lines_edited": 1, "num_lines_deleted": 0, "num_lines_added": 1, "id": 3}, {"date": "2018-01-26", "num_lines_edited": 4, "num_lines_deleted": 2, "num_lines_added": 2, "id": 4}], "rank": "72", "num_prs_open": 2, "num_issues_closed": 5, "num_forks": 99, "prs": {"0": {"date": "2017-06-27", "open": true, "internal_id": 101, "title": "Added config parameter 'nearest_multiple' to linearize.py"}, "1": {"date": "2018-02-04", "open": true, "internal_id": 99, "title": "Fixed build on arm devices, added build notes for arm"}, "2": {"date": "2018-01-27", "open": false, "internal_id": 117, "title": "Update copyright year"}, "3": {"date": "2017-06-27", "open": false, "internal_id": 97, "title": "Corrected string literal Bitcoin reference to Reddcoin for reddcoind \u2026"}, "4": {"date": "2017-01-09", "open": false, "internal_id": 96, "title": "Corrected two string literal Bitcoin references to Reddcoin"}, "5": {"date": "2017-01-07", "open": false, "internal_id": 95, "title": "Update bitcoind.cpp"}, "6": {"date": "2016-08-18", "open": false, "internal_id": 90, "title": "typo"}}, "num_issues_open": 56, "num_watchers": 245, "forked": 1, "num_commits": 5, "id": "reddcoin-project/reddcoin", "issues": [{"date": "2018-03-02", "open": 1, "id": 0, "title": "How can i import pubkey"}, {"date": "2018-02-20", "open": 1, "id": 1, "title": "\u041f\u0430\u0440\u043e\u043b\u044c \u0434\u043b\u044f \u043e\u0442\u043a\u0440\u044b\u0442\u0438\u044f \u043a\u043e\u0448\u0435\u043b\u044c\u043a\u0430 RDD"}, {"date": "2018-02-20", "open": 1, "id": 2, "title": "20GB wallet install on Mac  "}, {"date": "2018-02-19", "open": 1, "id": 3, "title": "I don't receive my rewards "}, {"date": "2018-02-19", "open": 1, "id": 4, "title": "Problems with rewards"}, {"date": "2018-01-26", "open": 0, "id": 5, "title": "Reddcoin maturity for coinage"}, {"date": "2018-01-26", "open": 0, "id": 6, "title": "Update copyright year"}, {"date": "2018-01-13", "open": 0, "id": 7, "title": "Reddcoin Core blockchain does not sync on Raspberry"}, {"date": "2018-01-10", "open": 0, "id": 8, "title": "Win 32 setup download not working"}, {"date": "2018-01-10", "open": 0, "id": 9, "title": "win10 x64: installed wallet doesn't show up for all users"}], "num_prs_closed": 5},{"num_contributors": 16, "num_stars": 258, "readme_linecount": 56, "name": "zcoin", "contributors": [{"num_lines_deleted": 7, "num_lines_added": 11, "author_name": "psolstice", "num_lines_edited": 18, "num_commits": 2, "id": 0}, {"num_lines_deleted": 16, "num_lines_added": 18, "author_name": "sn-ntu", "num_lines_edited": 34, "num_commits": 3, "id": 1}], "num_branches": 20, "readme_exists": 1, "commits": [{"date": "2018-03-01", "num_lines_edited": 4, "num_lines_deleted": 1, "num_lines_added": 3, "id": 0}, {"date": "2018-03-01", "num_lines_edited": 10, "num_lines_deleted": 5, "num_lines_added": 5, "id": 1}, {"date": "2018-03-01", "num_lines_edited": 10, "num_lines_deleted": 5, "num_lines_added": 5, "id": 2}, {"date": "2018-03-01", "num_lines_edited": 14, "num_lines_deleted": 6, "num_lines_added": 8, "id": 3}, {"date": "2018-03-01", "num_lines_edited": 14, "num_lines_deleted": 6, "num_lines_added": 8, "id": 4}], "rank": "73", "num_prs_open": 5, "num_issues_closed": 5, "num_forks": 187, "prs": {"0": {"date": "2018-01-18", "open": true, "internal_id": 171, "title": "Update build guide for macOS 10.13.2"}, "1": {"date": "2017-12-23", "open": true, "internal_id": 156, "title": "Unspent transaction outputs index"}, "2": {"date": "2017-12-04", "open": true, "internal_id": 149, "title": "Specifications for \"make deploy\""}, "3": {"date": "2017-12-21", "open": true, "internal_id": 148, "title": "Modify the Chinese document of ZCOIN"}, "4": {"date": "2017-11-24", "open": true, "internal_id": 144, "title": "fix typo in zcoin-cli znode help command"}, "5": {"date": "2018-03-02", "open": false, "internal_id": 185, "title": "Fix memleak"}, "6": {"date": "2018-03-02", "open": false, "internal_id": 184, "title": "Disable Znode cache for now"}, "7": {"date": "2018-02-28", "open": false, "internal_id": 178, "title": "1.2"}, "8": {"date": "2018-02-21", "open": false, "internal_id": 177, "title": "Suggested changes to apply wallet fees from 'fundrawtransaction'"}, "9": {"date": "2018-03-02", "open": false, "internal_id": 173, "title": "Add a mutex lock to protect CNode::nRefCount"}}, "num_issues_open": 31, "num_watchers": 258, "forked": 0, "num_commits": 5, "id": "zcoinofficial/zcoin", "issues": [{"date": "2018-03-02", "open": 1, "id": 0, "title": "Zcoin 0.13.5.5 Linux binaries libboost_system.so.1.58.0"}, {"date": "2018-02-28", "open": 1, "id": 1, "title": "Confusion about Zcoin's algorithm for mining, and Zcoin generally."}, {"date": "2018-02-27", "open": 1, "id": 2, "title": "Berkeley db 4.8 (libdb4.8) not available"}, {"date": "2018-02-01", "open": 1, "id": 3, "title": "question about CreateNewBlock"}, {"date": "2018-01-19", "open": 1, "id": 4, "title": "Fees requested in `fundrawtransaction` are not applied"}, {"date": "2018-03-01", "open": 0, "id": 5, "title": "Fix memleak"}, {"date": "2018-03-01", "open": 0, "id": 6, "title": "Disable Znode cache for now"}, {"date": "2018-03-01", "open": 0, "id": 7, "title": "Memory leak"}, {"date": "2018-03-01", "open": 0, "id": 8, "title": "Znode cache"}, {"date": "2018-02-28", "open": 0, "id": 9, "title": "[w64] Slow RPC, zcoin-cli unable to connect"}], "num_prs_closed": 5},{"num_contributors": 100, "num_stars": 61, "readme_linecount": 86, "name": "particl", "contributors": [{"num_lines_deleted": 124, "num_lines_added": 109, "author_name": "tecnovert", "num_lines_edited": 233, "num_commits": 5, "id": 0}], "num_branches": 3, "readme_exists": 1, "commits": [{"date": "2018-03-02", "num_lines_edited": 13, "num_lines_deleted": 0, "num_lines_added": 13, "id": 0}, {"date": "2018-03-02", "num_lines_edited": 6, "num_lines_deleted": 3, "num_lines_added": 3, "id": 1}, {"date": "2018-02-27", "num_lines_edited": 9, "num_lines_deleted": 4, "num_lines_added": 5, "id": 2}, {"date": "2018-02-27", "num_lines_edited": 25, "num_lines_deleted": 5, "num_lines_added": 20, "id": 3}, {"date": "2018-02-27", "num_lines_edited": 180, "num_lines_deleted": 112, "num_lines_added": 68, "id": 4}], "rank": "76", "num_prs_open": 0, "num_issues_closed": 5, "num_forks": 18, "prs": {"0": {"date": "2017-12-29", "open": false, "internal_id": 21, "title": "Filtertransactions count"}, "1": {"date": "2017-11-21", "open": false, "internal_id": 19, "title": "Update rpchdwallet.cpp"}, "2": {"date": "2017-10-13", "open": false, "internal_id": 14, "title": "Update rpchdwallet.cpp"}, "3": {"date": "2017-10-23", "open": false, "internal_id": 12, "title": "rpc/filtertransactions"}, "4": {"date": "2017-09-29", "open": false, "internal_id": 11, "title": "Create release-notes-0.15.0.2.md"}}, "num_issues_open": 3, "num_watchers": 61, "forked": 1, "num_commits": 5, "id": "particl/particl-core", "issues": [{"date": "2018-03-03", "open": 1, "id": 0, "title": "validateaddress should contain \"iswatchonly\" : true/false"}, {"date": "2018-02-25", "open": 1, "id": 1, "title": "CLI help - address - missing argument \"address\""}, {"date": "2017-07-17", "open": 1, "id": 2, "title": "OSX release Debug window bug in fullscreen "}, {"date": "2018-02-25", "open": 0, "id": 3, "title": "listunspent returns empty list"}, {"date": "2018-02-25", "open": 0, "id": 4, "title": "CLI variables naming rules [variables with \"-\" instead of \"_\"]"}, {"date": "2018-02-08", "open": 0, "id": 5, "title": "client crashs when switching from blind to standard with blind output selected"}, {"date": "2018-01-28", "open": 0, "id": 6, "title": "`particl-cli --help` does not display a list of usable commands"}, {"date": "2018-01-12", "open": 0, "id": 7, "title": "Error: Wallet locked, please enter the wallet passphrase with walletpassphrase first."}], "num_prs_closed": 5},{"num_contributors": 2, "num_stars": 95, "readme_linecount": 117, "name": "gxshares", "contributors": [{"num_lines_deleted": 11, "num_lines_added": 110, "author_name": "zhuliting", "num_lines_edited": 121, "num_commits": 5, "id": 0}], "num_branches": 13, "readme_exists": 1, "commits": [{"date": "2018-03-02", "num_lines_edited": 9, "num_lines_deleted": 1, "num_lines_added": 8, "id": 0}, {"date": "2018-03-02", "num_lines_edited": 4, "num_lines_deleted": 2, "num_lines_added": 2, "id": 1}, {"date": "2018-03-02", "num_lines_edited": 86, "num_lines_deleted": 4, "num_lines_added": 82, "id": 2}, {"date": "2018-03-02", "num_lines_edited": 18, "num_lines_deleted": 2, "num_lines_added": 16, "id": 3}, {"date": "2018-03-01", "num_lines_edited": 4, "num_lines_deleted": 2, "num_lines_added": 2, "id": 4}], "rank": "77", "num_prs_open": 0, "num_issues_closed": 5, "num_forks": 27, "prs": {"0": {"date": "2017-12-27", "open": false, "internal_id": 13, "title": "Remove dylib"}, "1": {"date": "2017-12-14", "open": false, "internal_id": 11, "title": "update account history index"}, "2": {"date": "2017-11-15", "open": false, "internal_id": 8, "title": "fix cpu usage"}, "3": {"date": "2017-11-04", "open": false, "internal_id": 6, "title": "Catch unhandled exception"}, "4": {"date": "2017-11-03", "open": false, "internal_id": 5, "title": "Add files via upload"}}, "num_issues_open": 1, "num_watchers": 95, "forked": 0, "num_commits": 5, "id": "gxchain/gxb-core", "issues": [{"date": "2018-02-20", "open": 1, "id": 0, "title": "Building Error"}, {"date": "2018-02-09", "open": 0, "id": 1, "title": "\u4e3a\u4ec0\u4e48\u81ea\u52a8\u6316\u77ff\u6309\u94ae\u70b9\u4e0d\u52a8"}, {"date": "2018-02-09", "open": 0, "id": 2, "title": "gxs_wallet npm install err"}, {"date": "2018-01-20", "open": 0, "id": 3, "title": "Linking error"}, {"date": "2018-01-17", "open": 0, "id": 4, "title": "how to register accout with public key  created on offline"}, {"date": "2017-12-27", "open": 0, "id": 5, "title": "Remove dylib"}], "num_prs_closed": 5},{"num_contributors": 9, "num_stars": 116, "readme_linecount": 51, "name": "kyber-network", "contributors": [{"num_lines_deleted": 28, "num_lines_added": 39, "author_name": "tranvictor", "num_lines_edited": 67, "num_commits": 2, "id": 0}, {"num_lines_deleted": 32, "num_lines_added": 37, "author_name": "andrewsource147", "num_lines_edited": 69, "num_commits": 3, "id": 1}], "num_branches": 14, "readme_exists": 1, "commits": [{"date": "2018-03-03", "num_lines_edited": 26, "num_lines_deleted": 13, "num_lines_added": 13, "id": 0}, {"date": "2018-03-03", "num_lines_edited": 22, "num_lines_deleted": 11, "num_lines_added": 11, "id": 1}, {"date": "2018-03-03", "num_lines_edited": 8, "num_lines_deleted": 4, "num_lines_added": 4, "id": 2}, {"date": "2018-03-03", "num_lines_edited": 41, "num_lines_deleted": 15, "num_lines_added": 26, "id": 3}, {"date": "2018-03-03", "num_lines_edited": 39, "num_lines_deleted": 17, "num_lines_added": 22, "id": 4}], "rank": "79", "num_prs_open": 0, "num_issues_closed": 5, "num_forks": 35, "prs": {"0": {"date": "2018-03-03", "open": false, "internal_id": 500, "title": "Add ga"}, "1": {"date": "2018-03-03", "open": false, "internal_id": 499, "title": "Add ga"}, "2": {"date": "2018-03-03", "open": false, "internal_id": 498, "title": "update css"}, "3": {"date": "2018-03-03", "open": false, "internal_id": 497, "title": "update css"}, "4": {"date": "2018-03-03", "open": false, "internal_id": 496, "title": " add slider to landingpage"}}, "num_issues_open": 30, "num_watchers": 116, "forked": 0, "num_commits": 5, "id": "KyberNetwork/KyberWallet", "issues": [{"date": "2018-03-02", "open": 1, "id": 0, "title": "Improvement for Scroll bar"}, {"date": "2018-03-02", "open": 1, "id": 1, "title": "Issues on Firefox browser"}, {"date": "2018-03-02", "open": 1, "id": 2, "title": "Send Offline"}, {"date": "2018-03-01", "open": 1, "id": 3, "title": "Transaction fee "}, {"date": "2018-02-28", "open": 1, "id": 4, "title": "Timeout doesn't appear when rate is loading"}, {"date": "2018-03-03", "open": 0, "id": 5, "title": "Add ga"}, {"date": "2018-03-03", "open": 0, "id": 6, "title": "Add ga"}, {"date": "2018-03-03", "open": 0, "id": 7, "title": "update css"}, {"date": "2018-03-03", "open": 0, "id": 8, "title": "update css"}, {"date": "2018-03-03", "open": 0, "id": 9, "title": " add slider to landingpage"}], "num_prs_closed": 5},{"num_contributors": 11, "num_stars": 59, "readme_linecount": 78, "name": "polymath-network", "contributors": [{"num_lines_deleted": 0, "num_lines_added": 24, "author_name": "SatyamSB", "num_lines_edited": 24, "num_commits": 1, "id": 0}, {"num_lines_deleted": 872, "num_lines_added": 2532, "author_name": "satyamakgec", "num_lines_edited": 3404, "num_commits": 1, "id": 1}, {"num_lines_deleted": 873, "num_lines_added": 2557, "author_name": "adamdossa", "num_lines_edited": 3430, "num_commits": 3, "id": 2}], "num_branches": 62, "readme_exists": 1, "commits": [{"date": "2018-02-28", "num_lines_edited": 24, "num_lines_deleted": 0, "num_lines_added": 24, "id": 0}, {"date": "2018-02-28", "num_lines_edited": 24, "num_lines_deleted": 0, "num_lines_added": 24, "id": 1}, {"date": "2018-02-27", "num_lines_edited": 3404, "num_lines_deleted": 872, "num_lines_added": 2532, "id": 2}, {"date": "2018-02-27", "num_lines_edited": 3404, "num_lines_deleted": 872, "num_lines_added": 2532, "id": 3}, {"date": "2018-02-26", "num_lines_edited": 2, "num_lines_deleted": 1, "num_lines_added": 1, "id": 4}], "rank": "82", "num_prs_open": 3, "num_issues_closed": 5, "num_forks": 11, "prs": {"0": {"date": "2018-02-28", "open": true, "internal_id": 203, "title": "Allow admins to assign many tokens to themselves"}, "1": {"date": "2018-02-27", "open": true, "internal_id": 198, "title": "Have securityTokenRegistrar check namespaceRegistrar before allowing a ticker name to be registered "}, "2": {"date": "2018-01-29", "open": true, "internal_id": 91, "title": "fix #49 (Multiple KYC Providers) -> TBD in V2"}, "3": {"date": "2018-02-28", "open": false, "internal_id": 202, "title": "Bypass one token per owner rule for admins"}, "4": {"date": "2018-02-28", "open": false, "internal_id": 201, "title": "security token type document added"}, "5": {"date": "2018-02-27", "open": false, "internal_id": 200, "title": "Make code cleaner"}, "6": {"date": "2018-02-26", "open": false, "internal_id": 199, "title": "fixed offering factory address"}, "7": {"date": "2018-02-26", "open": false, "internal_id": 195, "title": "Do not allow admins to unadmin themselves"}}, "num_issues_open": 16, "num_watchers": 59, "forked": 0, "num_commits": 5, "id": "PolymathNetwork/polymath-core", "issues": [{"date": "2018-02-28", "open": 1, "id": 0, "title": "Allow admins to assign many tokens to themselves"}, {"date": "2018-02-26", "open": 1, "id": 1, "title": "Have securityTokenRegistrar check namespaceRegistrar before allowing a ticker name to be registered "}, {"date": "2018-02-25", "open": 1, "id": 2, "title": "Ticker Reg: have securityTokenRegistrar check namespaceRegistrar before allowing a ticker name to be registered"}, {"date": "2018-02-25", "open": 1, "id": 3, "title": "Ticker Reg: prevent an admin from removing himself as admin"}, {"date": "2018-02-22", "open": 1, "id": 4, "title": "Missing check on registerOfferingFactory"}, {"date": "2018-02-28", "open": 0, "id": 5, "title": "Bypass one token per owner rule for admins"}, {"date": "2018-02-28", "open": 0, "id": 6, "title": "security token type document added"}, {"date": "2018-02-27", "open": 0, "id": 7, "title": "Make code cleaner"}, {"date": "2018-02-26", "open": 0, "id": 8, "title": "fixed offering factory address"}, {"date": "2018-02-26", "open": 0, "id": 9, "title": "Why we are not using struct datatype instead of 3 extra mappings?"}], "num_prs_closed": 5},{"num_contributors": 2, "num_stars": 9, "readme_linecount": 178, "name": "dentacoin", "contributors": [{"num_lines_deleted": 2, "num_lines_added": 3, "author_name": "SergeyUshakov", "num_lines_edited": 5, "num_commits": 1, "id": 0}, {"num_lines_deleted": 8, "num_lines_added": 9, "author_name": "neptox", "num_lines_edited": 17, "num_commits": 4, "id": 1}], "num_branches": 1, "readme_exists": 1, "commits": [{"date": "2017-12-13", "num_lines_edited": 2, "num_lines_deleted": 1, "num_lines_added": 1, "id": 0}, {"date": "2017-12-13", "num_lines_edited": 2, "num_lines_deleted": 1, "num_lines_added": 1, "id": 1}, {"date": "2017-12-13", "num_lines_edited": 5, "num_lines_deleted": 2, "num_lines_added": 3, "id": 2}, {"date": "2017-11-20", "num_lines_edited": 5, "num_lines_deleted": 2, "num_lines_added": 3, "id": 3}, {"date": "2017-11-15", "num_lines_edited": 8, "num_lines_deleted": 4, "num_lines_added": 4, "id": 4}], "rank": "85", "num_prs_open": 0, "num_issues_closed": 0, "num_forks": 8, "prs": {}, "num_issues_open": 0, "num_watchers": 9, "forked": 0, "num_commits": 5, "id": "Dentacoin/ERC20-token", "issues": [], "num_prs_closed": 0},{"num_contributors": 100, "num_stars": 633, "readme_linecount": 71, "name": "enigma-project", "contributors": [{"num_lines_deleted": 54, "num_lines_added": 205, "author_name": "lacabra", "num_lines_edited": 259, "num_commits": 5, "id": 0}], "num_branches": 13, "readme_exists": 1, "commits": [{"date": "2018-02-23", "num_lines_edited": 39, "num_lines_deleted": 25, "num_lines_added": 14, "id": 0}, {"date": "2018-02-22", "num_lines_edited": 11, "num_lines_deleted": 7, "num_lines_added": 4, "id": 1}, {"date": "2018-02-16", "num_lines_edited": 70, "num_lines_deleted": 0, "num_lines_added": 70, "id": 2}, {"date": "2018-02-14", "num_lines_edited": 42, "num_lines_deleted": 21, "num_lines_added": 21, "id": 3}, {"date": "2018-02-13", "num_lines_edited": 97, "num_lines_deleted": 1, "num_lines_added": 96, "id": 4}], "rank": "86", "num_prs_open": 3, "num_issues_closed": 5, "num_forks": 177, "prs": {"0": {"date": "2018-02-09", "open": true, "internal_id": 220, "title": "BLD: Dockerfile[-dev]: s/quantopian/enigmampc/g"}, "1": {"date": "2018-03-02", "open": true, "internal_id": 215, "title": "BUG: Remove redundant evaluation of assest.auto_close_date #214"}, "2": {"date": "2018-03-02", "open": true, "internal_id": 205, "title": "Local variable 'transaction' referenced before assignment"}, "3": {"date": "2018-03-02", "open": false, "internal_id": 257, "title": "Python 3 returns bytes, the parsing functions are looking for strings"}, "4": {"date": "2018-02-09", "open": false, "internal_id": 221, "title": "DOC: live-trading.rst: add newline before ul"}, "5": {"date": "2018-02-09", "open": false, "internal_id": 195, "title": "PyCharm Documentation"}, "6": {"date": "2018-01-24", "open": false, "internal_id": 184, "title": "BUG: Use empyrical patches for persisting issue #126"}, "7": {"date": "2018-01-24", "open": false, "internal_id": 181, "title": "Fix for click.echo 'not writeable' errors when running catalyst from Jupyter"}}, "num_issues_open": 68, "num_watchers": 633, "forked": 0, "num_commits": 5, "id": "enigmampc/catalyst", "issues": [{"date": "2018-03-02", "open": 1, "id": 0, "title": "Catalyst Test Issue in Pycharm"}, {"date": "2018-02-28", "open": 1, "id": 1, "title": "Running my first algorithm \"UnsupportedOperation: not writable\" and other errors"}, {"date": "2018-02-27", "open": 1, "id": 2, "title": "data.history number of returned candles can sometimes not match the bar_count"}, {"date": "2018-02-27", "open": 1, "id": 3, "title": "data.current('volume') returns 24hr volume in live=True but only 1 frame in live=False"}, {"date": "2018-02-27", "open": 1, "id": 4, "title": "[Low] Bitfinex WebSocket API"}, {"date": "2018-03-02", "open": 0, "id": 5, "title": "pandoc makes pip installation fail"}, {"date": "2018-02-26", "open": 0, "id": 6, "title": "Python 3 returns bytes, the parsing functions are looking for strings"}, {"date": "2018-02-26", "open": 0, "id": 7, "title": "data.history() candle data seems out of sync / different to old versions"}, {"date": "2018-02-26", "open": 0, "id": 8, "title": "ResolvePackageNotFound when trying to install catalyst in windows 10 "}, {"date": "2018-02-26", "open": 0, "id": 9, "title": "OSError: [Errno 2] No such file or directory: '2018-02-26.p' on day change"}], "num_prs_closed": 5},{"num_contributors": 5, "num_stars": 46, "readme_linecount": 83, "name": "bitcore", "contributors": [{"num_lines_deleted": 236, "num_lines_added": 244, "author_name": "limxdev", "num_lines_edited": 480, "num_commits": 5, "id": 0}], "num_branches": 2, "readme_exists": 1, "commits": [{"date": "2018-02-17", "num_lines_edited": 26, "num_lines_deleted": 13, "num_lines_added": 13, "id": 0}, {"date": "2018-02-01", "num_lines_edited": 2, "num_lines_deleted": 1, "num_lines_added": 1, "id": 1}, {"date": "2018-02-01", "num_lines_edited": 14, "num_lines_deleted": 4, "num_lines_added": 10, "id": 2}, {"date": "2018-02-01", "num_lines_edited": 210, "num_lines_deleted": 105, "num_lines_added": 105, "id": 3}, {"date": "2018-02-01", "num_lines_edited": 228, "num_lines_deleted": 113, "num_lines_added": 115, "id": 4}], "rank": "88", "num_prs_open": 0, "num_issues_closed": 5, "num_forks": 48, "prs": {"0": {"date": "2018-01-30", "open": false, "internal_id": 31, "title": "img add"}, "1": {"date": "2018-01-30", "open": false, "internal_id": 30, "title": "0.15.0.1"}, "2": {"date": "2018-01-30", "open": false, "internal_id": 29, "title": "updated nodes list"}, "3": {"date": "2018-01-30", "open": false, "internal_id": 27, "title": "Mychanges"}, "4": {"date": "2018-01-14", "open": false, "internal_id": 23, "title": "0.15 Update CSS"}}, "num_issues_open": 15, "num_watchers": 46, "forked": 0, "num_commits": 5, "id": "LIMXTEC/BitCore", "issues": [{"date": "2018-02-21", "open": 1, "id": 0, "title": "No rule to make target `bitcored.1'"}, {"date": "2018-02-19", "open": 1, "id": 1, "title": "Help with this error please"}, {"date": "2018-02-11", "open": 1, "id": 2, "title": "Windows 10 Bitcore v0.15.0.2 Text is Small and Doesn't Scale with 4K"}, {"date": "2018-02-04", "open": 1, "id": 3, "title": "Mac version won't start. Just crashes. Sent crash report."}, {"date": "2018-01-27", "open": 1, "id": 4, "title": " couldn't connect to server: unknown (code -1)"}, {"date": "2018-01-30", "open": 0, "id": 5, "title": "img add"}, {"date": "2018-01-30", "open": 0, "id": 6, "title": "0.15.0.1"}, {"date": "2018-01-29", "open": 0, "id": 7, "title": "updated nodes list"}, {"date": "2018-01-27", "open": 0, "id": 8, "title": "Mychanges"}, {"date": "2018-01-14", "open": 0, "id": 9, "title": "0.15 Update CSS"}], "num_prs_closed": 5},{"num_contributors": 11, "num_stars": 58, "readme_linecount": 15, "name": "neblio", "contributors": [{"num_lines_deleted": 1, "num_lines_added": 214, "author_name": "NeblioTeam", "num_lines_edited": 215, "num_commits": 2, "id": 0}, {"num_lines_deleted": 1, "num_lines_added": 17, "author_name": "TheQuantumPhysicist", "num_lines_edited": 18, "num_commits": 3, "id": 1}], "num_branches": 17, "readme_exists": 1, "commits": [{"date": "2018-02-23", "num_lines_edited": 18, "num_lines_deleted": 1, "num_lines_added": 17, "id": 0}, {"date": "2018-02-23", "num_lines_edited": 1, "num_lines_deleted": 0, "num_lines_added": 1, "id": 1}, {"date": "2018-02-22", "num_lines_edited": 14, "num_lines_deleted": 1, "num_lines_added": 13, "id": 2}, {"date": "2018-02-22", "num_lines_edited": 3, "num_lines_deleted": 0, "num_lines_added": 3, "id": 3}, {"date": "2018-02-18", "num_lines_edited": 197, "num_lines_deleted": 0, "num_lines_added": 197, "id": 4}], "rank": "89", "num_prs_open": 2, "num_issues_closed": 5, "num_forks": 28, "prs": {"0": {"date": "2018-03-03", "open": true, "internal_id": 86, "title": "Removed auto ptrs"}, "1": {"date": "2018-01-21", "open": true, "internal_id": 45, "title": "Fixes Issues #19 Rename to neblio-Core"}, "2": {"date": "2018-02-23", "open": false, "internal_id": 84, "title": "Boost 1 66 fixes"}, "3": {"date": "2018-02-18", "open": false, "internal_id": 80, "title": "Add import wallet option"}, "4": {"date": "2018-02-12", "open": false, "internal_id": 79, "title": "Segfault in debug menu fix"}, "5": {"date": "2018-02-11", "open": false, "internal_id": 78, "title": "Fix Qt icon in the file menus"}, "6": {"date": "2018-02-11", "open": false, "internal_id": 77, "title": "Removed subtransaction ID from formatted text output (copying + csv export)"}}, "num_issues_open": 16, "num_watchers": 58, "forked": 0, "num_commits": 5, "id": "NeblioTeam/neblio", "issues": [{"date": "2018-03-03", "open": 1, "id": 0, "title": "Removed auto ptrs"}, {"date": "2018-02-28", "open": 1, "id": 1, "title": "clang failing - can't compile"}, {"date": "2018-02-21", "open": 1, "id": 2, "title": "Use API to check if a neblio-qt address contains an NTP1 token, if it does, block spending"}, {"date": "2018-02-20", "open": 1, "id": 3, "title": "Add auto-completion to debug console"}, {"date": "2018-02-11", "open": 1, "id": 4, "title": "Replace auto_ptr with unique_ptr/shared_ptr"}, {"date": "2018-02-22", "open": 0, "id": 5, "title": "Boost 1 66 fixes"}, {"date": "2018-02-21", "open": 0, "id": 6, "title": "Support gcc 7 and boost 1.66"}, {"date": "2018-02-18", "open": 0, "id": 7, "title": "Add import wallet option"}, {"date": "2018-02-12", "open": 0, "id": 8, "title": "Segfault in debug menu fix"}, {"date": "2018-02-11", "open": 0, "id": 9, "title": "Fix Qt icon in the file menus"}], "num_prs_closed": 5},{"num_contributors": 7, "num_stars": 363, "readme_linecount": 173, "name": "bancor", "contributors": [{"num_lines_deleted": 1, "num_lines_added": 55, "author_name": "yudilevi", "num_lines_edited": 56, "num_commits": 1, "id": 0}, {"num_lines_deleted": 1, "num_lines_added": 55, "author_name": "ordd", "num_lines_edited": 56, "num_commits": 1, "id": 1}, {"num_lines_deleted": 12, "num_lines_added": 11, "author_name": "barakman", "num_lines_edited": 23, "num_commits": 3, "id": 2}], "num_branches": 3, "readme_exists": 1, "commits": [{"date": "2018-02-18", "num_lines_edited": 56, "num_lines_deleted": 1, "num_lines_added": 55, "id": 0}, {"date": "2018-02-18", "num_lines_edited": 56, "num_lines_deleted": 1, "num_lines_added": 55, "id": 1}, {"date": "2018-02-12", "num_lines_edited": 10, "num_lines_deleted": 5, "num_lines_added": 5, "id": 2}, {"date": "2018-02-12", "num_lines_edited": 10, "num_lines_deleted": 5, "num_lines_added": 5, "id": 3}, {"date": "2018-02-12", "num_lines_edited": 3, "num_lines_deleted": 2, "num_lines_added": 1, "id": 4}], "rank": "91", "num_prs_open": 1, "num_issues_closed": 5, "num_forks": 110, "prs": {"0": {"date": "2017-08-04", "open": true, "internal_id": 175, "title": "Add BancorWalletFactory to generate user-friendly BancorWallet."}, "1": {"date": "2018-02-19", "open": false, "internal_id": 193, "title": "tests added"}, "2": {"date": "2018-02-19", "open": false, "internal_id": 192, "title": "Create new modifier for owner or manager validation. Added tests for \u2026"}, "3": {"date": "2018-02-19", "open": false, "internal_id": 190, "title": "Upgrade solidity compiler version"}, "4": {"date": "2018-01-05", "open": false, "internal_id": 187, "title": "Ft quick converter tests 8g dvs4hb"}, "5": {"date": "2018-01-05", "open": false, "internal_id": 186, "title": "Fee conversion event"}}, "num_issues_open": 5, "num_watchers": 363, "forked": 0, "num_commits": 5, "id": "bancorprotocol/contracts", "issues": [{"date": "2018-03-02", "open": 1, "id": 0, "title": "[Metamask] Metamask failing"}, {"date": "2018-02-10", "open": 1, "id": 1, "title": "Tutorial for using bancor protocol"}, {"date": "2017-08-14", "open": 1, "id": 2, "title": "DAB will connect to Bancor network"}, {"date": "2017-08-03", "open": 1, "id": 3, "title": "Add BancorWalletFactory to generate user-friendly BancorWallet."}, {"date": "2017-05-23", "open": 1, "id": 4, "title": "Smart Token issue, destroy and EIP 621"}, {"date": "2018-02-28", "open": 0, "id": 5, "title": "[Critical Exploit] Price slippage scam"}, {"date": "2018-02-18", "open": 0, "id": 6, "title": "tests added"}, {"date": "2018-02-11", "open": 0, "id": 7, "title": "Create new modifier for owner or manager validation. Added tests for \u2026"}, {"date": "2018-02-07", "open": 0, "id": 8, "title": "Upgrade solidity compiler version"}, {"date": "2017-12-12", "open": 0, "id": 9, "title": "How to habdle Bancor Protocol supported token on exchange"}], "num_prs_closed": 5},{"num_contributors": 8, "num_stars": 232, "readme_linecount": 28, "name": "request-network", "contributors": [{"num_lines_deleted": 255, "num_lines_added": 86, "author_name": "vrolland", "num_lines_edited": 341, "num_commits": 5, "id": 0}], "num_branches": 3, "readme_exists": 1, "commits": [{"date": "2018-02-28", "num_lines_edited": 2, "num_lines_deleted": 1, "num_lines_added": 1, "id": 0}, {"date": "2018-02-01", "num_lines_edited": 2, "num_lines_deleted": 1, "num_lines_added": 1, "id": 1}, {"date": "2018-02-01", "num_lines_edited": 325, "num_lines_deleted": 247, "num_lines_added": 78, "id": 2}, {"date": "2018-02-01", "num_lines_edited": 2, "num_lines_deleted": 1, "num_lines_added": 1, "id": 3}, {"date": "2018-02-01", "num_lines_edited": 10, "num_lines_deleted": 5, "num_lines_added": 5, "id": 4}], "rank": "92", "num_prs_open": 1, "num_issues_closed": 5, "num_forks": 22, "prs": {"0": {"date": "2018-01-08", "open": true, "internal_id": 7, "title": "Add scripts to generate and server API reference."}, "1": {"date": "2018-02-01", "open": false, "internal_id": 26, "title": "Monorepo + SmartContract updated + lib updated"}, "2": {"date": "2018-02-01", "open": false, "internal_id": 23, "title": "Make npm run build work on windows"}, "3": {"date": "2018-01-17", "open": false, "internal_id": 16, "title": "Update comments and add test documentation"}, "4": {"date": "2018-01-15", "open": false, "internal_id": 15, "title": "chore(git): update gitignore now that dist folder is no longer versionned"}, "5": {"date": "2018-01-17", "open": false, "internal_id": 14, "title": "Add LICENSE MIT"}}, "num_issues_open": 4, "num_watchers": 232, "forked": 0, "num_commits": 5, "id": "RequestNetwork/requestNetwork", "issues": [{"date": "2018-01-31", "open": 1, "id": 0, "title": "Error: No accounts found"}, {"date": "2018-01-27", "open": 1, "id": 1, "title": "npm install does not work on windows"}, {"date": "2018-01-15", "open": 1, "id": 2, "title": "Setup an automatic testing tool"}, {"date": "2018-01-08", "open": 1, "id": 3, "title": "Add scripts to generate and server API reference."}, {"date": "2018-02-01", "open": 0, "id": 4, "title": "Monorepo + SmartContract updated + lib updated"}, {"date": "2018-01-27", "open": 0, "id": 5, "title": "Make npm run build work on windows"}, {"date": "2018-01-25", "open": 0, "id": 6, "title": "ReferenceError: size is not defined when calling createRequestAsPayee function"}, {"date": "2018-01-24", "open": 0, "id": 7, "title": "Missing dependencies when installing from NPM"}, {"date": "2018-01-24", "open": 0, "id": 8, "title": "Missing dependency when running tests"}], "num_prs_closed": 5},{"num_contributors": 14, "num_stars": 39, "readme_linecount": 35, "name": "smartcash", "contributors": [{"num_lines_deleted": 4, "num_lines_added": 4, "author_name": "thesolarminer", "num_lines_edited": 8, "num_commits": 4, "id": 0}, {"num_lines_deleted": 4, "num_lines_added": 4, "author_name": "leoreinaux", "num_lines_edited": 8, "num_commits": 1, "id": 1}], "num_branches": 9, "readme_exists": 1, "commits": [{"date": "2018-02-23", "num_lines_edited": 2, "num_lines_deleted": 1, "num_lines_added": 1, "id": 0}, {"date": "2018-02-21", "num_lines_edited": 8, "num_lines_deleted": 4, "num_lines_added": 4, "id": 1}, {"date": "2018-02-21", "num_lines_edited": 2, "num_lines_deleted": 1, "num_lines_added": 1, "id": 2}, {"date": "2018-02-21", "num_lines_edited": 2, "num_lines_deleted": 1, "num_lines_added": 1, "id": 3}, {"date": "2018-02-21", "num_lines_edited": 2, "num_lines_deleted": 1, "num_lines_added": 1, "id": 4}], "rank": "93", "num_prs_open": 0, "num_issues_closed": 5, "num_forks": 28, "prs": {"0": {"date": "2018-03-01", "open": false, "internal_id": 45, "title": "1.2"}, "1": {"date": "2018-02-28", "open": false, "internal_id": 44, "title": "1.2"}, "2": {"date": "2018-02-28", "open": false, "internal_id": 43, "title": "1.2"}, "3": {"date": "2018-02-20", "open": false, "internal_id": 42, "title": "fix smartrewards sum"}, "4": {"date": "2018-02-20", "open": false, "internal_id": 41, "title": "enable smartrewards tab and fix issues"}}, "num_issues_open": 0, "num_watchers": 39, "forked": 1, "num_commits": 5, "id": "SmartCash/smartcash", "issues": [{"date": "2018-02-28", "open": 0, "id": 0, "title": "1.2"}, {"date": "2018-02-28", "open": 0, "id": 1, "title": "1.2"}, {"date": "2018-02-27", "open": 0, "id": 2, "title": "1.2"}, {"date": "2018-02-20", "open": 0, "id": 3, "title": "fix smartrewards sum"}, {"date": "2018-02-20", "open": 0, "id": 4, "title": "enable smartrewards tab and fix issues"}], "num_prs_closed": 5},{"num_contributors": 20, "num_stars": 574, "readme_linecount": 47, "name": "maidsafecoin", "contributors": [{"num_lines_deleted": 29, "num_lines_added": 41, "author_name": "nbaksalyar", "num_lines_edited": 70, "num_commits": 3, "id": 0}, {"num_lines_deleted": 699, "num_lines_added": 16, "author_name": "ustulation", "num_lines_edited": 715, "num_commits": 1, "id": 1}, {"num_lines_deleted": 27, "num_lines_added": 36, "author_name": "Viv-Rajkumar", "num_lines_edited": 63, "num_commits": 1, "id": 2}], "num_branches": 3, "readme_exists": 1, "commits": [{"date": "2017-12-26", "num_lines_edited": 63, "num_lines_deleted": 27, "num_lines_added": 36, "id": 0}, {"date": "2017-12-26", "num_lines_edited": 31, "num_lines_deleted": 13, "num_lines_added": 18, "id": 1}, {"date": "2017-12-26", "num_lines_edited": 32, "num_lines_deleted": 14, "num_lines_added": 18, "id": 2}, {"date": "2017-12-19", "num_lines_edited": 7, "num_lines_deleted": 2, "num_lines_added": 5, "id": 3}, {"date": "2017-12-12", "num_lines_edited": 715, "num_lines_deleted": 699, "num_lines_added": 16, "id": 4}], "rank": "94", "num_prs_open": 2, "num_issues_closed": 5, "num_forks": 79, "prs": {"0": {"date": "2018-03-02", "open": true, "internal_id": 934, "title": "MAID-2501: test max request size"}, "1": {"date": "2018-02-26", "open": true, "internal_id": 932, "title": "Version change to 0.31.0"}, "2": {"date": "2018-02-27", "open": false, "internal_id": 933, "title": "MAID-2498: test encryption"}, "3": {"date": "2018-02-26", "open": false, "internal_id": 931, "title": "MAID-2499: Encrypt service discovery"}, "4": {"date": "2018-02-22", "open": false, "internal_id": 930, "title": "MAID-2500: echo address request encryption"}, "5": {"date": "2018-02-19", "open": false, "internal_id": 929, "title": "MAID-2500: Length delimited echo addr requests"}, "6": {"date": "2018-02-16", "open": false, "internal_id": 928, "title": "MAID-2497: Fix p2p connections"}}, "num_issues_open": 9, "num_watchers": 574, "forked": 0, "num_commits": 5, "id": "maidsafe/crust", "issues": [{"date": "2018-03-01", "open": 1, "id": 0, "title": "MAID-2501: test max request size"}, {"date": "2018-02-26", "open": 1, "id": 1, "title": "Version change to 0.31.0"}, {"date": "2018-01-11", "open": 1, "id": 2, "title": "Fix timeouts for rendezvous connect"}, {"date": "2018-01-11", "open": 1, "id": 3, "title": "Use correct bootstrap order"}, {"date": "2017-12-01", "open": 1, "id": 4, "title": "Don't call rendezvous_connect if we know we have an accessible listener."}, {"date": "2018-02-26", "open": 0, "id": 5, "title": "MAID-2498: test encryption"}, {"date": "2018-02-22", "open": 0, "id": 6, "title": "MAID-2499: Encrypt service discovery"}, {"date": "2018-02-20", "open": 0, "id": 7, "title": "MAID-2500: echo address request encryption"}, {"date": "2018-02-15", "open": 0, "id": 8, "title": "MAID-2500: Length delimited echo addr requests"}, {"date": "2018-02-13", "open": 0, "id": 9, "title": "MAID-2497: Fix p2p connections"}], "num_prs_closed": 5},{"num_contributors": 100, "num_stars": 47, "readme_linecount": 59, "name": "blocknet", "contributors": [{"num_lines_deleted": 61, "num_lines_added": 843, "author_name": "atcsecure", "num_lines_edited": 904, "num_commits": 3, "id": 0}, {"num_lines_deleted": 2, "num_lines_added": 2, "author_name": "magic53", "num_lines_edited": 4, "num_commits": 2, "id": 1}], "num_branches": 210, "readme_exists": 1, "commits": [{"date": "2017-10-17", "num_lines_edited": 888, "num_lines_deleted": 51, "num_lines_added": 837, "id": 0}, {"date": "2017-10-17", "num_lines_edited": 2, "num_lines_deleted": 1, "num_lines_added": 1, "id": 1}, {"date": "2017-10-17", "num_lines_edited": 2, "num_lines_deleted": 1, "num_lines_added": 1, "id": 2}, {"date": "2017-10-17", "num_lines_edited": 2, "num_lines_deleted": 1, "num_lines_added": 1, "id": 3}, {"date": "2017-10-17", "num_lines_edited": 14, "num_lines_deleted": 9, "num_lines_added": 5, "id": 4}], "rank": "95", "num_prs_open": 5, "num_issues_closed": 5, "num_forks": 22, "prs": {"0": {"date": "2018-03-03", "open": true, "internal_id": 179, "title": "BlocknetDX Alpha Release v3.9.10"}, "1": {"date": "2018-03-03", "open": true, "internal_id": 178, "title": "Implement dxGetOrderBookInv"}, "2": {"date": "2018-02-28", "open": true, "internal_id": 152, "title": "Selectable theme fix is in place and working also themes can be switc\u2026"}, "3": {"date": "2018-02-26", "open": true, "internal_id": 145, "title": "Dx rpc utxo methods"}, "4": {"date": "2018-03-03", "open": true, "internal_id": 132, "title": "Update default theme"}, "5": {"date": "2018-03-02", "open": false, "internal_id": 177, "title": "Removed rpc core values conversion to double"}, "6": {"date": "2018-03-02", "open": false, "internal_id": 176, "title": "Report wallet balance next to connected wallets"}, "7": {"date": "2018-03-02", "open": false, "internal_id": 175, "title": "Using boost lexical casts on xbridge amounts"}, "8": {"date": "2018-03-02", "open": false, "internal_id": 174, "title": "Sort orders ascending"}, "9": {"date": "2018-03-02", "open": false, "internal_id": 173, "title": "Add block balance"}}, "num_issues_open": 9, "num_watchers": 47, "forked": 1, "num_commits": 5, "id": "BlocknetDX/BlockDX", "issues": [{"date": "2018-03-03", "open": 1, "id": 0, "title": "BlocknetDX Alpha Release v3.9.10"}, {"date": "2018-03-03", "open": 1, "id": 1, "title": "Implement dxGetOrderBookInv"}, {"date": "2018-02-28", "open": 1, "id": 2, "title": "Selectable theme fix is in place and working also themes can be switc\u2026"}, {"date": "2018-02-26", "open": 1, "id": 3, "title": "Dx rpc utxo methods"}, {"date": "2018-02-21", "open": 1, "id": 4, "title": "Update default theme"}, {"date": "2018-03-02", "open": 0, "id": 5, "title": "Removed rpc core values conversion to double"}, {"date": "2018-03-02", "open": 0, "id": 6, "title": "Report wallet balance next to connected wallets"}, {"date": "2018-03-02", "open": 0, "id": 7, "title": "Using boost lexical casts on xbridge amounts"}, {"date": "2018-03-02", "open": 0, "id": 8, "title": "Sort orders ascending"}, {"date": "2018-03-02", "open": 0, "id": 9, "title": "Add block balance"}], "num_prs_closed": 5},{"num_contributors": 14, "num_stars": 69, "readme_linecount": 52, "name": "nexus", "contributors": [{"num_lines_deleted": 371, "num_lines_added": 387, "author_name": "albericxcirebla", "num_lines_edited": 758, "num_commits": 2, "id": 0}, {"num_lines_deleted": 23, "num_lines_added": 39, "author_name": "resistance-is-futile", "num_lines_edited": 62, "num_commits": 1, "id": 1}, {"num_lines_deleted": 371, "num_lines_added": 387, "author_name": "VidereLicet", "num_lines_edited": 758, "num_commits": 2, "id": 2}], "num_branches": 14, "readme_exists": 1, "commits": [{"date": "2018-02-28", "num_lines_edited": 744, "num_lines_deleted": 364, "num_lines_added": 380, "id": 0}, {"date": "2018-02-28", "num_lines_edited": 14, "num_lines_deleted": 7, "num_lines_added": 7, "id": 1}, {"date": "2018-02-25", "num_lines_edited": 744, "num_lines_deleted": 364, "num_lines_added": 380, "id": 2}, {"date": "2018-02-25", "num_lines_edited": 14, "num_lines_deleted": 7, "num_lines_added": 7, "id": 3}, {"date": "2018-02-21", "num_lines_edited": 62, "num_lines_deleted": 23, "num_lines_added": 39, "id": 4}], "rank": "96", "num_prs_open": 0, "num_issues_closed": 5, "num_forks": 41, "prs": {"0": {"date": "2018-02-28", "open": false, "internal_id": 65, "title": "Update nexus_fr_CA.ts"}, "1": {"date": "2018-02-28", "open": false, "internal_id": 64, "title": "Update nexus_fr_FR.ts"}, "2": {"date": "2018-02-21", "open": false, "internal_id": 61, "title": "Fixed the getsupplyrate method, it wasn't in the list of available me\u2026"}, "3": {"date": "2018-02-04", "open": false, "internal_id": 59, "title": "RPC command bugfixes"}, "4": {"date": "2018-02-04", "open": false, "internal_id": 58, "title": "Bugfix unspentbalance"}}, "num_issues_open": 6, "num_watchers": 69, "forked": 0, "num_commits": 5, "id": "Nexusoft/Nexus", "issues": [{"date": "2018-03-01", "open": 1, "id": 0, "title": "Problem compiling"}, {"date": "2018-02-13", "open": 1, "id": 1, "title": "Linux Compiling Issue"}, {"date": "2018-02-11", "open": 1, "id": 2, "title": "Wallet crashes: \"no time samples\""}, {"date": "2018-02-07", "open": 1, "id": 3, "title": "openssl types have been made opaque"}, {"date": "2018-01-02", "open": 1, "id": 4, "title": "linking errors"}, {"date": "2018-02-25", "open": 0, "id": 5, "title": "Update nexus_fr_CA.ts"}, {"date": "2018-02-25", "open": 0, "id": 6, "title": "Update nexus_fr_FR.ts"}, {"date": "2018-02-09", "open": 0, "id": 7, "title": "Fixed the getsupplyrate method, it wasn't in the list of available me\u2026"}, {"date": "2018-02-04", "open": 0, "id": 8, "title": "RPC command bugfixes"}, {"date": "2018-02-04", "open": 0, "id": 9, "title": "Bugfix unspentbalance"}], "num_prs_closed": 5},{"num_contributors": 9, "num_stars": 199, "readme_linecount": 261, "name": "singularitynet", "contributors": [{"num_lines_deleted": 49, "num_lines_added": 69, "author_name": "jensenbox", "num_lines_edited": 118, "num_commits": 1, "id": 0}, {"num_lines_deleted": 230, "num_lines_added": 387, "author_name": "inflector", "num_lines_edited": 617, "num_commits": 2, "id": 1}, {"num_lines_deleted": 88, "num_lines_added": 85, "author_name": "pennachin", "num_lines_edited": 173, "num_commits": 2, "id": 2}], "num_branches": 4, "readme_exists": 1, "commits": [{"date": "2018-01-29", "num_lines_edited": 52, "num_lines_deleted": 26, "num_lines_added": 26, "id": 0}, {"date": "2018-01-22", "num_lines_edited": 121, "num_lines_deleted": 62, "num_lines_added": 59, "id": 1}, {"date": "2018-01-18", "num_lines_edited": 118, "num_lines_deleted": 49, "num_lines_added": 69, "id": 2}, {"date": "2017-12-11", "num_lines_edited": 123, "num_lines_deleted": 38, "num_lines_added": 85, "id": 3}, {"date": "2017-12-11", "num_lines_edited": 494, "num_lines_deleted": 192, "num_lines_added": 302, "id": 4}], "rank": "97", "num_prs_open": 0, "num_issues_closed": 5, "num_forks": 72, "prs": {"0": {"date": "2018-01-29", "open": false, "internal_id": 108, "title": "Completing copyright update to 2018"}, "1": {"date": "2018-01-22", "open": false, "internal_id": 106, "title": "Some janitorial work, a little polish."}, "2": {"date": "2018-01-18", "open": false, "internal_id": 105, "title": "Update documentation and enable running on Ubuntu on Windows"}, "3": {"date": "2018-01-18", "open": false, "internal_id": 104, "title": "Small typo fixes and an obvious space addition"}, "4": {"date": "2017-12-11", "open": false, "internal_id": 101, "title": "Add cors"}}, "num_issues_open": 4, "num_watchers": 199, "forked": 0, "num_commits": 5, "id": "singnet/singnet", "issues": [{"date": "2018-02-18", "open": 1, "id": 0, "title": "Can Perform always throws 400 Bad Request Error"}, {"date": "2018-01-13", "open": 1, "id": 1, "title": "Lock the dependency versions "}, {"date": "2018-01-07", "open": 1, "id": 2, "title": "Documentation Clarification - Use case"}, {"date": "2017-11-27", "open": 1, "id": 3, "title": "Running Charlie without TestRPC gives a cryptic error"}, {"date": "2018-01-27", "open": 0, "id": 4, "title": "Completing copyright update to 2018"}, {"date": "2018-01-26", "open": 0, "id": 5, "title": "## Bug - AGI Tokens not registered in Parity Token Registry hence not tradeable using Parity Wallet"}, {"date": "2018-01-19", "open": 0, "id": 6, "title": "Some janitorial work, a little polish."}, {"date": "2018-01-18", "open": 0, "id": 7, "title": "Update documentation and enable running on Ubuntu on Windows"}, {"date": "2018-01-18", "open": 0, "id": 8, "title": "Small typo fixes and an obvious space addition"}], "num_prs_closed": 5},{"num_contributors": 5, "num_stars": 1, "readme_linecount": 59, "name": "pillar", "contributors": [{"num_lines_deleted": 7, "num_lines_added": 6, "author_name": "zincoshine", "num_lines_edited": 13, "num_commits": 2, "id": 0}, {"num_lines_deleted": 0, "num_lines_added": 21, "author_name": "thackerronak", "num_lines_edited": 21, "num_commits": 1, "id": 1}, {"num_lines_deleted": 13, "num_lines_added": 22, "author_name": "twentythirty", "num_lines_edited": 35, "num_commits": 2, "id": 2}], "num_branches": 1, "readme_exists": 1, "commits": [{"date": "2017-07-14", "num_lines_edited": 4, "num_lines_deleted": 2, "num_lines_added": 2, "id": 0}, {"date": "2017-06-29", "num_lines_edited": 9, "num_lines_deleted": 5, "num_lines_added": 4, "id": 1}, {"date": "2017-06-15", "num_lines_edited": 21, "num_lines_deleted": 0, "num_lines_added": 21, "id": 2}, {"date": "2017-06-14", "num_lines_edited": 30, "num_lines_deleted": 11, "num_lines_added": 19, "id": 3}, {"date": "2017-06-14", "num_lines_edited": 5, "num_lines_deleted": 2, "num_lines_added": 3, "id": 4}], "rank": "98", "num_prs_open": 0, "num_issues_closed": 0, "num_forks": 0, "prs": {}, "num_issues_open": 0, "num_watchers": 1, "forked": 1, "num_commits": 5, "id": "pillarwallet/PillarToken", "issues": [], "num_prs_closed": 0},{"num_contributors": 100, "num_stars": 270, "readme_linecount": 57, "name": "vertcoin", "contributors": [{"num_lines_deleted": 4, "num_lines_added": 42, "author_name": "gertjaap", "num_lines_edited": 46, "num_commits": 2, "id": 0}, {"num_lines_deleted": 6, "num_lines_added": 50, "author_name": "metalicjames", "num_lines_edited": 56, "num_commits": 3, "id": 1}], "num_branches": 14, "readme_exists": 1, "commits": [{"date": "2018-03-01", "num_lines_edited": 26, "num_lines_deleted": 4, "num_lines_added": 22, "id": 0}, {"date": "2018-03-01", "num_lines_edited": 26, "num_lines_deleted": 4, "num_lines_added": 22, "id": 1}, {"date": "2018-03-01", "num_lines_edited": 20, "num_lines_deleted": 0, "num_lines_added": 20, "id": 2}, {"date": "2018-03-01", "num_lines_edited": 20, "num_lines_deleted": 0, "num_lines_added": 20, "id": 3}, {"date": "2018-03-01", "num_lines_edited": 10, "num_lines_deleted": 2, "num_lines_added": 8, "id": 4}], "rank": "100", "num_prs_open": 0, "num_issues_closed": 5, "num_forks": 92, "prs": {"0": {"date": "2018-03-01", "open": false, "internal_id": 33, "title": "Default startup verification only checks PoW from last checkpoint"}, "1": {"date": "2018-03-01", "open": false, "internal_id": 32, "title": "Add compiler switch for SSE2 optimized Scrypt"}, "2": {"date": "2018-03-01", "open": false, "internal_id": 31, "title": "Add a command line switch to skip chain of work verification on startup"}, "3": {"date": "2018-02-12", "open": false, "internal_id": 30, "title": "remove sections from issue template which only apply to bitcoin-core"}, "4": {"date": "2018-02-18", "open": false, "internal_id": 28, "title": "Regtest Genesis Block"}}, "num_issues_open": 5, "num_watchers": 270, "forked": 1, "num_commits": 5, "id": "vertcoin/vertcoin", "issues": [{"date": "2018-02-08", "open": 1, "id": 0, "title": "About testing"}, {"date": "2018-01-09", "open": 1, "id": 1, "title": "Error compiling on arch"}, {"date": "2018-01-04", "open": 1, "id": 2, "title": "rpcuser.py output text is confusing"}, {"date": "2017-12-18", "open": 1, "id": 3, "title": "Slow startup on new version"}, {"date": "2017-08-28", "open": 1, "id": 4, "title": "Transaction CSV export enhancement"}, {"date": "2018-03-01", "open": 0, "id": 5, "title": "Default startup verification only checks PoW from last checkpoint"}, {"date": "2018-03-01", "open": 0, "id": 6, "title": "Add compiler switch for SSE2 optimized Scrypt"}, {"date": "2018-02-28", "open": 0, "id": 7, "title": "Add a command line switch to skip chain of work verification on startup"}, {"date": "2018-02-11", "open": 0, "id": 8, "title": "remove sections from issue template which only apply to bitcoin-core"}, {"date": "2018-02-07", "open": 0, "id": 9, "title": "Regtest Genesis Block"}], "num_prs_closed": 5}]