[{"num_contributors": 4, "num_stars": 25, "readme_linecount": 65, "name": "wepower", "contributors": [{"num_lines_deleted": 117, "num_lines_added": 95, "author_name": "matt-lough", "num_lines_edited": 212, "num_commits": 4, "id": 0}, {"num_lines_deleted": 17, "num_lines_added": 139, "author_name": "LukasKairys", "num_lines_edited": 156, "num_commits": 1, "id": 1}], "num_branches": 6, "readme_exists": 1, "commits": [{"date": "2018-01-28", "num_lines_edited": 156, "num_lines_deleted": 17, "num_lines_added": 139, "id": 0}, {"date": "2018-01-28", "num_lines_edited": 38, "num_lines_deleted": 16, "num_lines_added": 22, "id": 1}, {"date": "2018-01-26", "num_lines_edited": 1, "num_lines_deleted": 0, "num_lines_added": 1, "id": 2}, {"date": "2018-01-26", "num_lines_edited": 2, "num_lines_deleted": 1, "num_lines_added": 1, "id": 3}, {"date": "2018-01-26", "num_lines_edited": 171, "num_lines_deleted": 100, "num_lines_added": 71, "id": 4}], "rank": "169", "num_prs_open": 0, "num_issues_closed": 5, "num_forks": 5, "prs": {"0": {"date": "2018-01-28", "open": false, "internal_id": 18, "title": "Updated token distribution requirements"}, "1": {"date": "2018-01-24", "open": false, "internal_id": 17, "title": "InvestorWallet Contract Update. Added tests and test coverage"}, "2": {"date": "2018-01-23", "open": false, "internal_id": 16, "title": "Feature/coverage fix"}, "3": {"date": "2018-01-23", "open": false, "internal_id": 15, "title": "Updated Requirements - New Tests"}, "4": {"date": "2018-01-19", "open": false, "internal_id": 14, "title": "Update exchangerate"}}, "num_issues_open": 0, "num_watchers": 25, "forked": 0, "num_commits": 5, "id": "WePowerNetwork/wepower-contracts", "issues": [{"date": "2018-01-28", "open": 0, "id": 0, "title": "Updated token distribution requirements"}, {"date": "2018-01-24", "open": 0, "id": 1, "title": "InvestorWallet Contract Update. Added tests and test coverage"}, {"date": "2018-01-22", "open": 0, "id": 2, "title": "Feature/coverage fix"}, {"date": "2018-01-22", "open": 0, "id": 3, "title": "Updated Requirements - New Tests"}, {"date": "2018-01-19", "open": 0, "id": 4, "title": "Update exchangerate"}], "num_prs_closed": 5},{"num_contributors": 1, "num_stars": 44, "readme_linecount": 249, "name": "spankchain", "contributors": [{"num_lines_deleted": 117, "num_lines_added": 186, "author_name": "nginnever", "num_lines_edited": 303, "num_commits": 5, "id": 0}], "num_branches": 1, "readme_exists": 1, "commits": [{"date": "2018-03-03", "num_lines_edited": 98, "num_lines_deleted": 48, "num_lines_added": 50, "id": 0}, {"date": "2018-03-01", "num_lines_edited": 38, "num_lines_deleted": 20, "num_lines_added": 18, "id": 1}, {"date": "2018-02-28", "num_lines_edited": 36, "num_lines_deleted": 18, "num_lines_added": 18, "id": 2}, {"date": "2018-02-28", "num_lines_edited": 88, "num_lines_deleted": 28, "num_lines_added": 60, "id": 3}, {"date": "2018-02-27", "num_lines_edited": 43, "num_lines_deleted": 3, "num_lines_added": 40, "id": 4}], "rank": "170", "num_prs_open": 0, "num_issues_closed": 0, "num_forks": 4, "prs": {}, "num_issues_open": 1, "num_watchers": 44, "forked": 0, "num_commits": 5, "id": "SpankChain/general-state-channels", "issues": [{"date": "2018-03-02", "open": 1, "id": 0, "title": "counterfactual addresses can be made to point to arbitrary code"}], "num_prs_closed": 0},{"num_contributors": 0, "num_stars": 12, "readme_linecount": 0, "name": "bibox-token", "contributors": [], "num_branches": 1, "readme_exists": 0, "commits": [], "rank": "173", "num_prs_open": 0, "num_issues_closed": 0, "num_forks": 3, "prs": {}, "num_issues_open": 0, "num_watchers": 12, "forked": 0, "num_commits": 0, "id": "bibox365/bixtoken", "issues": [], "num_prs_closed": 0},{"num_contributors": 23, "num_stars": 128, "readme_linecount": 233, "name": "burst", "contributors": [{"num_lines_deleted": 55, "num_lines_added": 328, "author_name": "Brabantian", "num_lines_edited": 383, "num_commits": 2, "id": 0}, {"num_lines_deleted": 6389, "num_lines_added": 13, "author_name": "rico666", "num_lines_edited": 6402, "num_commits": 2, "id": 1}, {"num_lines_deleted": 33, "num_lines_added": 33, "author_name": "velmyshanovnyi", "num_lines_edited": 66, "num_commits": 1, "id": 2}], "num_branches": 1, "readme_exists": 1, "commits": [{"date": "2018-03-03", "num_lines_edited": 310, "num_lines_deleted": 47, "num_lines_added": 263, "id": 0}, {"date": "2018-03-02", "num_lines_edited": 73, "num_lines_deleted": 8, "num_lines_added": 65, "id": 1}, {"date": "2018-03-02", "num_lines_edited": 66, "num_lines_deleted": 33, "num_lines_added": 33, "id": 2}, {"date": "2018-02-27", "num_lines_edited": 32, "num_lines_deleted": 23, "num_lines_added": 9, "id": 3}, {"date": "2018-02-27", "num_lines_edited": 6370, "num_lines_deleted": 6366, "num_lines_added": 4, "id": 4}], "rank": "174", "num_prs_open": 0, "num_issues_closed": 5, "num_forks": 42, "prs": {"0": {"date": "2018-03-03", "open": false, "internal_id": 160, "title": "Nearing 20%"}, "1": {"date": "2018-03-02", "open": false, "internal_id": 158, "title": "Base for integration tests. Let's prove this wallet can start."}, "2": {"date": "2018-03-02", "open": false, "internal_id": 157, "title": "fix ukrainian translate 0...100"}, "3": {"date": "2018-02-27", "open": false, "internal_id": 156, "title": "false positive Vulnerability Alert fix"}, "4": {"date": "2018-02-27", "open": false, "internal_id": 155, "title": "Locales update + fix"}}, "num_issues_open": 15, "num_watchers": 128, "forked": 1, "num_commits": 5, "id": "PoC-Consortium/burstcoin", "issues": [{"date": "2018-03-03", "open": 1, "id": 0, "title": "BRS 2.2.0 Sonar Metric Benchmarks"}, {"date": "2018-03-02", "open": 1, "id": 1, "title": "Enable easier Integration Test scenario writing by providing the correct technical abstractions"}, {"date": "2018-02-18", "open": 1, "id": 2, "title": "Account balance blocked when sending Burst"}, {"date": "2018-02-08", "open": 1, "id": 3, "title": "Towards a v2 API"}, {"date": "2018-02-08", "open": 1, "id": 4, "title": "Implement local DB access methods"}, {"date": "2018-03-03", "open": 0, "id": 5, "title": "Nearing 20%"}, {"date": "2018-03-02", "open": 0, "id": 6, "title": "Base for integration tests. Let's prove this wallet can start."}, {"date": "2018-03-02", "open": 0, "id": 7, "title": "fix ukrainian translate 0...100"}, {"date": "2018-02-27", "open": 0, "id": 8, "title": "false positive Vulnerability Alert fix"}, {"date": "2018-02-27", "open": 0, "id": 9, "title": "Locales update + fix"}], "num_prs_closed": 5},{"num_contributors": 4, "num_stars": 19, "readme_linecount": 313, "name": "jibrel-network", "contributors": [{"num_lines_deleted": 7035, "num_lines_added": 7058, "author_name": "IViol", "num_lines_edited": 14093, "num_commits": 5, "id": 0}], "num_branches": 4, "readme_exists": 1, "commits": [{"date": "2017-11-02", "num_lines_edited": 2, "num_lines_deleted": 1, "num_lines_added": 1, "id": 0}, {"date": "2017-11-02", "num_lines_edited": 4103, "num_lines_deleted": 4008, "num_lines_added": 95, "id": 1}, {"date": "2017-10-08", "num_lines_edited": 2, "num_lines_deleted": 1, "num_lines_added": 1, "id": 2}, {"date": "2017-10-08", "num_lines_edited": 628, "num_lines_deleted": 2, "num_lines_added": 626, "id": 3}, {"date": "2017-10-07", "num_lines_edited": 9358, "num_lines_deleted": 3023, "num_lines_added": 6335, "id": 4}], "rank": "175", "num_prs_open": 0, "num_issues_closed": 5, "num_forks": 4, "prs": {"0": {"date": "2017-10-07", "open": false, "internal_id": 19, "title": "Add features:"}, "1": {"date": "2017-10-19", "open": false, "internal_id": 18, "title": "Change QRCode import"}, "2": {"date": "2017-10-06", "open": false, "internal_id": 17, "title": "Change qrcode import"}, "3": {"date": "2017-09-22", "open": false, "internal_id": 16, "title": "Fixes #15"}, "4": {"date": "2017-09-11", "open": false, "internal_id": 14, "title": "Dev/add chainid 13"}}, "num_issues_open": 5, "num_watchers": 19, "forked": 0, "num_commits": 5, "id": "jibrelnetwork/ethereum-qr-code", "issues": [{"date": "2017-11-14", "open": 1, "id": 0, "title": "Add `data` to the simple schema"}, {"date": "2017-11-14", "open": 1, "id": 1, "title": "Create good demo"}, {"date": "2017-11-13", "open": 1, "id": 2, "title": "document is not defined"}, {"date": "2017-08-14", "open": 1, "id": 3, "title": "QR code reader library example"}, {"date": "2017-08-09", "open": 1, "id": 4, "title": "add option with placing token icon on generated canvas"}, {"date": "2017-10-29", "open": 0, "id": 5, "title": "URL invalid when having 2 parameters"}, {"date": "2017-10-07", "open": 0, "id": 6, "title": "Add features:"}, {"date": "2017-10-06", "open": 0, "id": 7, "title": "Change QRCode import"}, {"date": "2017-10-06", "open": 0, "id": 8, "title": "Change qrcode import"}, {"date": "2017-09-22", "open": 0, "id": 9, "title": "Fixes #15"}], "num_prs_closed": 5},{"num_contributors": 6, "num_stars": 80, "readme_linecount": 13, "name": "xtrabytes", "contributors": [{"num_lines_deleted": 3, "num_lines_added": 4, "author_name": "jcpbs", "num_lines_edited": 7, "num_commits": 3, "id": 0}, {"num_lines_deleted": 17, "num_lines_added": 71, "author_name": "borzalom", "num_lines_edited": 88, "num_commits": 2, "id": 1}], "num_branches": 6, "readme_exists": 1, "commits": [{"date": "2018-01-05", "num_lines_edited": 1, "num_lines_deleted": 0, "num_lines_added": 1, "id": 0}, {"date": "2018-01-05", "num_lines_edited": 4, "num_lines_deleted": 2, "num_lines_added": 2, "id": 1}, {"date": "2018-01-05", "num_lines_edited": 44, "num_lines_deleted": 14, "num_lines_added": 30, "id": 2}, {"date": "2018-01-04", "num_lines_edited": 44, "num_lines_deleted": 3, "num_lines_added": 41, "id": 3}, {"date": "2018-01-03", "num_lines_edited": 2, "num_lines_deleted": 1, "num_lines_added": 1, "id": 4}], "rank": "176", "num_prs_open": 1, "num_issues_closed": 5, "num_forks": 18, "prs": {"0": {"date": "2018-02-27", "open": true, "internal_id": 22, "title": "Update README.md"}, "1": {"date": "2017-06-25", "open": false, "internal_id": 16, "title": "testnet changes"}, "2": {"date": "2017-06-26", "open": false, "internal_id": 15, "title": "Update clientversion.h"}, "3": {"date": "2017-09-11", "open": false, "internal_id": 14, "title": "Use markdown headers for content"}, "4": {"date": "2017-06-04", "open": false, "internal_id": 13, "title": "Improve markdown format for Window's README"}, "5": {"date": "2017-05-30", "open": false, "internal_id": 12, "title": "rpcport/port update"}}, "num_issues_open": 7, "num_watchers": 80, "forked": 0, "num_commits": 5, "id": "borzalom/XtraBYtes", "issues": [{"date": "2018-02-27", "open": 1, "id": 0, "title": "Update README.md"}, {"date": "2018-01-24", "open": 1, "id": 1, "title": "Link to slack in README.md"}, {"date": "2017-12-18", "open": 1, "id": 2, "title": "Client uses old packages"}, {"date": "2017-12-08", "open": 1, "id": 3, "title": "make fails on up to date debian 9 stretch"}, {"date": "2017-11-07", "open": 1, "id": 4, "title": "Xfueld errors"}, {"date": "2017-07-21", "open": 0, "id": 5, "title": "libminiupnpc version"}, {"date": "2017-06-25", "open": 0, "id": 6, "title": "testnet changes"}, {"date": "2017-06-24", "open": 0, "id": 7, "title": "Update clientversion.h"}, {"date": "2017-06-04", "open": 0, "id": 8, "title": "Use markdown headers for content"}, {"date": "2017-06-04", "open": 0, "id": 9, "title": "Improve markdown format for Window's README"}], "num_prs_closed": 5},{"num_contributors": 6, "num_stars": 157, "readme_linecount": 92, "name": "nuls", "contributors": [{"num_lines_deleted": 4, "num_lines_added": 11, "author_name": "zhouwei1985", "num_lines_edited": 15, "num_commits": 2, "id": 0}, {"num_lines_deleted": 3, "num_lines_added": 6, "author_name": "niels1286", "num_lines_edited": 9, "num_commits": 2, "id": 1}, {"num_lines_deleted": 0, "num_lines_added": 2, "author_name": "daviyang35", "num_lines_edited": 2, "num_commits": 1, "id": 2}], "num_branches": 5, "readme_exists": 1, "commits": [{"date": "2018-03-02", "num_lines_edited": 2, "num_lines_deleted": 0, "num_lines_added": 2, "id": 0}, {"date": "2018-03-02", "num_lines_edited": 6, "num_lines_deleted": 3, "num_lines_added": 3, "id": 1}, {"date": "2018-03-02", "num_lines_edited": 3, "num_lines_deleted": 0, "num_lines_added": 3, "id": 2}, {"date": "2018-03-02", "num_lines_edited": 9, "num_lines_deleted": 1, "num_lines_added": 8, "id": 3}, {"date": "2018-03-02", "num_lines_edited": 6, "num_lines_deleted": 3, "num_lines_added": 3, "id": 4}], "rank": "177", "num_prs_open": 0, "num_issues_closed": 5, "num_forks": 29, "prs": {"0": {"date": "2018-01-20", "open": false, "internal_id": 12, "title": "remove excess html p tags from license"}, "1": {"date": "2018-01-08", "open": false, "internal_id": 3, "title": "Correct some typos on method names and calls"}, "2": {"date": "2017-11-14", "open": false, "internal_id": 2, "title": "change maven settings and using gitignore.io template file"}, "3": {"date": "2017-11-13", "open": false, "internal_id": 1, "title": "set all module compiler target version"}}, "num_issues_open": 0, "num_watchers": 157, "forked": 0, "num_commits": 5, "id": "nuls-io/nuls", "issues": [{"date": "2018-02-28", "open": 0, "id": 0, "title": " Bootstrap error"}, {"date": "2018-02-26", "open": 0, "id": 1, "title": "\u600e\u4e48\u8fd0\u884c"}, {"date": "2018-02-12", "open": 0, "id": 2, "title": "Use more descriptive commit messages"}, {"date": "2018-02-10", "open": 0, "id": 3, "title": "compile (default-compile) on project ledger: Compilation failure"}, {"date": "2018-01-20", "open": 0, "id": 4, "title": "\u6709\u4e2a\u5730\u65b9\u9519\u4e86"}], "num_prs_closed": 4},{"num_contributors": 1, "num_stars": 16, "readme_linecount": 1, "name": "ripio-credit-network", "contributors": [{"num_lines_deleted": 5, "num_lines_added": 5, "author_name": "antoniobp", "num_lines_edited": 10, "num_commits": 1, "id": 0}, {"num_lines_deleted": 6, "num_lines_added": 43, "author_name": "Agusx1211", "num_lines_edited": 49, "num_commits": 3, "id": 1}, {"num_lines_deleted": 2, "num_lines_added": 39, "author_name": "sserrano44", "num_lines_edited": 41, "num_commits": 1, "id": 2}], "num_branches": 9, "readme_exists": 1, "commits": [{"date": "2017-10-24", "num_lines_edited": 41, "num_lines_deleted": 2, "num_lines_added": 39, "id": 0}, {"date": "2017-10-24", "num_lines_edited": 41, "num_lines_deleted": 2, "num_lines_added": 39, "id": 1}, {"date": "2017-10-23", "num_lines_edited": 10, "num_lines_deleted": 5, "num_lines_added": 5, "id": 2}, {"date": "2017-10-23", "num_lines_edited": 2, "num_lines_deleted": 1, "num_lines_added": 1, "id": 3}, {"date": "2017-10-20", "num_lines_edited": 6, "num_lines_deleted": 3, "num_lines_added": 3, "id": 4}], "rank": "180", "num_prs_open": 0, "num_issues_closed": 5, "num_forks": 4, "prs": {"0": {"date": "2017-10-24", "open": false, "internal_id": 12, "title": "Created preallocations whitelist"}, "1": {"date": "2017-10-23", "open": false, "internal_id": 11, "title": " Replaced createTokens function with fallback function"}, "2": {"date": "2017-10-19", "open": false, "internal_id": 10, "title": "Gas price limit 60 gwei"}, "3": {"date": "2017-10-18", "open": false, "internal_id": 9, "title": "Zeppelin audit fixes"}, "4": {"date": "2017-10-09", "open": false, "internal_id": 4, "title": "Crowdsale whitelist"}}, "num_issues_open": 0, "num_watchers": 16, "forked": 0, "num_commits": 5, "id": "ripio/rcn-token", "issues": [{"date": "2017-11-07", "open": 0, "id": 0, "title": "Hello."}, {"date": "2017-10-24", "open": 0, "id": 1, "title": "spam"}, {"date": "2017-10-24", "open": 0, "id": 2, "title": "Created preallocations whitelist"}, {"date": "2017-10-20", "open": 0, "id": 3, "title": " Replaced createTokens function with fallback function"}, {"date": "2017-10-19", "open": 0, "id": 4, "title": "Gas price limit 60 gwei"}], "num_prs_closed": 5},{"num_contributors": 5, "num_stars": 11, "readme_linecount": 47, "name": "wagerr", "contributors": [{"num_lines_deleted": 6, "num_lines_added": 19, "author_name": "WagerrTor", "num_lines_edited": 25, "num_commits": 5, "id": 0}], "num_branches": 11, "readme_exists": 1, "commits": [{"date": "2018-02-27", "num_lines_edited": 15, "num_lines_deleted": 1, "num_lines_added": 14, "id": 0}, {"date": "2018-02-26", "num_lines_edited": 4, "num_lines_deleted": 3, "num_lines_added": 1, "id": 1}, {"date": "2018-02-26", "num_lines_edited": 2, "num_lines_deleted": 0, "num_lines_added": 2, "id": 2}, {"date": "2018-02-26", "num_lines_edited": 2, "num_lines_deleted": 1, "num_lines_added": 1, "id": 3}, {"date": "2018-02-26", "num_lines_edited": 2, "num_lines_deleted": 1, "num_lines_added": 1, "id": 4}], "rank": "184", "num_prs_open": 3, "num_issues_closed": 5, "num_forks": 12, "prs": {"0": {"date": "2018-03-01", "open": true, "internal_id": 24, "title": "Fix filename of wagerr.desktop for Snapcraft builds"}, "1": {"date": "2018-03-01", "open": true, "internal_id": 23, "title": "Update build system from upstream"}, "2": {"date": "2018-02-28", "open": true, "internal_id": 11, "title": "LevelDB 1.18"}, "3": {"date": "2018-02-25", "open": false, "internal_id": 16, "title": "Update icons"}, "4": {"date": "2018-02-22", "open": false, "internal_id": 10, "title": "Corrected mainnet params for zWGR"}, "5": {"date": "2018-02-22", "open": false, "internal_id": 9, "title": "Corrected mainnet params for zWGR"}, "6": {"date": "2018-02-25", "open": false, "internal_id": 7, "title": "Remove vfReachable and modify IsReachable to only use vfLimited."}, "7": {"date": "2018-02-21", "open": false, "internal_id": 5, "title": "Dirty fix to enable Travis builds"}}, "num_issues_open": 6, "num_watchers": 11, "forked": 0, "num_commits": 5, "id": "wagerr/wagerr", "issues": [{"date": "2018-03-02", "open": 1, "id": 0, "title": "zwgr autoconvert"}, {"date": "2018-03-01", "open": 1, "id": 1, "title": "Fix filename of wagerr.desktop for Snapcraft builds"}, {"date": "2018-03-01", "open": 1, "id": 2, "title": "Update build system from upstream"}, {"date": "2018-02-28", "open": 1, "id": 3, "title": "\ud83d\udea7 **Apply fixes and patches from pivx source** \ud83d\udea7"}, {"date": "2018-02-26", "open": 1, "id": 4, "title": "masternode automatically goes to MISSING!"}, {"date": "2018-02-26", "open": 0, "id": 5, "title": "Wagerr core wallet _ Problems with converting to zWGR"}, {"date": "2018-02-26", "open": 0, "id": 6, "title": "Moneysupply reports incorrectly in GETINFO"}, {"date": "2018-02-24", "open": 0, "id": 7, "title": "maternode outpus nothing"}, {"date": "2018-02-23", "open": 0, "id": 8, "title": "Failed to start masternode"}, {"date": "2018-02-23", "open": 0, "id": 9, "title": "Update icons"}], "num_prs_closed": 5},{"num_contributors": 10, "num_stars": 53, "readme_linecount": 31, "name": "cobinhood", "contributors": [{"num_lines_deleted": 1, "num_lines_added": 52, "author_name": "popodidi", "num_lines_edited": 53, "num_commits": 1, "id": 0}, {"num_lines_deleted": 2, "num_lines_added": 2, "author_name": "wmin0", "num_lines_edited": 4, "num_commits": 1, "id": 1}, {"num_lines_deleted": 99, "num_lines_added": 119, "author_name": "aitjcize", "num_lines_edited": 218, "num_commits": 3, "id": 2}], "num_branches": 2, "readme_exists": 1, "commits": [{"date": "2018-03-02", "num_lines_edited": 26, "num_lines_deleted": 13, "num_lines_added": 13, "id": 0}, {"date": "2018-03-02", "num_lines_edited": 32, "num_lines_deleted": 16, "num_lines_added": 16, "id": 1}, {"date": "2018-03-02", "num_lines_edited": 160, "num_lines_deleted": 70, "num_lines_added": 90, "id": 2}, {"date": "2018-02-12", "num_lines_edited": 4, "num_lines_deleted": 2, "num_lines_added": 2, "id": 3}, {"date": "2018-02-12", "num_lines_edited": 53, "num_lines_deleted": 1, "num_lines_added": 52, "id": 4}], "rank": "185", "num_prs_open": 0, "num_issues_closed": 5, "num_forks": 17, "prs": {"0": {"date": "2018-02-12", "open": false, "internal_id": 21, "title": "add get wallet balances endpoint"}, "1": {"date": "2018-02-12", "open": false, "internal_id": 20, "title": "Correct market/orderbook response"}, "2": {"date": "2018-02-12", "open": false, "internal_id": 19, "title": "update api response"}, "3": {"date": "2018-02-09", "open": false, "internal_id": 17, "title": "Remove order modify api trading_pair parameter"}, "4": {"date": "2018-02-08", "open": false, "internal_id": 13, "title": "Mod: modify API doc format"}}, "num_issues_open": 13, "num_watchers": 53, "forked": 0, "num_commits": 5, "id": "cobinhood/cobinhood-api-public", "issues": [{"date": "2018-02-24", "open": 1, "id": 0, "title": "enum is not working for websocket"}, {"date": "2018-02-20", "open": 1, "id": 1, "title": "Pagination and limit not working on REST API"}, {"date": "2018-02-19", "open": 1, "id": 2, "title": "websocket orderbook problems?"}, {"date": "2018-02-19", "open": 1, "id": 3, "title": "Mixed up highest_bid and lowest_ask fields in /v1/market/stats"}, {"date": "2018-02-13", "open": 1, "id": 4, "title": "Websocket ticker highest bid is wrong"}, {"date": "2018-02-22", "open": 0, "id": 5, "title": "closed"}, {"date": "2018-02-21", "open": 0, "id": 6, "title": "how to set nonce?"}, {"date": "2018-02-19", "open": 0, "id": 7, "title": "JWT authentication_error"}, {"date": "2018-02-12", "open": 0, "id": 8, "title": "add get wallet balances endpoint"}, {"date": "2018-02-12", "open": 0, "id": 9, "title": "Correct market/orderbook response"}], "num_prs_closed": 5},{"num_contributors": 100, "num_stars": 30, "readme_linecount": 101, "name": "einsteinium", "contributors": [{"num_lines_deleted": 7, "num_lines_added": 7, "author_name": "emc2foundation", "num_lines_edited": 14, "num_commits": 3, "id": 0}, {"num_lines_deleted": 3, "num_lines_added": 3, "author_name": "pericanikolic", "num_lines_edited": 6, "num_commits": 2, "id": 1}], "num_branches": 9, "readme_exists": 1, "commits": [{"date": "2017-10-21", "num_lines_edited": 6, "num_lines_deleted": 3, "num_lines_added": 3, "id": 0}, {"date": "2017-10-18", "num_lines_edited": 6, "num_lines_deleted": 3, "num_lines_added": 3, "id": 1}, {"date": "2017-10-10", "num_lines_edited": 2, "num_lines_deleted": 1, "num_lines_added": 1, "id": 2}, {"date": "2017-09-15", "num_lines_edited": 4, "num_lines_deleted": 2, "num_lines_added": 2, "id": 3}, {"date": "2017-09-15", "num_lines_edited": 2, "num_lines_deleted": 1, "num_lines_added": 1, "id": 4}], "rank": "186", "num_prs_open": 0, "num_issues_closed": 2, "num_forks": 9, "prs": {"0": {"date": "2017-07-03", "open": false, "internal_id": 1, "title": "Change Testnet icon for Windows compatibility and red color"}}, "num_issues_open": 3, "num_watchers": 30, "forked": 1, "num_commits": 5, "id": "emc2foundation/einsteinium", "issues": [{"date": "2018-01-16", "open": 1, "id": 0, "title": "New Einsteinium wallet does not run on macOS 10.12"}, {"date": "2018-01-04", "open": 1, "id": 1, "title": "Travis Build Error"}, {"date": "2017-08-01", "open": 1, "id": 2, "title": "All block orphan with p2pool"}, {"date": "2017-08-02", "open": 0, "id": 3, "title": "Unit tests failing on macOS 10.12.5"}, {"date": "2017-07-03", "open": 0, "id": 4, "title": "Change Testnet icon for Windows compatibility and red color"}], "num_prs_closed": 1},{"num_contributors": 2, "num_stars": 9, "readme_linecount": 65, "name": "streamr-datacoin", "contributors": [{"num_lines_deleted": 62, "num_lines_added": 204, "author_name": "miohtama", "num_lines_edited": 266, "num_commits": 5, "id": 0}], "num_branches": 23, "readme_exists": 1, "commits": [{"date": "2017-07-10", "num_lines_edited": 5, "num_lines_deleted": 1, "num_lines_added": 4, "id": 0}, {"date": "2017-07-10", "num_lines_edited": 56, "num_lines_deleted": 16, "num_lines_added": 40, "id": 1}, {"date": "2017-07-09", "num_lines_edited": 171, "num_lines_deleted": 27, "num_lines_added": 144, "id": 2}, {"date": "2017-07-09", "num_lines_edited": 19, "num_lines_deleted": 4, "num_lines_added": 15, "id": 3}, {"date": "2017-07-09", "num_lines_edited": 15, "num_lines_deleted": 14, "num_lines_added": 1, "id": 4}], "rank": "188", "num_prs_open": 0, "num_issues_closed": 0, "num_forks": 2, "prs": {}, "num_issues_open": 0, "num_watchers": 9, "forked": 1, "num_commits": 5, "id": "streamr-dev/token-launch-smart-contracts", "issues": [], "num_prs_closed": 0},{"num_contributors": 3, "num_stars": 16, "readme_linecount": 365, "name": "sirin-labs-token", "contributors": [{"num_lines_deleted": 0, "num_lines_added": 8, "author_name": "yossigruner", "num_lines_edited": 8, "num_commits": 1, "id": 0}, {"num_lines_deleted": 12, "num_lines_added": 66, "author_name": "liordavid", "num_lines_edited": 78, "num_commits": 4, "id": 1}], "num_branches": 1, "readme_exists": 1, "commits": [{"date": "2018-01-11", "num_lines_edited": 4, "num_lines_deleted": 2, "num_lines_added": 2, "id": 0}, {"date": "2018-01-11", "num_lines_edited": 49, "num_lines_deleted": 0, "num_lines_added": 49, "id": 1}, {"date": "2017-12-24", "num_lines_edited": 8, "num_lines_deleted": 8, "num_lines_added": 0, "id": 2}, {"date": "2017-12-24", "num_lines_edited": 8, "num_lines_deleted": 0, "num_lines_added": 8, "id": 3}, {"date": "2017-12-12", "num_lines_edited": 17, "num_lines_deleted": 2, "num_lines_added": 15, "id": 4}], "rank": "189", "num_prs_open": 0, "num_issues_closed": 1, "num_forks": 13, "prs": {"0": {"date": "2018-01-11", "open": false, "internal_id": 1, "title": "Sirin vesting token"}}, "num_issues_open": 0, "num_watchers": 16, "forked": 0, "num_commits": 5, "id": "sirin-labs/crowdsale-smart-contract", "issues": [{"date": "2018-01-11", "open": 0, "id": 0, "title": "Sirin vesting token"}], "num_prs_closed": 1},{"num_contributors": 23, "num_stars": 233, "readme_linecount": 163, "name": "counterparty", "contributors": [{"num_lines_deleted": 2106, "num_lines_added": 3666, "author_name": "deweller", "num_lines_edited": 5772, "num_commits": 2, "id": 0}, {"num_lines_deleted": 8, "num_lines_added": 5, "author_name": "robby-dermody", "num_lines_edited": 13, "num_commits": 2, "id": 1}, {"num_lines_deleted": 2, "num_lines_added": 29, "author_name": "droplister", "num_lines_edited": 31, "num_commits": 1, "id": 2}], "num_branches": 23, "readme_exists": 1, "commits": [{"date": "2017-10-31", "num_lines_edited": 4, "num_lines_deleted": 1, "num_lines_added": 3, "id": 0}, {"date": "2017-10-31", "num_lines_edited": 31, "num_lines_deleted": 2, "num_lines_added": 29, "id": 1}, {"date": "2017-09-28", "num_lines_edited": 5768, "num_lines_deleted": 2105, "num_lines_added": 3663, "id": 2}, {"date": "2017-05-22", "num_lines_edited": 10, "num_lines_deleted": 7, "num_lines_added": 3, "id": 3}, {"date": "2017-05-22", "num_lines_edited": 3, "num_lines_deleted": 1, "num_lines_added": 2, "id": 4}], "rank": "190", "num_prs_open": 5, "num_issues_closed": 5, "num_forks": 153, "prs": {"0": {"date": "2018-01-25", "open": true, "internal_id": 1024, "title": "Fix the minimum fee calculation."}, "1": {"date": "2017-12-21", "open": true, "internal_id": 1023, "title": "Indexd+cip6"}, "2": {"date": "2018-02-13", "open": true, "internal_id": 1017, "title": "CIP10 - Multi Peer Multi Asset sends"}, "3": {"date": "2018-01-03", "open": true, "internal_id": 1015, "title": "CIP-6 p2sh encoding"}, "4": {"date": "2017-11-11", "open": true, "internal_id": 1014, "title": "Stop downloading bootstrap DB."}, "5": {"date": "2017-11-17", "open": false, "internal_id": 1019, "title": "Update testnet consensus hashes without EVM messages"}, "6": {"date": "2017-11-15", "open": false, "internal_id": 1016, "title": "Remove evm"}, "7": {"date": "2017-11-13", "open": false, "internal_id": 1013, "title": "Rebased complex unit tests"}, "8": {"date": "2017-11-09", "open": false, "internal_id": 1012, "title": "Catch transactions of type None and do not add to mempool"}, "9": {"date": "2017-10-31", "open": false, "internal_id": 1009, "title": "Fix Typo (Name -> ID)"}}, "num_issues_open": 96, "num_watchers": 233, "forked": 0, "num_commits": 5, "id": "CounterpartyXCP/counterparty-lib", "issues": [{"date": "2018-02-08", "open": 1, "id": 0, "title": "create_btcpay error - 'NoneType' object has no attribute 'split'"}, {"date": "2018-01-25", "open": 1, "id": 1, "title": "create_order error - unorderable types: NoneType() > int()"}, {"date": "2018-01-25", "open": 1, "id": 2, "title": "Fix the minimum fee calculation."}, {"date": "2017-12-01", "open": 1, "id": 3, "title": "Indexd+cip6"}, {"date": "2017-11-24", "open": 1, "id": 4, "title": "getrawtransaction missing number of confirmations"}, {"date": "2018-01-31", "open": 0, "id": 5, "title": "Unpack data_hex not work"}, {"date": "2017-11-17", "open": 0, "id": 6, "title": "Update testnet consensus hashes without EVM messages"}, {"date": "2017-11-11", "open": 0, "id": 7, "title": "Remove evm"}, {"date": "2017-11-09", "open": 0, "id": 8, "title": "Rebased complex unit tests"}, {"date": "2017-11-08", "open": 0, "id": 9, "title": "Catch transactions of type None and do not add to mempool"}], "num_prs_closed": 5},{"num_contributors": 13, "num_stars": 2, "readme_linecount": 26, "name": "ucash", "contributors": [{"num_lines_deleted": 1, "num_lines_added": 2, "author_name": "skmgoldin", "num_lines_edited": 3, "num_commits": 1, "id": 0}, {"num_lines_deleted": 806, "num_lines_added": 1139, "author_name": "maurelian", "num_lines_edited": 1945, "num_commits": 4, "id": 1}], "num_branches": 19, "readme_exists": 1, "commits": [{"date": "2018-01-11", "num_lines_edited": 3, "num_lines_deleted": 1, "num_lines_added": 2, "id": 0}, {"date": "2018-01-10", "num_lines_edited": 6, "num_lines_deleted": 3, "num_lines_added": 3, "id": 1}, {"date": "2018-01-10", "num_lines_edited": 17, "num_lines_deleted": 12, "num_lines_added": 5, "id": 2}, {"date": "2018-01-10", "num_lines_edited": 1822, "num_lines_deleted": 744, "num_lines_added": 1078, "id": 3}, {"date": "2018-01-10", "num_lines_edited": 100, "num_lines_deleted": 47, "num_lines_added": 53, "id": 4}], "rank": "192", "num_prs_open": 0, "num_issues_closed": 0, "num_forks": 2, "prs": {}, "num_issues_open": 0, "num_watchers": 2, "forked": 1, "num_commits": 5, "id": "UdotCASH/UCASH_ERC20", "issues": [], "num_prs_closed": 0},{"num_contributors": 2, "num_stars": 10, "readme_linecount": 25, "name": "cybermiles", "contributors": [{"num_lines_deleted": 2516, "num_lines_added": 758, "author_name": "maggie-5miles", "num_lines_edited": 3274, "num_commits": 5, "id": 0}], "num_branches": 2, "readme_exists": 1, "commits": [{"date": "2018-03-02", "num_lines_edited": 30, "num_lines_deleted": 13, "num_lines_added": 17, "id": 0}, {"date": "2018-03-02", "num_lines_edited": 1791, "num_lines_deleted": 1262, "num_lines_added": 529, "id": 1}, {"date": "2018-01-26", "num_lines_edited": 2, "num_lines_deleted": 1, "num_lines_added": 1, "id": 2}, {"date": "2018-01-26", "num_lines_edited": 5, "num_lines_deleted": 3, "num_lines_added": 2, "id": 3}, {"date": "2018-01-26", "num_lines_edited": 1446, "num_lines_deleted": 1237, "num_lines_added": 209, "id": 4}], "rank": "193", "num_prs_open": 0, "num_issues_closed": 2, "num_forks": 4, "prs": {"0": {"date": "2018-03-02", "open": false, "internal_id": 2, "title": "V4.0"}, "1": {"date": "2018-03-01", "open": false, "internal_id": 1, "title": "V3.0"}}, "num_issues_open": 0, "num_watchers": 10, "forked": 0, "num_commits": 5, "id": "CyberMiles/explorer", "issues": [{"date": "2018-03-01", "open": 0, "id": 0, "title": "V4.0"}, {"date": "2018-02-28", "open": 0, "id": 1, "title": "V3.0"}], "num_prs_closed": 2},{"num_contributors": 0, "num_stars": 3, "readme_linecount": 32, "name": "ins-ecosystem", "contributors": [{"num_lines_deleted": 0, "num_lines_added": 6537, "author_name": "mrsutter", "num_lines_edited": 6537, "num_commits": 1, "id": 0}], "num_branches": 2, "readme_exists": 1, "commits": [{"date": "2017-11-12", "num_lines_edited": 6537, "num_lines_deleted": 0, "num_lines_added": 6537, "id": 0}], "rank": "194", "num_prs_open": 0, "num_issues_closed": 1, "num_forks": 1, "prs": {"0": {"date": "2017-11-12", "open": false, "internal_id": 1, "title": "Version 0.4"}}, "num_issues_open": 0, "num_watchers": 3, "forked": 0, "num_commits": 1, "id": "ins-ecosystem/insp_token_smart_contract", "issues": [{"date": "2017-11-11", "open": 0, "id": 0, "title": "Version 0.4"}], "num_prs_closed": 1},{"num_contributors": 100, "num_stars": 54, "readme_linecount": 96, "name": "html-coin", "contributors": [{"num_lines_deleted": 19, "num_lines_added": 15, "author_name": "Bushstar", "num_lines_edited": 34, "num_commits": 4, "id": 0}, {"num_lines_deleted": 2, "num_lines_added": 1, "author_name": "qtum-neil", "num_lines_edited": 3, "num_commits": 1, "id": 1}], "num_branches": 2, "readme_exists": 1, "commits": [{"date": "2018-03-03", "num_lines_edited": 16, "num_lines_deleted": 10, "num_lines_added": 6, "id": 0}, {"date": "2018-02-28", "num_lines_edited": 2, "num_lines_deleted": 1, "num_lines_added": 1, "id": 1}, {"date": "2018-02-28", "num_lines_edited": 4, "num_lines_deleted": 2, "num_lines_added": 2, "id": 2}, {"date": "2018-02-28", "num_lines_edited": 12, "num_lines_deleted": 6, "num_lines_added": 6, "id": 3}, {"date": "2018-02-28", "num_lines_edited": 3, "num_lines_deleted": 2, "num_lines_added": 1, "id": 4}], "rank": "195", "num_prs_open": 0, "num_issues_closed": 5, "num_forks": 24, "prs": {"0": {"date": "2018-03-03", "open": false, "internal_id": 45, "title": "New testnet"}, "1": {"date": "2018-02-28", "open": false, "internal_id": 40, "title": "v2.0.2.0"}, "2": {"date": "2018-02-28", "open": false, "internal_id": 38, "title": "GPU mining capability"}, "3": {"date": "2018-01-26", "open": false, "internal_id": 19, "title": "Fixed errors in strings/documentation"}, "4": {"date": "2018-01-18", "open": false, "internal_id": 14, "title": "Update getwork branch with master"}}, "num_issues_open": 8, "num_watchers": 54, "forked": 0, "num_commits": 5, "id": "HTMLCOIN/HTMLCOIN", "issues": [{"date": "2018-03-01", "open": 1, "id": 0, "title": "HTMLCOIN quit unexpectedly macOS 10.12.6"}, {"date": "2018-02-28", "open": 1, "id": 1, "title": "Any info how to mine with GPU?"}, {"date": "2018-02-28", "open": 1, "id": 2, "title": "build error ubuntu"}, {"date": "2018-02-28", "open": 1, "id": 3, "title": "UTXOcache mandatory update"}, {"date": "2018-02-11", "open": 1, "id": 4, "title": "PEERS banned"}, {"date": "2018-03-03", "open": 0, "id": 5, "title": "New testnet"}, {"date": "2018-02-28", "open": 0, "id": 6, "title": "Compile error on Ubuntu 16.4.0.4 LTS"}, {"date": "2018-02-28", "open": 0, "id": 7, "title": "v2.0.2.0"}, {"date": "2018-02-26", "open": 0, "id": 8, "title": "GPU mining capability"}, {"date": "2018-02-26", "open": 0, "id": 9, "title": "2.0.1 htmlcoind Error: -daemon is not supported on this operating system"}], "num_prs_closed": 5},{"num_contributors": 2, "num_stars": 4, "readme_linecount": 1, "name": "delphy", "contributors": [{"num_lines_deleted": 137, "num_lines_added": 102, "author_name": "mutouji", "num_lines_edited": 239, "num_commits": 5, "id": 0}], "num_branches": 3, "readme_exists": 1, "commits": [{"date": "2017-08-27", "num_lines_edited": 38, "num_lines_deleted": 15, "num_lines_added": 23, "id": 0}, {"date": "2017-08-26", "num_lines_edited": 63, "num_lines_deleted": 37, "num_lines_added": 26, "id": 1}, {"date": "2017-08-24", "num_lines_edited": 127, "num_lines_deleted": 80, "num_lines_added": 47, "id": 2}, {"date": "2017-08-23", "num_lines_edited": 4, "num_lines_deleted": 2, "num_lines_added": 2, "id": 3}, {"date": "2017-08-22", "num_lines_edited": 7, "num_lines_deleted": 3, "num_lines_added": 4, "id": 4}], "rank": "196", "num_prs_open": 0, "num_issues_closed": 1, "num_forks": 2, "prs": {"0": {"date": "2017-12-28", "open": false, "internal_id": 1, "title": "A contract and a script demonstrate usage of DelphyToken contract."}}, "num_issues_open": 0, "num_watchers": 4, "forked": 0, "num_commits": 5, "id": "DelphyProject/delphy-contracts", "issues": [{"date": "2017-12-28", "open": 0, "id": 0, "title": "A contract and a script demonstrate usage of DelphyToken contract."}], "num_prs_closed": 1},{"num_contributors": 100, "num_stars": 56, "readme_linecount": 82, "name": "viacoin", "contributors": [{"num_lines_deleted": 2, "num_lines_added": 2, "author_name": "xSevithx", "num_lines_edited": 4, "num_commits": 1, "id": 0}, {"num_lines_deleted": 5, "num_lines_added": 10, "author_name": "romanornr", "num_lines_edited": 15, "num_commits": 3, "id": 1}, {"num_lines_deleted": 7, "num_lines_added": 7, "author_name": "nitronick600", "num_lines_edited": 14, "num_commits": 1, "id": 2}], "num_branches": 9, "readme_exists": 1, "commits": [{"date": "2018-02-20", "num_lines_edited": 3, "num_lines_deleted": 0, "num_lines_added": 3, "id": 0}, {"date": "2018-02-20", "num_lines_edited": 14, "num_lines_deleted": 7, "num_lines_added": 7, "id": 1}, {"date": "2018-01-11", "num_lines_edited": 4, "num_lines_deleted": 2, "num_lines_added": 2, "id": 2}, {"date": "2017-08-06", "num_lines_edited": 2, "num_lines_deleted": 1, "num_lines_added": 1, "id": 3}, {"date": "2017-08-02", "num_lines_edited": 10, "num_lines_deleted": 4, "num_lines_added": 6, "id": 4}], "rank": "198", "num_prs_open": 0, "num_issues_closed": 5, "num_forks": 24, "prs": {"0": {"date": "2018-02-20", "open": false, "internal_id": 17, "title": "Fixing Mac Build"}, "1": {"date": "2018-01-11", "open": false, "internal_id": 13, "title": "Update chainparams.cpp"}, "2": {"date": "2017-07-19", "open": false, "internal_id": 10, "title": "Fix a typo in the deploy plist."}, "3": {"date": "2017-07-16", "open": false, "internal_id": 9, "title": "Fix QA tests, make blockversion warnings correct"}, "4": {"date": "2017-07-13", "open": false, "internal_id": 8, "title": "QA tests WIP"}}, "num_issues_open": 1, "num_watchers": 56, "forked": 0, "num_commits": 5, "id": "viacoin/viacoin", "issues": [{"date": "2018-02-16", "open": 1, "id": 0, "title": "build error"}, {"date": "2018-02-08", "open": 0, "id": 1, "title": "Fixing Mac Build"}, {"date": "2018-01-13", "open": 0, "id": 2, "title": "Shouldn't this be a Fork of Bitcoin?"}, {"date": "2018-01-13", "open": 0, "id": 3, "title": "Where's the License??"}, {"date": "2017-12-22", "open": 0, "id": 4, "title": "Wallet bootstrap cannot be loaded"}, {"date": "2017-12-19", "open": 0, "id": 5, "title": "Update chainparams.cpp"}], "num_prs_closed": 5},{"num_contributors": 6, "num_stars": 9, "readme_linecount": 28, "name": "origintrail", "contributors": [{"num_lines_deleted": 1, "num_lines_added": 1, "author_name": "radomir-sebek", "num_lines_edited": 2, "num_commits": 1, "id": 0}, {"num_lines_deleted": 2, "num_lines_added": 72, "author_name": "schrink", "num_lines_edited": 74, "num_commits": 4, "id": 1}], "num_branches": 7, "readme_exists": 1, "commits": [{"date": "2018-03-02", "num_lines_edited": 3, "num_lines_deleted": 1, "num_lines_added": 2, "id": 0}, {"date": "2018-02-28", "num_lines_edited": 7, "num_lines_deleted": 0, "num_lines_added": 7, "id": 1}, {"date": "2018-02-28", "num_lines_edited": 2, "num_lines_deleted": 1, "num_lines_added": 1, "id": 2}, {"date": "2018-02-26", "num_lines_edited": 2, "num_lines_deleted": 1, "num_lines_added": 1, "id": 3}, {"date": "2018-02-26", "num_lines_edited": 62, "num_lines_deleted": 0, "num_lines_added": 62, "id": 4}], "rank": "199", "num_prs_open": 0, "num_issues_closed": 5, "num_forks": 3, "prs": {"0": {"date": "2018-03-02", "open": false, "internal_id": 7, "title": "#155623544 - Merkle Tree"}, "1": {"date": "2018-03-02", "open": false, "internal_id": 6, "title": "#155622954 - ETH Signing and verification"}, "2": {"date": "2018-02-26", "open": false, "internal_id": 5, "title": "Clean nested if statements"}, "3": {"date": "2018-02-25", "open": false, "internal_id": 4, "title": "install script for AWS EC2 server"}, "4": {"date": "2018-02-11", "open": false, "internal_id": 1, "title": "eslint autofix and beautify task has been run through the code to mak\u2026"}}, "num_issues_open": 0, "num_watchers": 9, "forked": 0, "num_commits": 5, "id": "OriginTrail/ot-node", "issues": [{"date": "2018-03-02", "open": 0, "id": 0, "title": "#155623544 - Merkle Tree"}, {"date": "2018-03-02", "open": 0, "id": 1, "title": "#155622954 - ETH Signing and verification"}, {"date": "2018-02-26", "open": 0, "id": 2, "title": "Clean nested if statements"}, {"date": "2018-02-25", "open": 0, "id": 3, "title": "install script for AWS EC2 server"}, {"date": "2018-02-25", "open": 0, "id": 4, "title": "Connection issue when running the rpc node"}], "num_prs_closed": 5}]