[{"num_contributors": 2, "num_stars": 58, "readme_linecount": 113, "name": "quantstamp", "contributors": [{"num_lines_deleted": 381, "num_lines_added": 739, "author_name": "vmontagh", "num_lines_edited": 1120, "num_commits": 5, "id": 0}], "num_branches": 4, "readme_exists": 1, "commits": [{"date": "2017-10-10", "num_lines_edited": 8, "num_lines_deleted": 4, "num_lines_added": 4, "id": 0}, {"date": "2017-10-10", "num_lines_edited": 30, "num_lines_deleted": 4, "num_lines_added": 26, "id": 1}, {"date": "2017-10-10", "num_lines_edited": 36, "num_lines_deleted": 15, "num_lines_added": 21, "id": 2}, {"date": "2017-10-08", "num_lines_edited": 1034, "num_lines_deleted": 352, "num_lines_added": 682, "id": 3}, {"date": "2017-10-07", "num_lines_edited": 12, "num_lines_deleted": 6, "num_lines_added": 6, "id": 4}], "rank": "102", "num_prs_open": 2, "num_issues_closed": 0, "num_forks": 13, "prs": {"0": {"date": "2018-01-17", "open": true, "internal_id": 3, "title": "Missed word in very first line"}, "1": {"date": "2017-11-28", "open": true, "internal_id": 2, "title": "Update Readme.MD - Typo"}}, "num_issues_open": 3, "num_watchers": 58, "forked": 0, "num_commits": 5, "id": "quantstamp/solidity-analyzer", "issues": [{"date": "2018-01-17", "open": 1, "id": 0, "title": "Missed word in very first line"}, {"date": "2017-11-28", "open": 1, "id": 1, "title": "Update Readme.MD - Typo"}, {"date": "2017-10-17", "open": 1, "id": 2, "title": "Error in astvisitor.js when contract has no state variable"}], "num_prs_closed": 0},{"num_contributors": 100, "num_stars": 70, "readme_linecount": 94, "name": "emercoin", "contributors": [{"num_lines_deleted": 1, "num_lines_added": 1, "author_name": "merge", "num_lines_edited": 2, "num_commits": 1, "id": 0}, {"num_lines_deleted": 204, "num_lines_added": 43, "author_name": "EvgenijM86", "num_lines_edited": 247, "num_commits": 4, "id": 1}], "num_branches": 5, "readme_exists": 1, "commits": [{"date": "2017-12-19", "num_lines_edited": 2, "num_lines_deleted": 1, "num_lines_added": 1, "id": 0}, {"date": "2017-09-18", "num_lines_edited": 6, "num_lines_deleted": 3, "num_lines_added": 3, "id": 1}, {"date": "2017-09-16", "num_lines_edited": 77, "num_lines_deleted": 62, "num_lines_added": 15, "id": 2}, {"date": "2017-09-16", "num_lines_edited": 2, "num_lines_deleted": 1, "num_lines_added": 1, "id": 3}, {"date": "2017-09-16", "num_lines_edited": 162, "num_lines_deleted": 138, "num_lines_added": 24, "id": 4}], "rank": "103", "num_prs_open": 1, "num_issues_closed": 5, "num_forks": 22, "prs": {"0": {"date": "2017-12-31", "open": true, "internal_id": 48, "title": "Update license date"}, "1": {"date": "2017-12-19", "open": false, "internal_id": 43, "title": "qt: fix access of uninizialized value"}, "2": {"date": "2017-09-05", "open": false, "internal_id": 41, "title": "Update links to use SSL & Better readability"}, "3": {"date": "2017-08-28", "open": false, "internal_id": 39, "title": "cleaned up links"}, "4": {"date": "2017-08-28", "open": false, "internal_id": 37, "title": "update license date"}, "5": {"date": "2017-08-09", "open": false, "internal_id": 36, "title": "Develop liman"}}, "num_issues_open": 9, "num_watchers": 70, "forked": 1, "num_commits": 5, "id": "emercoin/emercoin", "issues": [{"date": "2018-03-02", "open": 1, "id": 0, "title": "Error with https-cli.cpp when try to compile."}, {"date": "2017-12-31", "open": 1, "id": 1, "title": "Update license date"}, {"date": "2017-12-05", "open": 1, "id": 2, "title": "reencodeoldprivkey command is missing from console help info"}, {"date": "2017-11-25", "open": 1, "id": 3, "title": "Three year old wallet no longer works     "}, {"date": "2017-10-20", "open": 1, "id": 4, "title": "Compile with static libraries"}, {"date": "2017-09-26", "open": 0, "id": 5, "title": "qt: fix access of uninizialized value"}, {"date": "2017-09-25", "open": 0, "id": 6, "title": "POW Time Calculation"}, {"date": "2017-09-01", "open": 0, "id": 7, "title": "Update links to use SSL & Better readability"}, {"date": "2017-08-27", "open": 0, "id": 8, "title": "cleaned up links"}, {"date": "2017-08-21", "open": 0, "id": 9, "title": "update license date"}], "num_prs_closed": 5},{"num_contributors": 1, "num_stars": 13, "readme_linecount": 93, "name": "wax", "contributors": [{"num_lines_deleted": 0, "num_lines_added": 682, "author_name": "DoctorMcKay", "num_lines_edited": 682, "num_commits": 1, "id": 0}], "num_branches": 1, "readme_exists": 1, "commits": [{"date": "2017-12-01", "num_lines_edited": 682, "num_lines_deleted": 0, "num_lines_added": 682, "id": 0}], "rank": "104", "num_prs_open": 0, "num_issues_closed": 0, "num_forks": 2, "prs": {}, "num_issues_open": 0, "num_watchers": 13, "forked": 0, "num_commits": 1, "id": "waxio/wax-api", "issues": [], "num_prs_closed": 0},{"num_contributors": 39, "num_stars": 1292, "readme_linecount": 40, "name": "raiden-network-token", "contributors": [{"num_lines_deleted": 17, "num_lines_added": 159, "author_name": "hackaugusto", "num_lines_edited": 176, "num_commits": 5, "id": 0}], "num_branches": 4, "readme_exists": 1, "commits": [{"date": "2018-02-28", "num_lines_edited": 97, "num_lines_deleted": 0, "num_lines_added": 97, "id": 0}, {"date": "2018-02-28", "num_lines_edited": 4, "num_lines_deleted": 0, "num_lines_added": 4, "id": 1}, {"date": "2018-02-28", "num_lines_edited": 28, "num_lines_deleted": 0, "num_lines_added": 28, "id": 2}, {"date": "2018-02-28", "num_lines_edited": 16, "num_lines_deleted": 4, "num_lines_added": 12, "id": 3}, {"date": "2018-02-28", "num_lines_edited": 31, "num_lines_deleted": 13, "num_lines_added": 18, "id": 4}], "rank": "105", "num_prs_open": 5, "num_issues_closed": 5, "num_forks": 239, "prs": {"0": {"date": "2018-02-28", "open": true, "internal_id": 1292, "title": "Target logic"}, "1": {"date": "2018-02-28", "open": true, "internal_id": 1291, "title": "Mediator logic"}, "2": {"date": "2018-02-28", "open": true, "internal_id": 1290, "title": "Initiator logic"}, "3": {"date": "2018-03-01", "open": true, "internal_id": 1289, "title": "Routing"}, "4": {"date": "2018-03-01", "open": true, "internal_id": 1288, "title": "State views"}, "5": {"date": "2018-02-27", "open": false, "internal_id": 1285, "title": "Mediated transfer states"}, "6": {"date": "2018-02-27", "open": false, "internal_id": 1284, "title": "added utility methods to convert messages"}, "7": {"date": "2018-02-28", "open": false, "internal_id": 1283, "title": "Blockchain events"}, "8": {"date": "2018-02-27", "open": false, "internal_id": 1282, "title": "Token Network logic"}, "9": {"date": "2018-02-23", "open": false, "internal_id": 1280, "title": "Fix macOS deployment (once more) [skip ci]"}}, "num_issues_open": 154, "num_watchers": 1292, "forked": 0, "num_commits": 5, "id": "raiden-network/raiden", "issues": [{"date": "2018-03-02", "open": 1, "id": 0, "title": "Move to web3.py"}, {"date": "2018-02-28", "open": 1, "id": 1, "title": "Target logic"}, {"date": "2018-02-28", "open": 1, "id": 2, "title": "Mediator logic"}, {"date": "2018-02-28", "open": 1, "id": 3, "title": "Initiator logic"}, {"date": "2018-02-28", "open": 1, "id": 4, "title": "Routing"}, {"date": "2018-02-27", "open": 0, "id": 5, "title": "Mediated transfer states"}, {"date": "2018-02-27", "open": 0, "id": 6, "title": "added utility methods to convert messages"}, {"date": "2018-02-27", "open": 0, "id": 7, "title": "Blockchain events"}, {"date": "2018-02-27", "open": 0, "id": 8, "title": "Token Network logic"}, {"date": "2018-02-23", "open": 0, "id": 9, "title": "Fix macOS deployment (once more) [skip ci]"}], "num_prs_closed": 5},{"num_contributors": 9, "num_stars": 17, "readme_linecount": 42, "name": "bitcoindark", "contributors": [{"num_lines_deleted": 115, "num_lines_added": 223, "author_name": "jl777", "num_lines_edited": 338, "num_commits": 4, "id": 0}, {"num_lines_deleted": 1, "num_lines_added": 3, "author_name": "BTCDDev", "num_lines_edited": 4, "num_commits": 1, "id": 1}], "num_branches": 1, "readme_exists": 1, "commits": [{"date": "2016-04-16", "num_lines_edited": 17, "num_lines_deleted": 7, "num_lines_added": 10, "id": 0}, {"date": "2015-10-28", "num_lines_edited": 4, "num_lines_deleted": 1, "num_lines_added": 3, "id": 1}, {"date": "2015-10-28", "num_lines_edited": 4, "num_lines_deleted": 1, "num_lines_added": 3, "id": 2}, {"date": "2015-10-23", "num_lines_edited": 2, "num_lines_deleted": 1, "num_lines_added": 1, "id": 3}, {"date": "2015-10-13", "num_lines_edited": 315, "num_lines_deleted": 106, "num_lines_added": 209, "id": 4}], "rank": "107", "num_prs_open": 0, "num_issues_closed": 5, "num_forks": 18, "prs": {"0": {"date": "2015-10-28", "open": false, "internal_id": 65, "title": "Add SuperNET.conf switch to BitcoinDark.conf"}, "1": {"date": "2015-09-28", "open": false, "internal_id": 64, "title": "MAJOR PULL REQUEST - Peggy"}, "2": {"date": "2015-09-19", "open": false, "internal_id": 63, "title": "Makefile.win added '-y' switch for deps install, libjl777/Makefile.osx updated"}, "3": {"date": "2015-09-08", "open": false, "internal_id": 62, "title": "fix travis & add missing p7zip-full win dependency"}, "4": {"date": "2015-09-08", "open": false, "internal_id": 61, "title": "added libccoin support windows build"}}, "num_issues_open": 0, "num_watchers": 17, "forked": 1, "num_commits": 5, "id": "jl777/btcd", "issues": [{"date": "2017-09-05", "open": 0, "id": 0, "title": "Confusing steps in \"How to Install and Use Your BitcoinDark-QT Wallet.pdf\""}, {"date": "2015-10-28", "open": 0, "id": 1, "title": "Add SuperNET.conf switch to BitcoinDark.conf"}, {"date": "2015-09-28", "open": 0, "id": 2, "title": "MAJOR PULL REQUEST - Peggy"}, {"date": "2015-09-19", "open": 0, "id": 3, "title": "Makefile.win added '-y' switch for deps install, libjl777/Makefile.osx updated"}, {"date": "2015-09-08", "open": 0, "id": 4, "title": "fix travis & add missing p7zip-full win dependency"}], "num_prs_closed": 5},{"num_contributors": 8, "num_stars": 37, "readme_linecount": 28, "name": "enjin-coin", "contributors": [{"num_lines_deleted": 108, "num_lines_added": 427, "author_name": "coinfork", "num_lines_edited": 535, "num_commits": 5, "id": 0}], "num_branches": 3, "readme_exists": 1, "commits": [{"date": "2017-11-02", "num_lines_edited": 23, "num_lines_deleted": 0, "num_lines_added": 23, "id": 0}, {"date": "2017-10-12", "num_lines_edited": 106, "num_lines_deleted": 106, "num_lines_added": 0, "id": 1}, {"date": "2017-10-12", "num_lines_edited": 201, "num_lines_deleted": 0, "num_lines_added": 201, "id": 2}, {"date": "2017-10-12", "num_lines_edited": 4, "num_lines_deleted": 2, "num_lines_added": 2, "id": 3}, {"date": "2017-10-12", "num_lines_edited": 201, "num_lines_deleted": 0, "num_lines_added": 201, "id": 4}], "rank": "108", "num_prs_open": 0, "num_issues_closed": 2, "num_forks": 13, "prs": {"0": {"date": "2017-10-12", "open": false, "internal_id": 2, "title": "Proper LICENSE.md"}, "1": {"date": "2017-10-01", "open": false, "internal_id": 1, "title": "remove token holder and deny any tokens sent to the crowdfund address"}}, "num_issues_open": 0, "num_watchers": 37, "forked": 1, "num_commits": 5, "id": "enjin/contracts", "issues": [{"date": "2017-10-12", "open": 0, "id": 0, "title": "Proper LICENSE.md"}, {"date": "2017-10-01", "open": 0, "id": 1, "title": "remove token holder and deny any tokens sent to the crowdfund address"}], "num_prs_closed": 2},{"num_contributors": 100, "num_stars": 116, "readme_linecount": 125, "name": "zencash", "contributors": [{"num_lines_deleted": 192, "num_lines_added": 1417, "author_name": "cronicc", "num_lines_edited": 1609, "num_commits": 3, "id": 0}, {"num_lines_deleted": 16, "num_lines_added": 16, "author_name": "LukasBures", "num_lines_edited": 32, "num_commits": 2, "id": 1}], "num_branches": 32, "readme_exists": 1, "commits": [{"date": "2018-02-23", "num_lines_edited": 32, "num_lines_deleted": 16, "num_lines_added": 16, "id": 0}, {"date": "2018-02-23", "num_lines_edited": 0, "num_lines_deleted": 0, "num_lines_added": 0, "id": 1}, {"date": "2018-02-23", "num_lines_edited": 2, "num_lines_deleted": 1, "num_lines_added": 1, "id": 2}, {"date": "2018-02-23", "num_lines_edited": 30, "num_lines_deleted": 15, "num_lines_added": 15, "id": 3}, {"date": "2018-02-21", "num_lines_edited": 1577, "num_lines_deleted": 176, "num_lines_added": 1401, "id": 4}], "rank": "109", "num_prs_open": 1, "num_issues_closed": 5, "num_forks": 44, "prs": {"0": {"date": "2017-12-17", "open": true, "internal_id": 99, "title": "added support for null_transaction_replay"}, "1": {"date": "2018-02-23", "open": false, "internal_id": 128, "title": "Documentation updates"}, "2": {"date": "2018-02-21", "open": false, "internal_id": 125, "title": "Fix prioritisetransaction RPC test"}, "3": {"date": "2018-02-21", "open": false, "internal_id": 124, "title": "clean up wallet_shieldcoinbase.py test"}, "4": {"date": "2018-02-21", "open": false, "internal_id": 123, "title": "2.0.11"}, "5": {"date": "2018-02-20", "open": false, "internal_id": 122, "title": "Update version string and deprecation height"}}, "num_issues_open": 22, "num_watchers": 116, "forked": 1, "num_commits": 5, "id": "ZencashOfficial/zen", "issues": [{"date": "2018-02-28", "open": 1, "id": 0, "title": "Witness for note commitment is null while try to z_sendmany after import private key."}, {"date": "2018-02-28", "open": 1, "id": 1, "title": "Update to libsodium 1.0.15"}, {"date": "2018-02-21", "open": 1, "id": 2, "title": "Some rpc test are failing"}, {"date": "2018-01-04", "open": 1, "id": 3, "title": "join split error"}, {"date": "2018-01-04", "open": 1, "id": 4, "title": "How do I config miningpoolhub to mine zencash on simpleminging? I've tried serveral ways, just can't get it to work.  Thanks. "}, {"date": "2018-02-23", "open": 0, "id": 5, "title": "Documentation updates"}, {"date": "2018-02-21", "open": 0, "id": 6, "title": "test_bitcoin fails when build on ubuntu trusty"}, {"date": "2018-02-21", "open": 0, "id": 7, "title": "Fix prioritisetransaction RPC test"}, {"date": "2018-02-20", "open": 0, "id": 8, "title": "clean up wallet_shieldcoinbase.py test"}, {"date": "2018-02-20", "open": 0, "id": 9, "title": "2.0.11"}], "num_prs_closed": 5},{"num_contributors": 7, "num_stars": 17, "readme_linecount": 89, "name": "santiment", "contributors": [{"num_lines_deleted": 99, "num_lines_added": 647, "author_name": "IvanIvanoff", "num_lines_edited": 746, "num_commits": 5, "id": 0}], "num_branches": 24, "readme_exists": 1, "commits": [{"date": "2018-03-02", "num_lines_edited": 2, "num_lines_deleted": 1, "num_lines_added": 1, "id": 0}, {"date": "2018-03-02", "num_lines_edited": 2, "num_lines_deleted": 1, "num_lines_added": 1, "id": 1}, {"date": "2018-03-02", "num_lines_edited": 77, "num_lines_deleted": 3, "num_lines_added": 74, "id": 2}, {"date": "2018-03-02", "num_lines_edited": 77, "num_lines_deleted": 3, "num_lines_added": 74, "id": 3}, {"date": "2018-03-01", "num_lines_edited": 588, "num_lines_deleted": 91, "num_lines_added": 497, "id": 4}], "rank": "110", "num_prs_open": 4, "num_issues_closed": 5, "num_forks": 1, "prs": {"0": {"date": "2018-03-02", "open": true, "internal_id": 314, "title": "Add and refactor voting and file upload tests"}, "1": {"date": "2018-03-02", "open": true, "internal_id": 311, "title": "Enhance/first refacrofing 2018"}, "2": {"date": "2018-03-03", "open": true, "internal_id": 310, "title": "Price-volume diff notification - increase threshold"}, "3": {"date": "2018-02-28", "open": true, "internal_id": 308, "title": "Drone build"}, "4": {"date": "2018-03-02", "open": false, "internal_id": 313, "title": "Arc library does not support default params on 'bucket' config. Remove it"}, "5": {"date": "2018-03-02", "open": false, "internal_id": 312, "title": "Make the FileStore.filename() function pure by removing the timestamp from it, otherwise FileStore.url() returns not correct url"}, "6": {"date": "2018-03-01", "open": false, "internal_id": 309, "title": "Fix check in price-volume diff notification"}, "7": {"date": "2018-02-27", "open": false, "internal_id": 307, "title": "Now user can delete his insight."}, "8": {"date": "2018-02-26", "open": false, "internal_id": 306, "title": "Tech indicators error logging"}}, "num_issues_open": 4, "num_watchers": 17, "forked": 0, "num_commits": 5, "id": "santiment/sanbase2", "issues": [{"date": "2018-03-02", "open": 1, "id": 0, "title": "Add and refactor voting and file upload tests"}, {"date": "2018-03-02", "open": 1, "id": 1, "title": "Enhance/first refacrofing 2018"}, {"date": "2018-03-01", "open": 1, "id": 2, "title": "Price-volume diff notification - increase threshold"}, {"date": "2018-02-28", "open": 1, "id": 3, "title": "Drone build"}, {"date": "2018-03-02", "open": 0, "id": 4, "title": "Arc library does not support default params on 'bucket' config. Remove it"}, {"date": "2018-03-02", "open": 0, "id": 5, "title": "Make the FileStore.filename() function pure by removing the timestamp from it, otherwise FileStore.url() returns not correct url"}, {"date": "2018-03-01", "open": 0, "id": 6, "title": "Fix check in price-volume diff notification"}, {"date": "2018-02-27", "open": 0, "id": 7, "title": "Now user can delete his insight."}, {"date": "2018-02-26", "open": 0, "id": 8, "title": "Tech indicators error logging"}], "num_prs_closed": 5},{"num_contributors": 4, "num_stars": 15, "readme_linecount": 0, "name": "genesis-vision", "contributors": [{"num_lines_deleted": 24, "num_lines_added": 1132, "author_name": "d-nazarov", "num_lines_edited": 1156, "num_commits": 3, "id": 0}, {"num_lines_deleted": 55, "num_lines_added": 1162, "author_name": "samz-me", "num_lines_edited": 1217, "num_commits": 1, "id": 1}, {"num_lines_deleted": 4, "num_lines_added": 2, "author_name": "d-ugarov", "num_lines_edited": 6, "num_commits": 1, "id": 2}], "num_branches": 3, "readme_exists": 0, "commits": [{"date": "2018-03-03", "num_lines_edited": 14, "num_lines_deleted": 4, "num_lines_added": 10, "id": 0}, {"date": "2018-03-02", "num_lines_edited": 6, "num_lines_deleted": 4, "num_lines_added": 2, "id": 1}, {"date": "2018-03-02", "num_lines_edited": 1138, "num_lines_deleted": 19, "num_lines_added": 1119, "id": 2}, {"date": "2018-03-02", "num_lines_edited": 4, "num_lines_deleted": 1, "num_lines_added": 3, "id": 3}, {"date": "2018-03-02", "num_lines_edited": 1217, "num_lines_deleted": 55, "num_lines_added": 1162, "id": 4}], "rank": "111", "num_prs_open": 0, "num_issues_closed": 0, "num_forks": 1, "prs": {}, "num_issues_open": 0, "num_watchers": 15, "forked": 0, "num_commits": 5, "id": "GenesisVision/core", "issues": [], "num_prs_closed": 0},{"num_contributors": 7, "num_stars": 55, "readme_linecount": 44, "name": "digitalnote", "contributors": [{"num_lines_deleted": 1356, "num_lines_added": 2306, "author_name": "xdn-project", "num_lines_edited": 3662, "num_commits": 5, "id": 0}], "num_branches": 1, "readme_exists": 1, "commits": [{"date": "2017-08-18", "num_lines_edited": 13, "num_lines_deleted": 4, "num_lines_added": 9, "id": 0}, {"date": "2017-05-19", "num_lines_edited": 33, "num_lines_deleted": 2, "num_lines_added": 31, "id": 1}, {"date": "2017-01-02", "num_lines_edited": 1760, "num_lines_deleted": 633, "num_lines_added": 1127, "id": 2}, {"date": "2016-11-08", "num_lines_edited": 1739, "num_lines_deleted": 697, "num_lines_added": 1042, "id": 3}, {"date": "2016-05-31", "num_lines_edited": 117, "num_lines_deleted": 20, "num_lines_added": 97, "id": 4}], "rank": "113", "num_prs_open": 0, "num_issues_closed": 0, "num_forks": 34, "prs": {}, "num_issues_open": 0, "num_watchers": 55, "forked": 1, "num_commits": 5, "id": "xdn-project/digitalnote", "issues": [], "num_prs_closed": 0},{"num_contributors": 7, "num_stars": 61, "readme_linecount": 5, "name": "poet", "contributors": [{"num_lines_deleted": 8860, "num_lines_added": 2109, "author_name": "lautarodragan", "num_lines_edited": 10969, "num_commits": 3, "id": 0}, {"num_lines_deleted": 4179, "num_lines_added": 9743, "author_name": "wzalazar", "num_lines_edited": 13922, "num_commits": 2, "id": 1}], "num_branches": 12, "readme_exists": 1, "commits": [{"date": "2018-01-19", "num_lines_edited": 2, "num_lines_deleted": 1, "num_lines_added": 1, "id": 0}, {"date": "2018-01-19", "num_lines_edited": 17, "num_lines_deleted": 14, "num_lines_added": 3, "id": 1}, {"date": "2017-10-24", "num_lines_edited": 10950, "num_lines_deleted": 8845, "num_lines_added": 2105, "id": 2}, {"date": "2017-10-23", "num_lines_edited": 13846, "num_lines_deleted": 4179, "num_lines_added": 9667, "id": 3}, {"date": "2017-10-12", "num_lines_edited": 76, "num_lines_deleted": 0, "num_lines_added": 76, "id": 4}], "rank": "114", "num_prs_open": 5, "num_issues_closed": 5, "num_forks": 10, "prs": {"0": {"date": "2017-10-25", "open": true, "internal_id": 341, "title": "Extract web"}, "1": {"date": "2017-10-12", "open": true, "internal_id": 333, "title": "Refactoring to return 404 if work is not found"}, "2": {"date": "2017-10-12", "open": true, "internal_id": 331, "title": "Refactoring API to return 404 when item was not found"}, "3": {"date": "2017-08-22", "open": true, "internal_id": 294, "title": "add notary validation"}, "4": {"date": "2017-06-27", "open": true, "internal_id": 250, "title": "Fix bad fields"}, "5": {"date": "2017-10-24", "open": false, "internal_id": 340, "title": "fixes for netlify and more"}, "6": {"date": "2017-10-17", "open": false, "internal_id": 339, "title": "Copy redirects docker"}, "7": {"date": "2017-10-17", "open": false, "internal_id": 338, "title": "Drop dev server2"}, "8": {"date": "2017-10-23", "open": false, "internal_id": 337, "title": "Drop dev server"}, "9": {"date": "2017-10-17", "open": false, "internal_id": 336, "title": "Drop dev server"}}, "num_issues_open": 52, "num_watchers": 61, "forked": 0, "num_commits": 5, "id": "poetapp/poet", "issues": [{"date": "2017-10-24", "open": 1, "id": 0, "title": "Extract web"}, {"date": "2017-10-12", "open": 1, "id": 1, "title": "Refactoring to return 404 if work is not found"}, {"date": "2017-10-12", "open": 1, "id": 2, "title": "/works/:id 404"}, {"date": "2017-10-12", "open": 1, "id": 3, "title": "Refactoring API to return 404 when item was not found"}, {"date": "2017-10-03", "open": 1, "id": 4, "title": "Could not parse Block height out of range. Code:-8"}, {"date": "2017-10-24", "open": 0, "id": 5, "title": "fixes for netlify and more"}, {"date": "2017-10-17", "open": 0, "id": 6, "title": "Copy redirects docker"}, {"date": "2017-10-17", "open": 0, "id": 7, "title": "Drop dev server2"}, {"date": "2017-10-17", "open": 0, "id": 8, "title": "Drop dev server"}, {"date": "2017-10-17", "open": 0, "id": 9, "title": "Drop dev server"}], "num_prs_closed": 5},{"num_contributors": 3, "num_stars": 6, "readme_linecount": 75, "name": "storm", "contributors": [{"num_lines_deleted": 5, "num_lines_added": 50, "author_name": "maximo", "num_lines_edited": 55, "num_commits": 5, "id": 0}], "num_branches": 2, "readme_exists": 1, "commits": [{"date": "2017-12-05", "num_lines_edited": 26, "num_lines_deleted": 0, "num_lines_added": 26, "id": 0}, {"date": "2017-11-08", "num_lines_edited": 2, "num_lines_deleted": 1, "num_lines_added": 1, "id": 1}, {"date": "2017-11-08", "num_lines_edited": 4, "num_lines_deleted": 2, "num_lines_added": 2, "id": 2}, {"date": "2017-11-08", "num_lines_edited": 4, "num_lines_deleted": 2, "num_lines_added": 2, "id": 3}, {"date": "2017-11-08", "num_lines_edited": 19, "num_lines_deleted": 0, "num_lines_added": 19, "id": 4}], "rank": "117", "num_prs_open": 0, "num_issues_closed": 5, "num_forks": 5, "prs": {"0": {"date": "2017-11-07", "open": false, "internal_id": 9, "title": "Final version"}, "1": {"date": "2017-11-07", "open": false, "internal_id": 8, "title": "Make test with js"}, "2": {"date": "2017-10-17", "open": false, "internal_id": 7, "title": "update test config"}, "3": {"date": "2017-10-17", "open": false, "internal_id": 6, "title": "update migration"}, "4": {"date": "2017-10-17", "open": false, "internal_id": 5, "title": "Sc testing"}}, "num_issues_open": 0, "num_watchers": 6, "forked": 0, "num_commits": 5, "id": "StormX-Inc/crowdsale", "issues": [{"date": "2017-11-07", "open": 0, "id": 0, "title": "Final version"}, {"date": "2017-10-18", "open": 0, "id": 1, "title": "Make test with js"}, {"date": "2017-10-17", "open": 0, "id": 2, "title": "update test config"}, {"date": "2017-10-17", "open": 0, "id": 3, "title": "update migration"}, {"date": "2017-10-17", "open": 0, "id": 4, "title": "Sc testing"}], "num_prs_closed": 5},{"num_contributors": 28, "num_stars": 412, "readme_linecount": 44, "name": "storj", "contributors": [{"num_lines_deleted": 57, "num_lines_added": 95, "author_name": "braydonf", "num_lines_edited": 152, "num_commits": 5, "id": 0}], "num_branches": 9, "readme_exists": 1, "commits": [{"date": "2018-03-01", "num_lines_edited": 2, "num_lines_deleted": 1, "num_lines_added": 1, "id": 0}, {"date": "2018-02-28", "num_lines_edited": 32, "num_lines_deleted": 16, "num_lines_added": 16, "id": 1}, {"date": "2018-02-28", "num_lines_edited": 76, "num_lines_deleted": 24, "num_lines_added": 52, "id": 2}, {"date": "2018-02-28", "num_lines_edited": 11, "num_lines_deleted": 0, "num_lines_added": 11, "id": 3}, {"date": "2018-02-28", "num_lines_edited": 31, "num_lines_deleted": 16, "num_lines_added": 15, "id": 4}], "rank": "118", "num_prs_open": 2, "num_issues_closed": 5, "num_forks": 101, "prs": {"0": {"date": "2018-01-02", "open": true, "internal_id": 750, "title": "rename offerBackoffLimit to allocBackoffLimit"}, "1": {"date": "2017-12-14", "open": true, "internal_id": 743, "title": "Implement SIP9"}, "2": {"date": "2018-02-28", "open": false, "internal_id": 764, "title": "Continues PR #761"}, "3": {"date": "2018-02-28", "open": false, "internal_id": 761, "title": "use secp256k1 to sign messages"}, "4": {"date": "2018-02-28", "open": false, "internal_id": 759, "title": "Change some error message to hide informations about existing contracts"}, "5": {"date": "2018-02-09", "open": false, "internal_id": 757, "title": "Add CodeTriage badge to storj/core"}, "6": {"date": "2018-01-03", "open": false, "internal_id": 756, "title": "[WIP] Include responseTime and reputation if available"}}, "num_issues_open": 24, "num_watchers": 412, "forked": 0, "num_commits": 5, "id": "Storj/core", "issues": [{"date": "2018-02-21", "open": 1, "id": 0, "title": "filenames not deleted after contracts end"}, {"date": "2018-02-12", "open": 1, "id": 1, "title": "ALLOC not storing audit_tree -> AUDIT not working, farmer crashing"}, {"date": "2017-11-07", "open": 1, "id": 2, "title": "rename offerBackoffLimit to allocBackoffLimit"}, {"date": "2017-10-26", "open": 1, "id": 3, "title": "Rename `offerBackoffLimit` in the farmer config to `allocBackoffLimit`"}, {"date": "2017-10-19", "open": 1, "id": 4, "title": "Implement SIP9"}, {"date": "2018-02-28", "open": 0, "id": 5, "title": "Continues PR #761"}, {"date": "2018-02-22", "open": 0, "id": 6, "title": "Not sending response to the alloc requests with large bucket size for big hard disk"}, {"date": "2018-02-15", "open": 0, "id": 7, "title": "use secp256k1 to sign messages"}, {"date": "2018-02-12", "open": 0, "id": 8, "title": "Change some error message to hide informations about existing contracts"}, {"date": "2018-02-12", "open": 0, "id": 9, "title": "Easy brute force data_hash, unsecure RETRIEVE, CONSIGN, MIRROR"}], "num_prs_closed": 5},{"num_contributors": 24, "num_stars": 113, "readme_linecount": 164, "name": "decentraland", "contributors": [{"num_lines_deleted": 2, "num_lines_added": 7, "author_name": "eordano", "num_lines_edited": 9, "num_commits": 2, "id": 0}, {"num_lines_deleted": 5, "num_lines_added": 11, "author_name": "elopio", "num_lines_edited": 16, "num_commits": 2, "id": 1}, {"num_lines_deleted": 1, "num_lines_added": 42, "author_name": "martriay", "num_lines_edited": 43, "num_commits": 1, "id": 2}], "num_branches": 10, "readme_exists": 1, "commits": [{"date": "2017-09-18", "num_lines_edited": 4, "num_lines_deleted": 2, "num_lines_added": 2, "id": 0}, {"date": "2017-09-18", "num_lines_edited": 5, "num_lines_deleted": 0, "num_lines_added": 5, "id": 1}, {"date": "2017-08-02", "num_lines_edited": 43, "num_lines_deleted": 1, "num_lines_added": 42, "id": 2}, {"date": "2017-08-02", "num_lines_edited": 6, "num_lines_deleted": 3, "num_lines_added": 3, "id": 3}, {"date": "2017-08-02", "num_lines_edited": 10, "num_lines_deleted": 2, "num_lines_added": 8, "id": 4}], "rank": "119", "num_prs_open": 5, "num_issues_closed": 5, "num_forks": 27, "prs": {"0": {"date": "2017-08-02", "open": true, "internal_id": 83, "title": "Update the summary and description of the snap"}, "1": {"date": "2017-07-18", "open": true, "internal_id": 76, "title": "Update Windows start script for web interface"}, "2": {"date": "2017-07-17", "open": true, "internal_id": 75, "title": "WEB-12 Kill lingering process on abnormal exit"}, "3": {"date": "2017-07-18", "open": true, "internal_id": 69, "title": "Convert dashboard to use react-redux-sagas"}, "4": {"date": "2017-07-10", "open": true, "internal_id": 34, "title": "Do not merge: If you're running into memory problems try this"}, "5": {"date": "2017-08-02", "open": false, "internal_id": 82, "title": "Add the packaging metadata to build the decentraland snap"}, "6": {"date": "2017-07-27", "open": false, "internal_id": 81, "title": "IPFS integration"}, "7": {"date": "2017-07-26", "open": false, "internal_id": 78, "title": "Switch to IPFS for content distribution"}, "8": {"date": "2017-07-16", "open": false, "internal_id": 72, "title": "Expose port 5000 from docker environment"}, "9": {"date": "2017-07-12", "open": false, "internal_id": 68, "title": "WEB-7 Use `getnewaddress` to show the user a receive address"}}, "num_issues_open": 23, "num_watchers": 113, "forked": 0, "num_commits": 5, "id": "decentraland/bronzeage-node", "issues": [{"date": "2017-12-29", "open": 1, "id": 0, "title": "Just started to study want to mine some"}, {"date": "2017-08-15", "open": 1, "id": 1, "title": "Error: Bad auth."}, {"date": "2017-08-02", "open": 1, "id": 2, "title": "windows batch files broken"}, {"date": "2017-08-02", "open": 1, "id": 3, "title": "Update the summary and description of the snap"}, {"date": "2017-07-23", "open": 1, "id": 4, "title": "Secp256k1 bindings are not compiled. Pure JS implementation will be used. - Windows 10"}, {"date": "2017-08-02", "open": 0, "id": 5, "title": "Add the packaging metadata to build the decentraland snap"}, {"date": "2017-07-26", "open": 0, "id": 6, "title": "IPFS integration"}, {"date": "2017-07-23", "open": 0, "id": 7, "title": "Switch to IPFS for content distribution"}, {"date": "2017-07-16", "open": 0, "id": 8, "title": "website is not working"}, {"date": "2017-07-16", "open": 0, "id": 9, "title": "Expose port 5000 from docker environment"}], "num_prs_closed": 5},{"num_contributors": 38, "num_stars": 341, "readme_linecount": 263, "name": "skycoin", "contributors": [{"num_lines_deleted": 15, "num_lines_added": 8012, "author_name": "Vavilen", "num_lines_edited": 8027, "num_commits": 1, "id": 0}, {"num_lines_deleted": 37, "num_lines_added": 8030, "author_name": "gz-c", "num_lines_edited": 8067, "num_commits": 4, "id": 1}], "num_branches": 3, "readme_exists": 1, "commits": [{"date": "2018-03-03", "num_lines_edited": 8023, "num_lines_deleted": 14, "num_lines_added": 8009, "id": 0}, {"date": "2018-03-03", "num_lines_edited": 38, "num_lines_deleted": 19, "num_lines_added": 19, "id": 1}, {"date": "2018-03-03", "num_lines_edited": 4, "num_lines_deleted": 3, "num_lines_added": 1, "id": 2}, {"date": "2018-03-03", "num_lines_edited": 2, "num_lines_deleted": 1, "num_lines_added": 1, "id": 3}, {"date": "2018-03-03", "num_lines_edited": 8027, "num_lines_deleted": 15, "num_lines_added": 8012, "id": 4}], "rank": "121", "num_prs_open": 5, "num_issues_closed": 5, "num_forks": 175, "prs": {"0": {"date": "2018-03-03", "open": true, "internal_id": 1025, "title": "Test gateway wallet methods return error when wallet api disabled"}, "1": {"date": "2018-03-03", "open": true, "internal_id": 1024, "title": "More Cli integration test"}, "2": {"date": "2018-03-03", "open": true, "internal_id": 1022, "title": "More GUI integration tests"}, "3": {"date": "2018-03-03", "open": true, "internal_id": 1012, "title": "Closes #913 [testutil] Hexdumps for P2P messages"}, "4": {"date": "2018-03-03", "open": true, "internal_id": 1002, "title": "[util] fixes #966 - Expand data-dir paths relative to working directory"}, "5": {"date": "2018-03-03", "open": false, "internal_id": 1020, "title": "Transaction related integration tests"}, "6": {"date": "2018-03-03", "open": false, "internal_id": 1018, "title": "Issue998"}, "7": {"date": "2018-03-03", "open": false, "internal_id": 1016, "title": "change transaction input hours to uint64"}, "8": {"date": "2018-03-03", "open": false, "internal_id": 1015, "title": "Fix test break in go1.10"}, "9": {"date": "2018-03-01", "open": false, "internal_id": 1014, "title": "More CLI integration tests"}}, "num_issues_open": 178, "num_watchers": 341, "forked": 0, "num_commits": 5, "id": "skycoin/skycoin", "issues": [{"date": "2018-03-03", "open": 1, "id": 0, "title": "Test gateway wallet methods return error when wallet api disabled"}, {"date": "2018-03-03", "open": 1, "id": 1, "title": "More Cli integration test"}, {"date": "2018-03-03", "open": 1, "id": 2, "title": "Update travis to go1.10"}, {"date": "2018-03-03", "open": 1, "id": 3, "title": "More GUI integration tests"}, {"date": "2018-03-03", "open": 1, "id": 4, "title": "Remove SendOr404 and SendOr500"}, {"date": "2018-03-03", "open": 0, "id": 5, "title": "Transaction related integration tests"}, {"date": "2018-03-03", "open": 0, "id": 6, "title": "Issue998"}, {"date": "2018-03-01", "open": 0, "id": 7, "title": "change transaction input hours to uint64"}, {"date": "2018-03-01", "open": 0, "id": 8, "title": "Fix test break in go1.10"}, {"date": "2018-02-28", "open": 0, "id": 9, "title": "More CLI integration tests"}], "num_prs_closed": 5},{"num_contributors": 3, "num_stars": 8, "readme_linecount": 42, "name": "time-new-bank", "contributors": [{"num_lines_deleted": 21, "num_lines_added": 737, "author_name": "fanxiong", "num_lines_edited": 758, "num_commits": 5, "id": 0}], "num_branches": 1, "readme_exists": 1, "commits": [{"date": "2017-12-03", "num_lines_edited": 7, "num_lines_deleted": 4, "num_lines_added": 3, "id": 0}, {"date": "2017-11-09", "num_lines_edited": 151, "num_lines_deleted": 7, "num_lines_added": 144, "id": 1}, {"date": "2017-11-09", "num_lines_edited": 71, "num_lines_deleted": 5, "num_lines_added": 66, "id": 2}, {"date": "2017-11-09", "num_lines_edited": 458, "num_lines_deleted": 0, "num_lines_added": 458, "id": 3}, {"date": "2017-11-08", "num_lines_edited": 71, "num_lines_deleted": 5, "num_lines_added": 66, "id": 4}], "rank": "122", "num_prs_open": 0, "num_issues_closed": 0, "num_forks": 4, "prs": {}, "num_issues_open": 0, "num_watchers": 8, "forked": 1, "num_commits": 5, "id": "fanxiong/crowdsale-contracts", "issues": [], "num_prs_closed": 0},{"num_contributors": 2, "num_stars": 82, "readme_linecount": 2, "name": "agoras-tokens", "contributors": [{"num_lines_deleted": 63, "num_lines_added": 43, "author_name": "naturalog", "num_lines_edited": 106, "num_commits": 5, "id": 0}], "num_branches": 17, "readme_exists": 1, "commits": [{"date": "2017-12-17", "num_lines_edited": 29, "num_lines_deleted": 28, "num_lines_added": 1, "id": 0}, {"date": "2016-12-11", "num_lines_edited": 1, "num_lines_deleted": 0, "num_lines_added": 1, "id": 1}, {"date": "2016-12-06", "num_lines_edited": 4, "num_lines_deleted": 1, "num_lines_added": 3, "id": 2}, {"date": "2016-11-30", "num_lines_edited": 4, "num_lines_deleted": 1, "num_lines_added": 3, "id": 3}, {"date": "2016-11-26", "num_lines_edited": 68, "num_lines_deleted": 33, "num_lines_added": 35, "id": 4}], "rank": "125", "num_prs_open": 0, "num_issues_closed": 1, "num_forks": 11, "prs": {"0": {"date": "2015-05-01", "open": false, "internal_id": 9, "title": "Some small fixes"}}, "num_issues_open": 9, "num_watchers": 82, "forked": 0, "num_commits": 5, "id": "naturalog/tauchain", "issues": [{"date": "2017-08-27", "open": 1, "id": 0, "title": "Is development still active? "}, {"date": "2015-04-23", "open": 1, "id": 1, "title": "reason over quads"}, {"date": "2015-04-23", "open": 1, "id": 2, "title": "need to correctly handle literal quoting"}, {"date": "2015-04-23", "open": 1, "id": 3, "title": "expansion sometimes doesnt create singleton list"}, {"date": "2015-04-23", "open": 1, "id": 4, "title": "should expand all iris"}, {"date": "2015-05-01", "open": 0, "id": 5, "title": "Some small fixes"}], "num_prs_closed": 1},{"num_contributors": 7, "num_stars": 60, "readme_linecount": 41, "name": "nav-coin", "contributors": [{"num_lines_deleted": 43, "num_lines_added": 74, "author_name": "aguycalled", "num_lines_edited": 117, "num_commits": 4, "id": 0}, {"num_lines_deleted": 6, "num_lines_added": 7, "author_name": "matt-auckland", "num_lines_edited": 13, "num_commits": 1, "id": 1}], "num_branches": 18, "readme_exists": 1, "commits": [{"date": "2018-01-18", "num_lines_edited": 13, "num_lines_deleted": 6, "num_lines_added": 7, "id": 0}, {"date": "2018-01-18", "num_lines_edited": 13, "num_lines_deleted": 6, "num_lines_added": 7, "id": 1}, {"date": "2017-12-25", "num_lines_edited": 55, "num_lines_deleted": 17, "num_lines_added": 38, "id": 2}, {"date": "2017-12-25", "num_lines_edited": 36, "num_lines_deleted": 16, "num_lines_added": 20, "id": 3}, {"date": "2017-12-25", "num_lines_edited": 13, "num_lines_deleted": 4, "num_lines_added": 9, "id": 4}], "rank": "126", "num_prs_open": 3, "num_issues_closed": 5, "num_forks": 26, "prs": {"0": {"date": "2018-02-28", "open": true, "internal_id": 163, "title": "V4.1.2 missing libs in distributed binaries"}, "1": {"date": "2018-02-28", "open": true, "internal_id": 162, "title": "V4.1.2 hotfixes"}, "2": {"date": "2018-03-01", "open": true, "internal_id": 160, "title": "V4.1.2 no reindex before cfund"}, "3": {"date": "2018-02-28", "open": false, "internal_id": 161, "title": "Update README.md"}, "4": {"date": "2018-02-28", "open": false, "internal_id": 159, "title": "fix: #135 Remove network vote popup for cfund"}, "5": {"date": "2018-02-28", "open": false, "internal_id": 158, "title": "net: update hardcoded nodes"}, "6": {"date": "2018-02-28", "open": false, "internal_id": 157, "title": "gui: #83 fix pixel density on hidpi screens"}, "7": {"date": "2018-02-28", "open": false, "internal_id": 156, "title": "compat: #68 updates curl and fontconfig dependencies"}}, "num_issues_open": 23, "num_watchers": 60, "forked": 0, "num_commits": 5, "id": "NAVCoin/navcoin-core", "issues": [{"date": "2018-02-28", "open": 1, "id": 0, "title": "V4.1.2 missing libs in distributed binaries"}, {"date": "2018-02-28", "open": 1, "id": 1, "title": "V4.1.2 hotfixes"}, {"date": "2018-02-28", "open": 1, "id": 2, "title": "V4.1.2 no reindex before cfund"}, {"date": "2018-01-31", "open": 1, "id": 3, "title": "Investigating options for keeping NavCoinCore up to date with Bitcoin"}, {"date": "2018-01-31", "open": 1, "id": 4, "title": "Investigate & Review Difficulty & Blocktime"}, {"date": "2018-02-28", "open": 0, "id": 5, "title": "Update README.md"}, {"date": "2018-02-28", "open": 0, "id": 6, "title": "fix: #135 Remove network vote popup for cfund"}, {"date": "2018-02-28", "open": 0, "id": 7, "title": "net: update hardcoded nodes"}, {"date": "2018-02-28", "open": 0, "id": 8, "title": "gui: #83 fix pixel density on hidpi screens"}, {"date": "2018-02-28", "open": 0, "id": 9, "title": "compat: #68 updates curl and fontconfig dependencies"}], "num_prs_closed": 5},{"num_contributors": 5, "num_stars": 122, "readme_linecount": 47, "name": "achain", "contributors": [{"num_lines_deleted": 4, "num_lines_added": 2, "author_name": "Achainadmin", "num_lines_edited": 6, "num_commits": 3, "id": 0}, {"num_lines_deleted": 2, "num_lines_added": 2, "author_name": "WillAchain", "num_lines_edited": 4, "num_commits": 2, "id": 1}], "num_branches": 5, "readme_exists": 1, "commits": [{"date": "2018-03-02", "num_lines_edited": 2, "num_lines_deleted": 1, "num_lines_added": 1, "id": 0}, {"date": "2018-03-02", "num_lines_edited": 2, "num_lines_deleted": 1, "num_lines_added": 1, "id": 1}, {"date": "2018-03-02", "num_lines_edited": 2, "num_lines_deleted": 2, "num_lines_added": 0, "id": 2}, {"date": "2018-03-02", "num_lines_edited": 2, "num_lines_deleted": 2, "num_lines_added": 0, "id": 3}, {"date": "2018-03-02", "num_lines_edited": 2, "num_lines_deleted": 0, "num_lines_added": 2, "id": 4}], "rank": "127", "num_prs_open": 0, "num_issues_closed": 5, "num_forks": 33, "prs": {"0": {"date": "2018-03-02", "open": false, "internal_id": 89, "title": "delegatename is only allowed small character"}, "1": {"date": "2018-03-02", "open": false, "internal_id": 88, "title": "Revert \"merge into master\""}, "2": {"date": "2018-03-02", "open": false, "internal_id": 87, "title": "merge into master"}, "3": {"date": "2018-03-02", "open": false, "internal_id": 86, "title": "merge into master"}, "4": {"date": "2018-02-27", "open": false, "internal_id": 85, "title": "remove unused comment code"}}, "num_issues_open": 1, "num_watchers": 122, "forked": 0, "num_commits": 5, "id": "Achain-Dev/Achain", "issues": [{"date": "2018-01-26", "open": 1, "id": 0, "title": "\u600e\u4e48\u5728windows\u4e0a\u7f16\u8bd1"}, {"date": "2018-03-02", "open": 0, "id": 1, "title": "delegatename is only allowed small character"}, {"date": "2018-03-02", "open": 0, "id": 2, "title": "Revert \"merge into master\""}, {"date": "2018-03-02", "open": 0, "id": 3, "title": "merge into master"}, {"date": "2018-03-02", "open": 0, "id": 4, "title": "merge into master"}, {"date": "2018-02-27", "open": 0, "id": 5, "title": "remove unused comment code"}], "num_prs_closed": 5},{"num_contributors": 6, "num_stars": 55, "readme_linecount": 201, "name": "rlc", "contributors": [{"num_lines_deleted": 15, "num_lines_added": 18, "author_name": "sulliwane", "num_lines_edited": 33, "num_commits": 5, "id": 0}], "num_branches": 1, "readme_exists": 1, "commits": [{"date": "2018-03-02", "num_lines_edited": 2, "num_lines_deleted": 1, "num_lines_added": 1, "id": 0}, {"date": "2018-03-02", "num_lines_edited": 26, "num_lines_deleted": 12, "num_lines_added": 14, "id": 1}, {"date": "2018-03-01", "num_lines_edited": 2, "num_lines_deleted": 1, "num_lines_added": 1, "id": 2}, {"date": "2018-02-28", "num_lines_edited": 1, "num_lines_deleted": 0, "num_lines_added": 1, "id": 3}, {"date": "2018-02-23", "num_lines_edited": 2, "num_lines_deleted": 1, "num_lines_added": 1, "id": 4}], "rank": "128", "num_prs_open": 0, "num_issues_closed": 5, "num_forks": 3, "prs": {"0": {"date": "2018-02-12", "open": false, "internal_id": 29, "title": "add LICENSE"}, "1": {"date": "2018-02-12", "open": false, "internal_id": 27, "title": "fix local host for develompent network"}, "2": {"date": "2018-02-02", "open": false, "internal_id": 26, "title": "Readme install instruction change for Windows users"}, "3": {"date": "2017-12-21", "open": false, "internal_id": 25, "title": "IEXPROD-213 : version 1.4.11 deploy it on the ..."}, "4": {"date": "2017-12-20", "open": false, "internal_id": 24, "title": "IEXPROD-211 :rewrite iexec sdk readme"}}, "num_issues_open": 0, "num_watchers": 55, "forked": 0, "num_commits": 5, "id": "iExecBlockchainComputing/iexec-sdk", "issues": [{"date": "2018-02-02", "open": 0, "id": 0, "title": "add LICENSE"}, {"date": "2018-02-02", "open": 0, "id": 1, "title": "license"}, {"date": "2018-01-16", "open": 0, "id": 2, "title": "fix local host for develompent network"}, {"date": "2018-01-02", "open": 0, "id": 3, "title": "Readme install instruction change for Windows users"}, {"date": "2017-12-21", "open": 0, "id": 4, "title": "IEXPROD-213 : version 1.4.11 deploy it on the ..."}], "num_prs_closed": 5},{"num_contributors": 1, "num_stars": 22, "readme_linecount": 29, "name": "blockv", "contributors": [{"num_lines_deleted": 8, "num_lines_added": 20, "author_name": "lukasfluri", "num_lines_edited": 28, "num_commits": 5, "id": 0}], "num_branches": 1, "readme_exists": 1, "commits": [{"date": "2017-10-02", "num_lines_edited": 4, "num_lines_deleted": 1, "num_lines_added": 3, "id": 0}, {"date": "2017-10-02", "num_lines_edited": 2, "num_lines_deleted": 1, "num_lines_added": 1, "id": 1}, {"date": "2017-10-02", "num_lines_edited": 8, "num_lines_deleted": 4, "num_lines_added": 4, "id": 2}, {"date": "2017-10-02", "num_lines_edited": 14, "num_lines_deleted": 2, "num_lines_added": 12, "id": 3}, {"date": "2017-10-02", "num_lines_edited": 0, "num_lines_deleted": 0, "num_lines_added": 0, "id": 4}], "rank": "129", "num_prs_open": 0, "num_issues_closed": 1, "num_forks": 1, "prs": {}, "num_issues_open": 0, "num_watchers": 22, "forked": 0, "num_commits": 5, "id": "BLOCKvIO/documentation", "issues": [{"date": "2018-02-11", "open": 0, "id": 0, "title": "Can I use this now to create a vAtom?"}], "num_prs_closed": 0},{"num_contributors": 100, "num_stars": 51, "readme_linecount": 255, "name": "ubiq", "contributors": [{"num_lines_deleted": 69, "num_lines_added": 58, "author_name": "aldoborrero", "num_lines_edited": 127, "num_commits": 4, "id": 0}, {"num_lines_deleted": 1, "num_lines_added": 1, "author_name": "poctek", "num_lines_edited": 2, "num_commits": 1, "id": 1}], "num_branches": 18, "readme_exists": 1, "commits": [{"date": "2018-02-26", "num_lines_edited": 2, "num_lines_deleted": 1, "num_lines_added": 1, "id": 0}, {"date": "2018-02-26", "num_lines_edited": 4, "num_lines_deleted": 2, "num_lines_added": 2, "id": 1}, {"date": "2018-02-26", "num_lines_edited": 86, "num_lines_deleted": 55, "num_lines_added": 31, "id": 2}, {"date": "2018-02-24", "num_lines_edited": 2, "num_lines_deleted": 1, "num_lines_added": 1, "id": 3}, {"date": "2017-12-19", "num_lines_edited": 35, "num_lines_deleted": 11, "num_lines_added": 24, "id": 4}], "rank": "131", "num_prs_open": 0, "num_issues_closed": 5, "num_forks": 16, "prs": {"0": {"date": "2018-02-26", "open": false, "internal_id": 14, "title": "Updated README"}, "1": {"date": "2018-02-24", "open": false, "internal_id": 13, "title": "Update the docker image"}, "2": {"date": "2017-12-19", "open": false, "internal_id": 11, "title": "Improved and updated Dockerfile"}, "3": {"date": "2017-11-21", "open": false, "internal_id": 10, "title": "Changed HD wallet path from 60 to 108"}, "4": {"date": "2017-06-18", "open": false, "internal_id": 5, "title": "Add testnet bootnodes"}}, "num_issues_open": 2, "num_watchers": 51, "forked": 1, "num_commits": 5, "id": "ubiq/go-ubiq", "issues": [{"date": "2017-08-30", "open": 1, "id": 0, "title": "When submitting a work always getting invalid work"}, {"date": "2017-08-30", "open": 1, "id": 1, "title": "Specify --ethash.dagdir like /data/ethchain/dagfile/ for example"}, {"date": "2018-02-26", "open": 0, "id": 2, "title": "Updated README"}, {"date": "2018-02-24", "open": 0, "id": 3, "title": "Update the docker image"}, {"date": "2017-12-23", "open": 0, "id": 4, "title": "your main page points to the wiki but the wiki has no pages"}, {"date": "2017-12-15", "open": 0, "id": 5, "title": "Improved and updated Dockerfile"}, {"date": "2017-11-21", "open": 0, "id": 6, "title": "Changed HD wallet path from 60 to 108"}], "num_prs_closed": 5},{"num_contributors": 1, "num_stars": 14, "readme_linecount": 7, "name": "theta-token", "contributors": [{"num_lines_deleted": 117, "num_lines_added": 126, "author_name": "sim-sliver", "num_lines_edited": 243, "num_commits": 5, "id": 0}], "num_branches": 1, "readme_exists": 1, "commits": [{"date": "2018-01-10", "num_lines_edited": 55, "num_lines_deleted": 36, "num_lines_added": 19, "id": 0}, {"date": "2017-12-13", "num_lines_edited": 5, "num_lines_deleted": 2, "num_lines_added": 3, "id": 1}, {"date": "2017-12-13", "num_lines_edited": 37, "num_lines_deleted": 2, "num_lines_added": 35, "id": 2}, {"date": "2017-12-11", "num_lines_edited": 144, "num_lines_deleted": 76, "num_lines_added": 68, "id": 3}, {"date": "2017-12-11", "num_lines_edited": 2, "num_lines_deleted": 1, "num_lines_added": 1, "id": 4}], "rank": "132", "num_prs_open": 1, "num_issues_closed": 0, "num_forks": 5, "prs": {"0": {"date": "2017-12-30", "open": true, "internal_id": 1, "title": "added details on the minting process"}}, "num_issues_open": 1, "num_watchers": 14, "forked": 0, "num_commits": 5, "id": "thetatoken/theta-erc20-token-sale", "issues": [{"date": "2017-12-30", "open": 1, "id": 0, "title": "added details on the minting process"}], "num_prs_closed": 0},{"num_contributors": 4, "num_stars": 6, "readme_linecount": 0, "name": "medishares", "contributors": [{"num_lines_deleted": 500, "num_lines_added": 2862, "author_name": "mytangying", "num_lines_edited": 3362, "num_commits": 4, "id": 0}, {"num_lines_deleted": 28, "num_lines_added": 2390, "author_name": "yingguangx", "num_lines_edited": 2418, "num_commits": 1, "id": 1}], "num_branches": 6, "readme_exists": 0, "commits": [{"date": "2018-01-12", "num_lines_edited": 2418, "num_lines_deleted": 28, "num_lines_added": 2390, "id": 0}, {"date": "2018-01-12", "num_lines_edited": 8, "num_lines_deleted": 4, "num_lines_added": 4, "id": 1}, {"date": "2018-01-05", "num_lines_edited": 431, "num_lines_deleted": 395, "num_lines_added": 36, "id": 2}, {"date": "2017-12-25", "num_lines_edited": 2708, "num_lines_deleted": 91, "num_lines_added": 2617, "id": 3}, {"date": "2017-12-18", "num_lines_edited": 215, "num_lines_deleted": 10, "num_lines_added": 205, "id": 4}], "rank": "133", "num_prs_open": 1, "num_issues_closed": 5, "num_forks": 1, "prs": {"0": {"date": "2018-02-22", "open": true, "internal_id": 23, "title": "Ty02 mds"}, "1": {"date": "2018-01-12", "open": false, "internal_id": 22, "title": "fix"}, "2": {"date": "2017-12-14", "open": false, "internal_id": 21, "title": "Ty02 mds"}, "3": {"date": "2017-12-11", "open": false, "internal_id": 20, "title": "update text"}, "4": {"date": "2017-12-07", "open": false, "internal_id": 19, "title": "update text"}, "5": {"date": "2017-12-12", "open": false, "internal_id": 18, "title": "V2.0"}}, "num_issues_open": 1, "num_watchers": 6, "forked": 0, "num_commits": 5, "id": "MediShares/www", "issues": [{"date": "2018-02-22", "open": 1, "id": 0, "title": "Ty02 mds"}, {"date": "2017-12-18", "open": 0, "id": 1, "title": "fix"}, {"date": "2017-12-14", "open": 0, "id": 2, "title": "Ty02 mds"}, {"date": "2017-12-11", "open": 0, "id": 3, "title": "update text"}, {"date": "2017-12-07", "open": 0, "id": 4, "title": "update text"}, {"date": "2017-11-22", "open": 0, "id": 5, "title": "V2.0"}], "num_prs_closed": 5},{"num_contributors": 100, "num_stars": 35, "readme_linecount": 183, "name": "supernet-unity", "contributors": [{"num_lines_deleted": 1964, "num_lines_added": 5351, "author_name": "ca333", "num_lines_edited": 7315, "num_commits": 1, "id": 0}, {"num_lines_deleted": 166, "num_lines_added": 1260, "author_name": "jl777", "num_lines_edited": 1426, "num_commits": 4, "id": 1}], "num_branches": 9, "readme_exists": 1, "commits": [{"date": "2017-12-10", "num_lines_edited": 7315, "num_lines_deleted": 1964, "num_lines_added": 5351, "id": 0}, {"date": "2017-12-07", "num_lines_edited": 636, "num_lines_deleted": 65, "num_lines_added": 571, "id": 1}, {"date": "2017-12-07", "num_lines_edited": 636, "num_lines_deleted": 65, "num_lines_added": 571, "id": 2}, {"date": "2017-11-30", "num_lines_edited": 148, "num_lines_deleted": 36, "num_lines_added": 112, "id": 3}, {"date": "2017-11-30", "num_lines_edited": 6, "num_lines_deleted": 0, "num_lines_added": 6, "id": 4}], "rank": "135", "num_prs_open": 1, "num_issues_closed": 5, "num_forks": 14, "prs": {"0": {"date": "2017-03-14", "open": true, "internal_id": 2, "title": "change status name to komodo instead of zcash"}, "1": {"date": "2017-12-10", "open": false, "internal_id": 61, "title": "master update"}, "2": {"date": "2017-12-10", "open": false, "internal_id": 60, "title": "dpow update"}, "3": {"date": "2017-12-10", "open": false, "internal_id": 59, "title": "beta update"}, "4": {"date": "2017-12-10", "open": false, "internal_id": 58, "title": "dev update"}, "5": {"date": "2017-09-26", "open": false, "internal_id": 57, "title": "beta update"}}, "num_issues_open": 1, "num_watchers": 35, "forked": 1, "num_commits": 5, "id": "SuperNETorg/komodo", "issues": [{"date": "2017-03-14", "open": 1, "id": 0, "title": "change status name to komodo instead of zcash"}, {"date": "2017-12-10", "open": 0, "id": 1, "title": "master update"}, {"date": "2017-12-10", "open": 0, "id": 2, "title": "dpow update"}, {"date": "2017-12-10", "open": 0, "id": 3, "title": "beta update"}, {"date": "2017-12-10", "open": 0, "id": 4, "title": "dev update"}, {"date": "2017-09-25", "open": 0, "id": 5, "title": "beta update"}], "num_prs_closed": 5},{"num_contributors": 0, "num_stars": 0, "readme_linecount": 76, "name": "pura", "contributors": [], "num_branches": 1, "readme_exists": 1, "commits": [], "rank": "139", "num_prs_open": 0, "num_issues_closed": 0, "num_forks": 0, "prs": {}, "num_issues_open": 0, "num_watchers": 0, "forked": 0, "num_commits": 0, "id": "puracore/pura", "issues": [], "num_prs_closed": 0}]