[{"num_contributors": 0, "num_stars": 5, "readme_linecount": 20, "name": "veritaseum", "contributors": [], "num_branches": 1, "readme_exists": 1, "commits": [], "rank": "44", "num_prs_open": 0, "num_issues_closed": 0, "num_forks": 2, "prs": {}, "num_issues_open": 0, "num_watchers": 5, "forked": 1, "num_commits": 0, "id": "veritaseum/Veritaseum", "issues": [], "num_prs_closed": 0},{"num_contributors": 11, "num_stars": 103, "readme_linecount": 142, "name": "komodo", "contributors": [{"num_lines_deleted": 3, "num_lines_added": 36, "author_name": "satindergrewal", "num_lines_edited": 39, "num_commits": 3, "id": 0}, {"num_lines_deleted": 1, "num_lines_added": 1, "author_name": "cipig", "num_lines_edited": 2, "num_commits": 1, "id": 1}, {"num_lines_deleted": 1, "num_lines_added": 1, "author_name": "hanzac", "num_lines_edited": 2, "num_commits": 1, "id": 2}], "num_branches": 13, "readme_exists": 1, "commits": [{"date": "2018-03-01", "num_lines_edited": 2, "num_lines_deleted": 1, "num_lines_added": 1, "id": 0}, {"date": "2018-03-01", "num_lines_edited": 2, "num_lines_deleted": 1, "num_lines_added": 1, "id": 1}, {"date": "2018-02-20", "num_lines_edited": 13, "num_lines_deleted": 1, "num_lines_added": 12, "id": 2}, {"date": "2018-02-20", "num_lines_edited": 13, "num_lines_deleted": 1, "num_lines_added": 12, "id": 3}, {"date": "2018-02-20", "num_lines_edited": 13, "num_lines_deleted": 1, "num_lines_added": 12, "id": 4}], "rank": "45", "num_prs_open": 0, "num_issues_closed": 5, "num_forks": 51, "prs": {"0": {"date": "2018-03-01", "open": false, "internal_id": 127, "title": "Update to official working TRC explorer"}, "1": {"date": "2018-02-27", "open": false, "internal_id": 125, "title": "latest osx mm"}, "2": {"date": "2018-02-27", "open": false, "internal_id": 124, "title": "Add new COQUI logo"}, "3": {"date": "2018-02-20", "open": false, "internal_id": 118, "title": "latest mm for win and linux, logout fix for slow winblows"}, "4": {"date": "2018-02-20", "open": false, "internal_id": 117, "title": "V0.8"}}, "num_issues_open": 27, "num_watchers": 103, "forked": 1, "num_commits": 5, "id": "KomodoPlatform/BarterDEX", "issues": [{"date": "2018-03-01", "open": 1, "id": 0, "title": "Submitted offer but it has 0 UTXOs"}, {"date": "2018-03-01", "open": 1, "id": 1, "title": "coins.json parsing problem on windows platform"}, {"date": "2018-03-01", "open": 1, "id": 2, "title": "UTXO Inventory screen should prevent negative numbers"}, {"date": "2018-02-25", "open": 1, "id": 3, "title": "0conf deposit minimum 10.0001 KMD - urgent"}, {"date": "2018-02-23", "open": 1, "id": 4, "title": "can not trade in barterDEX"}, {"date": "2018-03-03", "open": 0, "id": 5, "title": "Not Receiving Coins on BarterDEX"}, {"date": "2018-03-01", "open": 0, "id": 6, "title": "Portfolio Coins are not saved after shutdown"}, {"date": "2018-03-01", "open": 0, "id": 7, "title": "Update to official working TRC explorer"}, {"date": "2018-02-27", "open": 0, "id": 8, "title": "latest osx mm"}, {"date": "2018-02-27", "open": 0, "id": 9, "title": "Add new COQUI logo"}], "num_prs_closed": 5},{"num_contributors": 100, "num_stars": 256, "readme_linecount": 233, "name": "electroneum", "contributors": [{"num_lines_deleted": 77, "num_lines_added": 40, "author_name": "Starmute", "num_lines_edited": 117, "num_commits": 2, "id": 0}, {"num_lines_deleted": 91, "num_lines_added": 42, "author_name": "electroneumRepo", "num_lines_edited": 133, "num_commits": 3, "id": 1}], "num_branches": 4, "readme_exists": 1, "commits": [{"date": "2018-03-03", "num_lines_edited": 101, "num_lines_deleted": 75, "num_lines_added": 26, "id": 0}, {"date": "2018-03-03", "num_lines_edited": 16, "num_lines_deleted": 2, "num_lines_added": 14, "id": 1}, {"date": "2018-03-03", "num_lines_edited": 16, "num_lines_deleted": 2, "num_lines_added": 14, "id": 2}, {"date": "2018-03-03", "num_lines_edited": 101, "num_lines_deleted": 75, "num_lines_added": 26, "id": 3}, {"date": "2018-02-02", "num_lines_edited": 16, "num_lines_deleted": 14, "num_lines_added": 2, "id": 4}], "rank": "46", "num_prs_open": 4, "num_issues_closed": 5, "num_forks": 112, "prs": {"0": {"date": "2018-01-10", "open": true, "internal_id": 95, "title": "Update README.md"}, "1": {"date": "2018-01-10", "open": true, "internal_id": 93, "title": "Update simplewallet.cpp"}, "2": {"date": "2018-01-01", "open": true, "internal_id": 41, "title": "Add checkpoints to match what we have in the blockchain as of Dec 2 2017"}, "3": {"date": "2018-01-15", "open": true, "internal_id": 34, "title": "Renames software to electroneum in cryptonote_core.cpp."}, "4": {"date": "2018-03-03", "open": false, "internal_id": 166, "title": "Revert \"Fork to v3\""}, "5": {"date": "2018-03-03", "open": false, "internal_id": 165, "title": "Revert \"Upgrade to v0.11.1.0\""}, "6": {"date": "2018-03-03", "open": false, "internal_id": 164, "title": "Revert \"Remove block 202612 handling\""}, "7": {"date": "2018-02-02", "open": false, "internal_id": 130, "title": "Fork to v3"}, "8": {"date": "2018-02-02", "open": false, "internal_id": 129, "title": "Upgrade to v0.11.1.0"}}, "num_issues_open": 118, "num_watchers": 256, "forked": 1, "num_commits": 5, "id": "electroneum/electroneum", "issues": [{"date": "2018-03-03", "open": 1, "id": 0, "title": "RPC not processing payment"}, {"date": "2018-03-03", "open": 1, "id": 1, "title": "Electroneumd.exe keeps crashing"}, {"date": "2018-03-03", "open": 1, "id": 2, "title": "install on win7 x64"}, {"date": "2018-03-03", "open": 1, "id": 3, "title": "Sync Stuck on Block 179848"}, {"date": "2018-03-03", "open": 1, "id": 4, "title": "Hard Fork v3 Revert \u2014 \"Wrong\" version number?"}, {"date": "2018-03-03", "open": 0, "id": 5, "title": "Hard Fork v3 version not working on linux"}, {"date": "2018-03-03", "open": 0, "id": 6, "title": "Revert \"Fork to v3\""}, {"date": "2018-03-03", "open": 0, "id": 7, "title": "Revert \"Upgrade to v0.11.1.0\""}, {"date": "2018-03-03", "open": 0, "id": 8, "title": "Revert \"Remove block 202612 handling\""}, {"date": "2018-02-28", "open": 0, "id": 9, "title": "Errors When Binding to Local IP"}], "num_prs_closed": 5},{"num_contributors": 38, "num_stars": 194, "readme_linecount": 114, "name": "ark", "contributors": [{"num_lines_deleted": 59, "num_lines_added": 50, "author_name": "trigger67", "num_lines_edited": 109, "num_commits": 1, "id": 0}, {"num_lines_deleted": 10, "num_lines_added": 47, "author_name": "Nasicus", "num_lines_edited": 57, "num_commits": 2, "id": 1}, {"num_lines_deleted": 1, "num_lines_added": 6, "author_name": "j-a-m-l", "num_lines_edited": 7, "num_commits": 1, "id": 2}, {"num_lines_deleted": 11, "num_lines_added": 75, "author_name": "alexbarnsley", "num_lines_edited": 86, "num_commits": 1, "id": 3}], "num_branches": 2, "readme_exists": 1, "commits": [{"date": "2018-02-26", "num_lines_edited": 109, "num_lines_deleted": 59, "num_lines_added": 50, "id": 0}, {"date": "2018-02-26", "num_lines_edited": 86, "num_lines_deleted": 11, "num_lines_added": 75, "id": 1}, {"date": "2018-02-26", "num_lines_edited": 7, "num_lines_deleted": 1, "num_lines_added": 6, "id": 2}, {"date": "2018-02-24", "num_lines_edited": 14, "num_lines_deleted": 6, "num_lines_added": 8, "id": 3}, {"date": "2018-02-24", "num_lines_edited": 43, "num_lines_deleted": 4, "num_lines_added": 39, "id": 4}], "rank": "47", "num_prs_open": 5, "num_issues_closed": 5, "num_forks": 124, "prs": {"0": {"date": "2018-03-01", "open": true, "internal_id": 578, "title": "Fixed cross-platform menu to be more consistent and bring back missing items"}, "1": {"date": "2018-02-23", "open": true, "internal_id": 576, "title": "Fix broken reload command on Windows"}, "2": {"date": "2018-03-03", "open": true, "internal_id": 562, "title": "Bug fixes & changes in manage networks"}, "3": {"date": "2018-02-16", "open": true, "internal_id": 496, "title": "Fix button icons being off-center"}, "4": {"date": "2018-02-16", "open": true, "internal_id": 486, "title": "Base for unit tests for the network service"}, "5": {"date": "2018-02-26", "open": false, "internal_id": 579, "title": "Add a warning to the README about the status of v1 issues"}, "6": {"date": "2018-02-21", "open": false, "internal_id": 577, "title": "Update ko.po"}, "7": {"date": "2018-02-21", "open": false, "internal_id": 575, "title": "Fee override from the network"}, "8": {"date": "2018-02-19", "open": false, "internal_id": 574, "title": "Fix an error in the translation name. Not a translation error, but an\u2026"}, "9": {"date": "2018-02-26", "open": false, "internal_id": 573, "title": "Sort the languages alphabetically (in the application)."}}, "num_issues_open": 69, "num_watchers": 194, "forked": 0, "num_commits": 5, "id": "ArkEcosystem/ark-desktop", "issues": [{"date": "2018-02-23", "open": 1, "id": 0, "title": "Fixed cross-platform menu to be more consistent and bring back missing items"}, {"date": "2018-02-21", "open": 1, "id": 1, "title": "Fix broken reload command on Windows"}, {"date": "2018-02-17", "open": 1, "id": 2, "title": "Add \"http://\" as hint for Seed node text box when adding a new network"}, {"date": "2018-02-16", "open": 1, "id": 3, "title": "ArkClient 1.5.1 (Windows version) disables USB keyboard"}, {"date": "2018-02-15", "open": 1, "id": 4, "title": "Add ability to brand wallet for sidechains"}, {"date": "2018-02-26", "open": 0, "id": 5, "title": "Add a warning to the README about the status of v1 issues"}, {"date": "2018-02-21", "open": 0, "id": 6, "title": "Update ko.po"}, {"date": "2018-02-20", "open": 0, "id": 7, "title": "Fee override from the network"}, {"date": "2018-02-19", "open": 0, "id": 8, "title": "Fix an error in the translation name. Not a translation error, but an\u2026"}, {"date": "2018-02-19", "open": 0, "id": 9, "title": "Sort the languages alphabetically (in the application)."}], "num_prs_closed": 5},{"num_contributors": 5, "num_stars": 91, "readme_linecount": 95, "name": "hshare", "contributors": [{"num_lines_deleted": 99, "num_lines_added": 221, "author_name": "SeienK", "num_lines_edited": 320, "num_commits": 3, "id": 0}, {"num_lines_deleted": 1, "num_lines_added": 96, "author_name": "Fanlq", "num_lines_edited": 97, "num_commits": 2, "id": 1}], "num_branches": 5, "readme_exists": 1, "commits": [{"date": "2018-02-02", "num_lines_edited": 1, "num_lines_deleted": 1, "num_lines_added": 0, "id": 0}, {"date": "2018-02-02", "num_lines_edited": 96, "num_lines_deleted": 0, "num_lines_added": 96, "id": 1}, {"date": "2018-01-25", "num_lines_edited": 112, "num_lines_deleted": 5, "num_lines_added": 107, "id": 2}, {"date": "2018-01-25", "num_lines_edited": 38, "num_lines_deleted": 18, "num_lines_added": 20, "id": 3}, {"date": "2018-01-25", "num_lines_edited": 170, "num_lines_deleted": 76, "num_lines_added": 94, "id": 4}], "rank": "49", "num_prs_open": 0, "num_issues_closed": 5, "num_forks": 32, "prs": {}, "num_issues_open": 18, "num_watchers": 91, "forked": 0, "num_commits": 5, "id": "HcashOrg/hcashd", "issues": [{"date": "2018-02-28", "open": 1, "id": 0, "title": "\u9ebb\u86cb\uff0c\u5565\u65f6\u5019\u80fd\u5b8c\u5584\u4e0b\u5417\uff1f\u90fd\u8dd1\u8def\u4e86\u5417\uff1f"}, {"date": "2018-02-27", "open": 1, "id": 1, "title": "gettemplateblock \u65b9\u6cd5\u600e\u4e48\u6ca1\u5728json-rpc \u91cc\u9762\u6709\u5b9e\u73b0\uff1f"}, {"date": "2018-01-29", "open": 1, "id": 2, "title": "\u6ca1\u6709\u5f00\u6e90\u7684\u7ea2\u70e7\u8089\u77ff\u6c60\uff0c\u8fd9\u8fd8\u662f\u5757\u80fd\u5403\u7684\u8089\u4e0d[\u6342\u8138][\u6342\u8138][\u6342\u8138]"}, {"date": "2018-01-25", "open": 1, "id": 3, "title": "\u8fd9\u4e2a\u6709rpc\u8c03\u7528\u652f\u6301\u5417"}, {"date": "2018-01-25", "open": 1, "id": 4, "title": "Hcash\u653e\u94b1\u5305\uff0c\u53ef\u4ee5\u4ee3\u9886ubtc\u7cd6\u679c\u5417\uff1f\uff1f"}, {"date": "2018-02-28", "open": 0, "id": 5, "title": "Are the teams eating shit?"}, {"date": "2018-02-28", "open": 0, "id": 6, "title": "\u9ebb\u86cb\uff0c\u4ec0\u4e48\u65f6\u5019\u80fd\u5b8c\u5584\u4e0b\u5417\uff1f"}, {"date": "2018-01-29", "open": 0, "id": 7, "title": "\u6da8"}, {"date": "2018-01-08", "open": 0, "id": 8, "title": "hcashd\u4f7f\u7528\u9ed8\u8ba4hcashd.conf\u65e0\u6cd5\u540c\u6b65\u533a\u5757\u6570\u636e\uff0c\u662f\u5426\u9700\u8981\u5176\u4ed6\u914d\u7f6e\uff1f"}, {"date": "2017-12-19", "open": 0, "id": 9, "title": "\u6316\u77ff\u5956\u52b1\u5df2\u786e\u8ba4\uff0c\u53ef\u7528\u4f59\u989d\u4e3a\u4ec0\u4e48\u662f0\uff1f"}], "num_prs_closed": 0}]