[{"num_contributors": 1, "num_stars": 2, "readme_linecount": 221, "name": "medibloc", "contributors": [{"num_lines_deleted": 417, "num_lines_added": 1726, "author_name": "bauser", "num_lines_edited": 2143, "num_commits": 5, "id": 0}], "num_branches": 1, "readme_exists": 1, "commits": [{"date": "2017-08-04", "num_lines_edited": 4, "num_lines_deleted": 2, "num_lines_added": 2, "id": 0}, {"date": "2017-07-31", "num_lines_edited": 26, "num_lines_deleted": 14, "num_lines_added": 12, "id": 1}, {"date": "2017-07-26", "num_lines_edited": 176, "num_lines_deleted": 8, "num_lines_added": 168, "id": 2}, {"date": "2017-07-25", "num_lines_edited": 1844, "num_lines_deleted": 377, "num_lines_added": 1467, "id": 3}, {"date": "2017-07-05", "num_lines_edited": 93, "num_lines_deleted": 16, "num_lines_added": 77, "id": 4}], "rank": "141", "num_prs_open": 0, "num_issues_closed": 0, "num_forks": 5, "prs": {}, "num_issues_open": 0, "num_watchers": 2, "forked": 0, "num_commits": 5, "id": "Medibloc/mobile-id", "issues": [], "num_prs_closed": 0},{"num_contributors": 7, "num_stars": 27, "readme_linecount": 2230, "name": "oyster", "contributors": [{"num_lines_deleted": 76, "num_lines_added": 39, "author_name": "AaronVasquez", "num_lines_edited": 115, "num_commits": 1, "id": 0}, {"num_lines_deleted": 78, "num_lines_added": 41, "author_name": "EdmundMai", "num_lines_edited": 119, "num_commits": 4, "id": 1}], "num_branches": 15, "readme_exists": 1, "commits": [{"date": "2018-03-02", "num_lines_edited": 115, "num_lines_deleted": 76, "num_lines_added": 39, "id": 0}, {"date": "2018-03-02", "num_lines_edited": 14, "num_lines_deleted": 7, "num_lines_added": 7, "id": 1}, {"date": "2018-03-02", "num_lines_edited": 8, "num_lines_deleted": 6, "num_lines_added": 2, "id": 2}, {"date": "2018-03-01", "num_lines_edited": 18, "num_lines_deleted": 12, "num_lines_added": 6, "id": 3}, {"date": "2018-03-01", "num_lines_edited": 79, "num_lines_deleted": 53, "num_lines_added": 26, "id": 4}], "rank": "143", "num_prs_open": 4, "num_issues_closed": 5, "num_forks": 5, "prs": {"0": {"date": "2018-02-07", "open": true, "internal_id": 64, "title": "Uploadhistory production"}, "1": {"date": "2018-01-30", "open": true, "internal_id": 47, "title": "Upload history"}, "2": {"date": "2018-01-29", "open": true, "internal_id": 38, "title": "Upload history"}, "3": {"date": "2018-01-26", "open": true, "internal_id": 34, "title": "US: #78 | Localstorage - store and export handles"}, "4": {"date": "2018-03-02", "open": false, "internal_id": 82, "title": "Fix compiler warnings"}, "5": {"date": "2018-02-28", "open": false, "internal_id": 81, "title": "prod build"}, "6": {"date": "2018-02-28", "open": false, "internal_id": 80, "title": "Installs Sentry for error tracking"}, "7": {"date": "2018-02-27", "open": false, "internal_id": 79, "title": "Installs Segment for event tracking"}, "8": {"date": "2018-02-23", "open": false, "internal_id": 78, "title": "prod build"}}, "num_issues_open": 6, "num_watchers": 27, "forked": 0, "num_commits": 5, "id": "oysterprotocol/webinterface", "issues": [{"date": "2018-02-20", "open": 1, "id": 0, "title": "Max out message/data field for chunks when we send them to the broker."}, {"date": "2018-02-06", "open": 1, "id": 1, "title": "Uploadhistory production"}, {"date": "2018-02-02", "open": 1, "id": 2, "title": "Support Restarting Upload "}, {"date": "2018-01-30", "open": 1, "id": 3, "title": "Upload history"}, {"date": "2018-01-29", "open": 1, "id": 4, "title": "Upload history"}, {"date": "2018-03-01", "open": 0, "id": 5, "title": "Fix compiler warnings"}, {"date": "2018-02-28", "open": 0, "id": 6, "title": "prod build"}, {"date": "2018-02-28", "open": 0, "id": 7, "title": "Installs Sentry for error tracking"}, {"date": "2018-02-27", "open": 0, "id": 8, "title": "Installs Segment for event tracking"}, {"date": "2018-02-23", "open": 0, "id": 9, "title": "prod build"}], "num_prs_closed": 5},{"num_contributors": 7, "num_stars": 70, "readme_linecount": 10, "name": "experience-points", "contributors": [{"num_lines_deleted": 4, "num_lines_added": 4, "author_name": "foo87b", "num_lines_edited": 8, "num_commits": 2, "id": 0}, {"num_lines_deleted": 10, "num_lines_added": 10, "author_name": "SOELexicon", "num_lines_edited": 20, "num_commits": 2, "id": 1}, {"num_lines_deleted": 3, "num_lines_added": 3, "author_name": "eXperiencePoints", "num_lines_edited": 6, "num_commits": 1, "id": 2}], "num_branches": 2, "readme_exists": 1, "commits": [{"date": "2018-03-02", "num_lines_edited": 4, "num_lines_deleted": 2, "num_lines_added": 2, "id": 0}, {"date": "2018-02-20", "num_lines_edited": 4, "num_lines_deleted": 2, "num_lines_added": 2, "id": 1}, {"date": "2018-02-20", "num_lines_edited": 10, "num_lines_deleted": 5, "num_lines_added": 5, "id": 2}, {"date": "2018-02-20", "num_lines_edited": 10, "num_lines_deleted": 5, "num_lines_added": 5, "id": 3}, {"date": "2018-02-12", "num_lines_edited": 6, "num_lines_deleted": 3, "num_lines_added": 3, "id": 4}], "rank": "144", "num_prs_open": 4, "num_issues_closed": 5, "num_forks": 29, "prs": {"0": {"date": "2018-01-14", "open": true, "internal_id": 22, "title": "bugfix rescan parameter of importprivkey"}, "1": {"date": "2018-01-14", "open": true, "internal_id": 18, "title": "add counting message of loading block index"}, "2": {"date": "2018-02-24", "open": true, "internal_id": 17, "title": "Fixed build error when boost v1.66 over was used."}, "3": {"date": "2018-03-03", "open": true, "internal_id": 8, "title": "[WIP] improve build scripts"}, "4": {"date": "2018-03-02", "open": false, "internal_id": 34, "title": "fix testnet problem"}, "5": {"date": "2018-02-20", "open": false, "internal_id": 33, "title": "update versioning"}, "6": {"date": "2018-02-10", "open": false, "internal_id": 31, "title": "half max outbound"}, "7": {"date": "2018-02-20", "open": false, "internal_id": 28, "title": "fix problem with connection to 1.1.0 from 1.1.0.1"}, "8": {"date": "2018-01-08", "open": false, "internal_id": 25, "title": "Wallet performance"}}, "num_issues_open": 10, "num_watchers": 70, "forked": 0, "num_commits": 5, "id": "eXperiencePoints/XPCoin", "issues": [{"date": "2018-03-03", "open": 1, "id": 0, "title": "create deb package"}, {"date": "2018-02-18", "open": 1, "id": 1, "title": "Unable to load blocks"}, {"date": "2018-02-06", "open": 1, "id": 2, "title": "Generate xpub (extended public key) / HD Wallet support"}, {"date": "2018-02-03", "open": 1, "id": 3, "title": "How to create BitWasp network for XP"}, {"date": "2018-01-12", "open": 1, "id": 4, "title": " I get an error \"error: could not connect to server\""}, {"date": "2018-02-20", "open": 0, "id": 5, "title": "fix testnet problem"}, {"date": "2018-02-20", "open": 0, "id": 6, "title": "update versioning"}, {"date": "2018-02-10", "open": 0, "id": 7, "title": "half max outbound"}, {"date": "2018-01-26", "open": 0, "id": 8, "title": "fix problem with connection to 1.1.0 from 1.1.0.1"}, {"date": "2018-01-13", "open": 0, "id": 9, "title": "Bootstrap"}], "num_prs_closed": 5},{"num_contributors": 4, "num_stars": 47, "readme_linecount": 37, "name": "adx-net", "contributors": [{"num_lines_deleted": 17, "num_lines_added": 15, "author_name": "Ivshti", "num_lines_edited": 32, "num_commits": 5, "id": 0}], "num_branches": 5, "readme_exists": 1, "commits": [{"date": "2018-02-23", "num_lines_edited": 7, "num_lines_deleted": 0, "num_lines_added": 7, "id": 0}, {"date": "2018-02-21", "num_lines_edited": 6, "num_lines_deleted": 3, "num_lines_added": 3, "id": 1}, {"date": "2018-02-21", "num_lines_edited": 2, "num_lines_deleted": 1, "num_lines_added": 1, "id": 2}, {"date": "2018-02-21", "num_lines_edited": 10, "num_lines_deleted": 10, "num_lines_added": 0, "id": 3}, {"date": "2018-02-21", "num_lines_edited": 7, "num_lines_deleted": 3, "num_lines_added": 4, "id": 4}], "rank": "146", "num_prs_open": 0, "num_issues_closed": 5, "num_forks": 13, "prs": {"0": {"date": "2017-11-14", "open": false, "internal_id": 9, "title": "Review fixes 2"}, "1": {"date": "2017-11-13", "open": false, "internal_id": 8, "title": "Review fixes"}, "2": {"date": "2017-11-13", "open": false, "internal_id": 7, "title": "Testing blank names for account registry."}, "3": {"date": "2017-11-11", "open": false, "internal_id": 4, "title": "Removing trailing spaces and tabs. "}, "4": {"date": "2017-11-02", "open": false, "internal_id": 2, "title": "Merge pull request #1 from AdExBlockchain/master"}}, "num_issues_open": 0, "num_watchers": 47, "forked": 0, "num_commits": 5, "id": "AdExBlockchain/adex-core", "issues": [{"date": "2017-11-14", "open": 0, "id": 0, "title": "Review fixes 2"}, {"date": "2017-11-13", "open": 0, "id": 1, "title": "Review fixes"}, {"date": "2017-11-13", "open": 0, "id": 2, "title": "Testing blank names for account registry."}, {"date": "2017-11-12", "open": 0, "id": 3, "title": "Differentiate publishers and advertisers with same name."}, {"date": "2017-11-12", "open": 0, "id": 4, "title": "Registering accounts with blank names?"}], "num_prs_closed": 5},{"num_contributors": 0, "num_stars": 2, "readme_linecount": 13, "name": "salus", "contributors": [], "num_branches": 1, "readme_exists": 1, "commits": [], "rank": "147", "num_prs_open": 2, "num_issues_closed": 0, "num_forks": 3, "prs": {"0": {"date": "2016-09-19", "open": true, "internal_id": 2, "title": "salus.icns added"}, "1": {"date": "2016-04-14", "open": true, "internal_id": 1, "title": "Update to arm64"}}, "num_issues_open": 2, "num_watchers": 2, "forked": 0, "num_commits": 0, "id": "saluscoin/SaluS", "issues": [{"date": "2016-09-19", "open": 1, "id": 0, "title": "salus.icns added"}, {"date": "2016-04-14", "open": 1, "id": 1, "title": "Update to arm64"}], "num_prs_closed": 0},{"num_contributors": 11, "num_stars": 350, "readme_linecount": 153, "name": "asch", "contributors": [{"num_lines_deleted": 1, "num_lines_added": 31, "author_name": "ByCnck", "num_lines_edited": 32, "num_commits": 2, "id": 0}, {"num_lines_deleted": 10, "num_lines_added": 1765, "author_name": "yanyiwu", "num_lines_edited": 1775, "num_commits": 2, "id": 1}, {"num_lines_deleted": 1, "num_lines_added": 1, "author_name": "eagleHovering", "num_lines_edited": 2, "num_commits": 1, "id": 2}], "num_branches": 8, "readme_exists": 1, "commits": [{"date": "2018-02-28", "num_lines_edited": 0, "num_lines_deleted": 0, "num_lines_added": 0, "id": 0}, {"date": "2018-02-28", "num_lines_edited": 1775, "num_lines_deleted": 10, "num_lines_added": 1765, "id": 1}, {"date": "2018-02-28", "num_lines_edited": 2, "num_lines_deleted": 1, "num_lines_added": 1, "id": 2}, {"date": "2018-02-26", "num_lines_edited": 2, "num_lines_deleted": 1, "num_lines_added": 1, "id": 3}, {"date": "2018-02-26", "num_lines_edited": 30, "num_lines_deleted": 0, "num_lines_added": 30, "id": 4}], "rank": "148", "num_prs_open": 0, "num_issues_closed": 5, "num_forks": 119, "prs": {"0": {"date": "2018-02-28", "open": false, "internal_id": 143, "title": "[docs] rename dapp\u6838\u5fc3... -> dapp_dev_tutorials"}, "1": {"date": "2018-02-28", "open": false, "internal_id": 140, "title": "Finished english translation for asch_dapp_default_api.md and asch_js_api.md (#113)"}, "2": {"date": "2018-01-30", "open": false, "internal_id": 110, "title": "Small Dapp Documentation Enhancements"}, "3": {"date": "2018-01-29", "open": false, "internal_id": 107, "title": "Added english SDK Translation"}, "4": {"date": "2018-01-29", "open": false, "internal_id": 105, "title": "Enhanced Dapp Documentation"}}, "num_issues_open": 40, "num_watchers": 350, "forked": 0, "num_commits": 5, "id": "AschPlatform/asch", "issues": [{"date": "2018-03-01", "open": 1, "id": 0, "title": "Create Gitter Asch Chatroom (Request)"}, {"date": "2018-02-26", "open": 1, "id": 1, "title": "dapp\u5145\u503c\u4e0d\u5230\u8d26"}, {"date": "2018-02-26", "open": 1, "id": 2, "title": "dapp\u542f\u52a8\u65f6\u5982\u679c\u62a5\u9519\uff0c\u5219\u8fdb\u7a0b\u4e0d\u80fd\u88ab\u6b63\u5e38\u505c\u6b62"}, {"date": "2018-02-22", "open": 1, "id": 3, "title": "broadcast api  got ambiguous massage"}, {"date": "2018-02-22", "open": 1, "id": 4, "title": "\u533a\u5757\u6d4f\u89c8\u5668\u95ee\u9898\u53cd\u9988"}, {"date": "2018-02-28", "open": 0, "id": 5, "title": "[docs] rename dapp\u6838\u5fc3... -> dapp_dev_tutorials"}, {"date": "2018-02-24", "open": 0, "id": 6, "title": "Finished english translation for asch_dapp_default_api.md and asch_js_api.md (#113)"}, {"date": "2018-02-07", "open": 0, "id": 7, "title": "\u5728docker\u4e2d\u5b89\u88c5asch 1.3.0\u7248\u672c\uff0c\u5728\u8fd9\u4e2a\u7248\u672c\u4e2d\u5728\u5e94\u7528\u4e2d\u5fc3\u4e2d\u6ca1\u6709\u5145\u503c\u529f\u80fd"}, {"date": "2018-02-06", "open": 0, "id": 8, "title": "\u5982\u4f55\u81ea\u5b9a\u4e49dapp\u5185\u90e8\u8f6c\u8d26\u6536\u53d6\u7684\u624b\u7eed\u8d39\u8d44\u4ea7\u7c7b\u578b"}, {"date": "2018-02-06", "open": 0, "id": 9, "title": "asch-cli\u547d\u4ee4\u6ce8\u518cdapp\u65f6\u62a5\u9519"}], "num_prs_closed": 5},{"num_contributors": 1, "num_stars": 34, "readme_linecount": 0, "name": "edgeless", "contributors": [{"num_lines_deleted": 0, "num_lines_added": 915, "author_name": "EdgelessCasino", "num_lines_edited": 915, "num_commits": 5, "id": 0}], "num_branches": 1, "readme_exists": 0, "commits": [{"date": "2018-01-22", "num_lines_edited": 435, "num_lines_deleted": 0, "num_lines_added": 435, "id": 0}, {"date": "2017-05-22", "num_lines_edited": 187, "num_lines_deleted": 0, "num_lines_added": 187, "id": 1}, {"date": "2017-03-20", "num_lines_edited": 293, "num_lines_deleted": 0, "num_lines_added": 293, "id": 2}, {"date": "2017-03-06", "num_lines_edited": 0, "num_lines_deleted": 0, "num_lines_added": 0, "id": 3}, {"date": "2017-03-02", "num_lines_edited": 0, "num_lines_deleted": 0, "num_lines_added": 0, "id": 4}], "rank": "149", "num_prs_open": 0, "num_issues_closed": 0, "num_forks": 11, "prs": {}, "num_issues_open": 0, "num_watchers": 34, "forked": 0, "num_commits": 5, "id": "EdgelessCasino/Smart-Contracts", "issues": [], "num_prs_closed": 0},{"num_contributors": 6, "num_stars": 49, "readme_linecount": 130, "name": "amber", "contributors": [{"num_lines_deleted": 24, "num_lines_added": 418, "author_name": "levon-hayrapetyan", "num_lines_edited": 442, "num_commits": 2, "id": 0}, {"num_lines_deleted": 4, "num_lines_added": 4, "author_name": "vanruch", "num_lines_edited": 8, "num_commits": 3, "id": 1}], "num_branches": 7, "readme_exists": 1, "commits": [{"date": "2017-12-29", "num_lines_edited": 57, "num_lines_deleted": 24, "num_lines_added": 33, "id": 0}, {"date": "2017-12-29", "num_lines_edited": 385, "num_lines_deleted": 0, "num_lines_added": 385, "id": 1}, {"date": "2017-10-09", "num_lines_edited": 4, "num_lines_deleted": 2, "num_lines_added": 2, "id": 2}, {"date": "2017-10-04", "num_lines_edited": 2, "num_lines_deleted": 1, "num_lines_added": 1, "id": 3}, {"date": "2017-09-27", "num_lines_edited": 2, "num_lines_deleted": 1, "num_lines_added": 1, "id": 4}], "rank": "151", "num_prs_open": 0, "num_issues_closed": 5, "num_forks": 11, "prs": {"0": {"date": "2017-12-29", "open": false, "internal_id": 27, "title": "Small refactoring of the Insurance contract interface"}, "1": {"date": "2017-12-29", "open": false, "internal_id": 26, "title": "Small refactoring of the Insurance contract interface."}, "2": {"date": "2017-12-29", "open": false, "internal_id": 25, "title": "Adding insurance contract to the Ambrosus protocol"}, "3": {"date": "2017-09-27", "open": false, "internal_id": 24, "title": "Fix typo"}, "4": {"date": "2017-08-28", "open": false, "internal_id": 23, "title": "Measurements"}}, "num_issues_open": 0, "num_watchers": 49, "forked": 0, "num_commits": 5, "id": "ambrosus/Ambrosus", "issues": [{"date": "2017-12-29", "open": 0, "id": 0, "title": "Small refactoring of the Insurance contract interface"}, {"date": "2017-12-29", "open": 0, "id": 1, "title": "Small refactoring of the Insurance contract interface."}, {"date": "2017-12-28", "open": 0, "id": 2, "title": "Adding insurance contract to the Ambrosus protocol"}, {"date": "2017-09-26", "open": 0, "id": 3, "title": "Fix typo"}, {"date": "2017-08-28", "open": 0, "id": 4, "title": "Measurements"}], "num_prs_closed": 5},{"num_contributors": 1, "num_stars": 5, "readme_linecount": 3, "name": "vibe", "contributors": [{"num_lines_deleted": 0, "num_lines_added": 343, "author_name": "amack2u", "num_lines_edited": 343, "num_commits": 5, "id": 0}], "num_branches": 1, "readme_exists": 1, "commits": [{"date": "2017-09-01", "num_lines_edited": 0, "num_lines_deleted": 0, "num_lines_added": 0, "id": 0}, {"date": "2017-09-01", "num_lines_edited": 1, "num_lines_deleted": 0, "num_lines_added": 1, "id": 1}, {"date": "2017-08-06", "num_lines_edited": 341, "num_lines_deleted": 0, "num_lines_added": 341, "id": 2}, {"date": "2017-08-03", "num_lines_edited": 0, "num_lines_deleted": 0, "num_lines_added": 0, "id": 3}, {"date": "2017-08-03", "num_lines_edited": 1, "num_lines_deleted": 0, "num_lines_added": 1, "id": 4}], "rank": "153", "num_prs_open": 0, "num_issues_closed": 0, "num_forks": 0, "prs": {}, "num_issues_open": 0, "num_watchers": 5, "forked": 0, "num_commits": 5, "id": "amack2u/VibeHub", "issues": [], "num_prs_closed": 0},{"num_contributors": 2, "num_stars": 9, "readme_linecount": 121, "name": "telcoin", "contributors": [{"num_lines_deleted": 11, "num_lines_added": 739, "author_name": "sorccu", "num_lines_edited": 750, "num_commits": 5, "id": 0}], "num_branches": 1, "readme_exists": 1, "commits": [{"date": "2018-01-08", "num_lines_edited": 162, "num_lines_deleted": 1, "num_lines_added": 161, "id": 0}, {"date": "2018-01-08", "num_lines_edited": 1, "num_lines_deleted": 1, "num_lines_added": 0, "id": 1}, {"date": "2018-01-08", "num_lines_edited": 41, "num_lines_deleted": 8, "num_lines_added": 33, "id": 2}, {"date": "2018-01-08", "num_lines_edited": 540, "num_lines_deleted": 0, "num_lines_added": 540, "id": 3}, {"date": "2017-12-27", "num_lines_edited": 6, "num_lines_deleted": 1, "num_lines_added": 5, "id": 4}], "rank": "154", "num_prs_open": 0, "num_issues_closed": 0, "num_forks": 4, "prs": {}, "num_issues_open": 0, "num_watchers": 9, "forked": 0, "num_commits": 5, "id": "telcoin/ico", "issues": [], "num_prs_closed": 0},{"num_contributors": 4, "num_stars": 13, "readme_linecount": 32, "name": "minexcoin", "contributors": [{"num_lines_deleted": 16, "num_lines_added": 23, "author_name": "MinexRnD", "num_lines_edited": 39, "num_commits": 3, "id": 0}, {"num_lines_deleted": 40, "num_lines_added": 56, "author_name": "wirwolf", "num_lines_edited": 96, "num_commits": 2, "id": 1}], "num_branches": 4, "readme_exists": 1, "commits": [{"date": "2017-10-03", "num_lines_edited": 48, "num_lines_deleted": 20, "num_lines_added": 28, "id": 0}, {"date": "2017-10-03", "num_lines_edited": 48, "num_lines_deleted": 20, "num_lines_added": 28, "id": 1}, {"date": "2017-09-25", "num_lines_edited": 23, "num_lines_deleted": 11, "num_lines_added": 12, "id": 2}, {"date": "2017-09-18", "num_lines_edited": 14, "num_lines_deleted": 4, "num_lines_added": 10, "id": 3}, {"date": "2017-09-18", "num_lines_edited": 2, "num_lines_deleted": 1, "num_lines_added": 1, "id": 4}], "rank": "155", "num_prs_open": 1, "num_issues_closed": 5, "num_forks": 20, "prs": {"0": {"date": "2018-01-30", "open": true, "internal_id": 34, "title": "Merge #9025: [RPC] Transaction details in getblock"}, "1": {"date": "2017-10-03", "open": false, "internal_id": 35, "title": "Update build-unix.md"}, "2": {"date": "2017-09-26", "open": false, "internal_id": 33, "title": "1.2.0.0"}, "3": {"date": "2017-09-26", "open": false, "internal_id": 32, "title": "MC-26 V1.2.0.0"}, "4": {"date": "2017-09-28", "open": false, "internal_id": 31, "title": "Mc 19 actualize build documentation"}, "5": {"date": "2017-09-26", "open": false, "internal_id": 30, "title": "MC-25 Correct start nodes ips"}}, "num_issues_open": 6, "num_watchers": 13, "forked": 0, "num_commits": 5, "id": "minexcoin/minexcoin", "issues": [{"date": "2017-11-10", "open": 1, "id": 0, "title": "Command line usage to show what system will support as max usage"}, {"date": "2017-11-10", "open": 1, "id": 1, "title": "Command Line Usage"}, {"date": "2017-09-28", "open": 1, "id": 2, "title": "Merge #9025: [RPC] Transaction details in getblock"}, {"date": "2017-08-22", "open": 1, "id": 3, "title": "Writing parking history on blockchain"}, {"date": "2017-08-16", "open": 1, "id": 4, "title": "Running Testnet crashes the wallet"}, {"date": "2017-11-09", "open": 0, "id": 5, "title": "Build Error on \"libevent not found\""}, {"date": "2017-10-03", "open": 0, "id": 6, "title": "Update build-unix.md"}, {"date": "2017-09-26", "open": 0, "id": 7, "title": "1.2.0.0"}, {"date": "2017-09-25", "open": 0, "id": 8, "title": "MC-26 V1.2.0.0"}, {"date": "2017-09-18", "open": 0, "id": 9, "title": "Mc 19 actualize build documentation"}], "num_prs_closed": 5},{"num_contributors": 2, "num_stars": 24, "readme_linecount": 15, "name": "iot-chain", "contributors": [{"num_lines_deleted": 2, "num_lines_added": 2, "author_name": "qingduyyy", "num_lines_edited": 4, "num_commits": 2, "id": 0}, {"num_lines_deleted": 2440, "num_lines_added": 3544, "author_name": "dbjbear", "num_lines_edited": 5984, "num_commits": 3, "id": 1}], "num_branches": 1, "readme_exists": 1, "commits": [{"date": "2018-02-28", "num_lines_edited": 2, "num_lines_deleted": 1, "num_lines_added": 1, "id": 0}, {"date": "2018-02-28", "num_lines_edited": 2, "num_lines_deleted": 1, "num_lines_added": 1, "id": 1}, {"date": "2018-02-06", "num_lines_edited": 2933, "num_lines_deleted": 873, "num_lines_added": 2060, "id": 2}, {"date": "2018-02-01", "num_lines_edited": 2482, "num_lines_deleted": 1220, "num_lines_added": 1262, "id": 3}, {"date": "2018-01-30", "num_lines_edited": 569, "num_lines_deleted": 347, "num_lines_added": 222, "id": 4}], "rank": "156", "num_prs_open": 1, "num_issues_closed": 1, "num_forks": 8, "prs": {"0": {"date": "2018-02-15", "open": true, "internal_id": 1, "title": "add consensus.md"}, "1": {"date": "2018-02-28", "open": false, "internal_id": 2, "title": "edit readme.md"}}, "num_issues_open": 1, "num_watchers": 24, "forked": 0, "num_commits": 5, "id": "IoTChainCode/itc-ts", "issues": [{"date": "2018-02-15", "open": 1, "id": 0, "title": "add consensus.md"}, {"date": "2018-02-28", "open": 0, "id": 1, "title": "edit readme.md"}], "num_prs_closed": 1},{"num_contributors": 3, "num_stars": 6, "readme_linecount": 128, "name": "cloakcoin", "contributors": [{"num_lines_deleted": 49, "num_lines_added": 52, "author_name": "CloakProjectDev", "num_lines_edited": 101, "num_commits": 4, "id": 0}, {"num_lines_deleted": 7702, "num_lines_added": 232, "author_name": "anorakthagreat", "num_lines_edited": 7934, "num_commits": 1, "id": 1}], "num_branches": 4, "readme_exists": 1, "commits": [{"date": "2018-02-14", "num_lines_edited": 7934, "num_lines_deleted": 7702, "num_lines_added": 232, "id": 0}, {"date": "2018-02-08", "num_lines_edited": 4, "num_lines_deleted": 2, "num_lines_added": 2, "id": 1}, {"date": "2018-02-06", "num_lines_edited": 6, "num_lines_deleted": 3, "num_lines_added": 3, "id": 2}, {"date": "2018-02-05", "num_lines_edited": 11, "num_lines_deleted": 4, "num_lines_added": 7, "id": 3}, {"date": "2018-02-04", "num_lines_edited": 80, "num_lines_deleted": 40, "num_lines_added": 40, "id": 4}], "rank": "158", "num_prs_open": 5, "num_issues_closed": 2, "num_forks": 9, "prs": {"0": {"date": "2018-02-23", "open": true, "internal_id": 9, "title": "Improve .pro, improve readme and add Linux and Mac build instructions"}, "1": {"date": "2018-02-21", "open": true, "internal_id": 8, "title": "Optimize images"}, "2": {"date": "2018-02-03", "open": true, "internal_id": 7, "title": "Update README_windows.txt"}, "3": {"date": "2018-02-03", "open": true, "internal_id": 6, "title": "Delete cloakcoin-qt.pro.ORIG"}, "4": {"date": "2018-02-20", "open": true, "internal_id": 5, "title": "remove binaries"}, "5": {"date": "2018-02-20", "open": false, "internal_id": 4, "title": "Delete libEvent.dll.a"}, "6": {"date": "2018-01-22", "open": false, "internal_id": 1, "title": "Update README.md"}}, "num_issues_open": 8, "num_watchers": 6, "forked": 0, "num_commits": 5, "id": "CloakProject/Cloak2Public", "issues": [{"date": "2018-02-26", "open": 1, "id": 0, "title": "Linux Compilation Instructions"}, {"date": "2018-02-23", "open": 1, "id": 1, "title": "Improve .pro, improve readme and add Linux and Mac build instructions"}, {"date": "2018-02-21", "open": 1, "id": 2, "title": "Optimize images"}, {"date": "2018-02-03", "open": 1, "id": 3, "title": "Update README_windows.txt"}, {"date": "2018-02-03", "open": 1, "id": 4, "title": "Delete cloakcoin-qt.pro.ORIG"}, {"date": "2018-02-03", "open": 0, "id": 5, "title": "Delete libEvent.dll.a"}, {"date": "2017-12-31", "open": 0, "id": 6, "title": "Update README.md"}], "num_prs_closed": 2},{"num_contributors": 12, "num_stars": 212, "readme_linecount": 36, "name": "sonm", "contributors": [{"num_lines_deleted": 172, "num_lines_added": 4710, "author_name": "sshaman1101", "num_lines_edited": 4882, "num_commits": 3, "id": 0}, {"num_lines_deleted": 58, "num_lines_added": 1718, "author_name": "antmat", "num_lines_edited": 1776, "num_commits": 2, "id": 1}], "num_branches": 10, "readme_exists": 1, "commits": [{"date": "2018-03-02", "num_lines_edited": 30, "num_lines_deleted": 14, "num_lines_added": 16, "id": 0}, {"date": "2018-03-02", "num_lines_edited": 102, "num_lines_deleted": 12, "num_lines_added": 90, "id": 1}, {"date": "2018-02-28", "num_lines_edited": 1674, "num_lines_deleted": 46, "num_lines_added": 1628, "id": 2}, {"date": "2018-02-28", "num_lines_edited": 505, "num_lines_deleted": 156, "num_lines_added": 349, "id": 3}, {"date": "2018-02-28", "num_lines_edited": 4347, "num_lines_deleted": 2, "num_lines_added": 4345, "id": 4}], "rank": "159", "num_prs_open": 5, "num_issues_closed": 5, "num_forks": 32, "prs": {"0": {"date": "2018-03-02", "open": true, "internal_id": 501, "title": "fix: check for supplier and buyer auth on TaskStatus"}, "1": {"date": "2018-02-27", "open": true, "internal_id": 493, "title": "[WIP] feat: allow cli generate and save certs for eth key"}, "2": {"date": "2018-03-02", "open": true, "internal_id": 491, "title": "feat: allow worker to manage single GPUs"}, "3": {"date": "2018-03-02", "open": true, "internal_id": 490, "title": "[WIP] feat: docker l2tp driver"}, "4": {"date": "2018-02-22", "open": true, "internal_id": 488, "title": "feat: NAT punching "}, "5": {"date": "2018-03-02", "open": false, "internal_id": 502, "title": "fix: improve Hub's tasks state"}, "6": {"date": "2018-03-02", "open": false, "internal_id": 500, "title": "feat: store tinc plugin data in boltdb"}, "7": {"date": "2018-03-01", "open": false, "internal_id": 499, "title": "ci: update version for Appveyor"}, "8": {"date": "2018-03-01", "open": false, "internal_id": 498, "title": "ci: update app version in appveyor.yml"}, "9": {"date": "2018-02-26", "open": false, "internal_id": 496, "title": "feat: represent logging level as string"}}, "num_issues_open": 12, "num_watchers": 212, "forked": 0, "num_commits": 5, "id": "sonm-io/core", "issues": [{"date": "2018-03-02", "open": 1, "id": 0, "title": "fix: check for supplier and buyer auth on TaskStatus"}, {"date": "2018-02-28", "open": 1, "id": 1, "title": "Failed to start task"}, {"date": "2018-02-22", "open": 1, "id": 2, "title": "Failed to execute \"sonmcli get\""}, {"date": "2018-02-21", "open": 1, "id": 3, "title": "[WIP] feat: allow cli generate and save certs for eth key"}, {"date": "2018-02-20", "open": 1, "id": 4, "title": "feat: allow worker to manage single GPUs"}, {"date": "2018-03-02", "open": 0, "id": 5, "title": "fix: improve Hub's tasks state"}, {"date": "2018-03-01", "open": 0, "id": 6, "title": "feat: store tinc plugin data in boltdb"}, {"date": "2018-03-01", "open": 0, "id": 7, "title": "ci: update version for Appveyor"}, {"date": "2018-02-28", "open": 0, "id": 8, "title": "ci: update app version in appveyor.yml"}, {"date": "2018-02-22", "open": 0, "id": 9, "title": "feat: represent logging level as string"}], "num_prs_closed": 5},{"num_contributors": 7, "num_stars": 207, "readme_linecount": 60, "name": "ink", "contributors": [{"num_lines_deleted": 147, "num_lines_added": 717, "author_name": "lafenicecc", "num_lines_edited": 864, "num_commits": 4, "id": 0}, {"num_lines_deleted": 1, "num_lines_added": 1, "author_name": "qiang0723", "num_lines_edited": 2, "num_commits": 1, "id": 1}], "num_branches": 1, "readme_exists": 1, "commits": [{"date": "2018-02-28", "num_lines_edited": 2, "num_lines_deleted": 1, "num_lines_added": 1, "id": 0}, {"date": "2018-02-28", "num_lines_edited": 569, "num_lines_deleted": 0, "num_lines_added": 569, "id": 1}, {"date": "2018-02-28", "num_lines_edited": 56, "num_lines_deleted": 28, "num_lines_added": 28, "id": 2}, {"date": "2018-02-28", "num_lines_edited": 237, "num_lines_deleted": 118, "num_lines_added": 119, "id": 3}, {"date": "2018-02-28", "num_lines_edited": 2, "num_lines_deleted": 1, "num_lines_added": 1, "id": 4}], "rank": "160", "num_prs_open": 2, "num_issues_closed": 5, "num_forks": 50, "prs": {"0": {"date": "2018-03-03", "open": true, "internal_id": 56, "title": "Modify chaincode uncertain result question"}, "1": {"date": "2018-03-02", "open": true, "internal_id": 55, "title": "change unlock key"}, "2": {"date": "2018-02-28", "open": false, "internal_id": 54, "title": "Update version in readme"}, "3": {"date": "2018-02-28", "open": false, "internal_id": 53, "title": "add DApp INKwork"}, "4": {"date": "2018-02-28", "open": false, "internal_id": 52, "title": "Refine asset contract"}, "5": {"date": "2018-02-28", "open": false, "internal_id": 51, "title": "Refine cat contract"}, "6": {"date": "2018-02-28", "open": false, "internal_id": 50, "title": "test script change and xcDemo add methods"}}, "num_issues_open": 3, "num_watchers": 207, "forked": 0, "num_commits": 5, "id": "inklabsfoundation/inkchain", "issues": [{"date": "2018-03-03", "open": 1, "id": 0, "title": "Modify chaincode uncertain result question"}, {"date": "2018-03-02", "open": 1, "id": 1, "title": "change unlock key"}, {"date": "2017-12-02", "open": 1, "id": 2, "title": "Multi-transfer interface"}, {"date": "2018-02-28", "open": 0, "id": 3, "title": "Update version in readme"}, {"date": "2018-02-28", "open": 0, "id": 4, "title": "add DApp INKwork"}, {"date": "2018-02-28", "open": 0, "id": 5, "title": "Refine asset contract"}, {"date": "2018-02-28", "open": 0, "id": 6, "title": "Refine cat contract"}, {"date": "2018-02-28", "open": 0, "id": 7, "title": "test script change and xcDemo add methods"}], "num_prs_closed": 5},{"num_contributors": 25, "num_stars": 269, "readme_linecount": 309, "name": "quantum-resistant-ledger", "contributors": [{"num_lines_deleted": 72, "num_lines_added": 306, "author_name": "jleni", "num_lines_edited": 378, "num_commits": 5, "id": 0}], "num_branches": 14, "readme_exists": 1, "commits": [{"date": "2018-03-03", "num_lines_edited": 51, "num_lines_deleted": 0, "num_lines_added": 51, "id": 0}, {"date": "2018-03-03", "num_lines_edited": 51, "num_lines_deleted": 0, "num_lines_added": 51, "id": 1}, {"date": "2018-03-02", "num_lines_edited": 71, "num_lines_deleted": 9, "num_lines_added": 62, "id": 2}, {"date": "2018-03-02", "num_lines_edited": 71, "num_lines_deleted": 9, "num_lines_added": 62, "id": 3}, {"date": "2018-03-02", "num_lines_edited": 134, "num_lines_deleted": 54, "num_lines_added": 80, "id": 4}], "rank": "161", "num_prs_open": 2, "num_issues_closed": 5, "num_forks": 64, "prs": {"0": {"date": "2018-03-03", "open": true, "internal_id": 1010, "title": "Adjusting to qryptonight 0.8.x"}, "1": {"date": "2018-03-02", "open": true, "internal_id": 989, "title": "Added wallet_rm command to CLI"}, "2": {"date": "2018-03-03", "open": false, "internal_id": 1009, "title": "tool to measure hash rate"}, "3": {"date": "2018-03-03", "open": false, "internal_id": 1007, "title": "adding tests for forking"}, "4": {"date": "2018-03-02", "open": false, "internal_id": 1006, "title": "upgrade to latest qryptonight lib. Improved verification times"}, "5": {"date": "2018-03-02", "open": false, "internal_id": 1005, "title": "added few missing API for pool mining"}, "6": {"date": "2018-03-02", "open": false, "internal_id": 1004, "title": "added --otsidx 1 for slaves.json"}}, "num_issues_open": 21, "num_watchers": 269, "forked": 0, "num_commits": 5, "id": "theQRL/QRL", "issues": [{"date": "2018-03-03", "open": 1, "id": 0, "title": "Adjusting to qryptonight 0.8.x"}, {"date": "2018-02-28", "open": 1, "id": 1, "title": "Website wallet"}, {"date": "2018-02-28", "open": 1, "id": 2, "title": "Node Crashes"}, {"date": "2018-02-27", "open": 1, "id": 3, "title": "Added wallet_rm command to CLI"}, {"date": "2018-02-26", "open": 1, "id": 4, "title": "QRL not INSTALL FROM PIP 3 "}, {"date": "2018-03-03", "open": 0, "id": 5, "title": "tool to measure hash rate"}, {"date": "2018-03-02", "open": 0, "id": 6, "title": "When will this project be live/moved off of testnet?"}, {"date": "2018-03-02", "open": 0, "id": 7, "title": "adding tests for forking"}, {"date": "2018-03-02", "open": 0, "id": 8, "title": "upgrade to latest qryptonight lib. Improved verification times"}, {"date": "2018-03-02", "open": 0, "id": 9, "title": "added few missing API for pool mining"}], "num_prs_closed": 5},{"num_contributors": 1, "num_stars": 37, "readme_linecount": 2, "name": "c20", "contributors": [{"num_lines_deleted": 64, "num_lines_added": 76, "author_name": "MatthewFin", "num_lines_edited": 140, "num_commits": 5, "id": 0}], "num_branches": 1, "readme_exists": 1, "commits": [{"date": "2017-10-15", "num_lines_edited": 0, "num_lines_deleted": 0, "num_lines_added": 0, "id": 0}, {"date": "2017-10-10", "num_lines_edited": 7, "num_lines_deleted": 0, "num_lines_added": 7, "id": 1}, {"date": "2017-10-10", "num_lines_edited": 29, "num_lines_deleted": 13, "num_lines_added": 16, "id": 2}, {"date": "2017-10-03", "num_lines_edited": 2, "num_lines_deleted": 1, "num_lines_added": 1, "id": 3}, {"date": "2017-10-03", "num_lines_edited": 102, "num_lines_deleted": 50, "num_lines_added": 52, "id": 4}], "rank": "162", "num_prs_open": 0, "num_issues_closed": 2, "num_forks": 20, "prs": {}, "num_issues_open": 0, "num_watchers": 37, "forked": 0, "num_commits": 5, "id": "cryptotwenty/smartcontracts", "issues": [{"date": "2017-11-09", "open": 0, "id": 0, "title": "Possible Withdrawal error"}, {"date": "2017-10-13", "open": 0, "id": 1, "title": "Update Solidity?"}], "num_prs_closed": 0},{"num_contributors": 20, "num_stars": 3, "readme_linecount": 200, "name": "ion", "contributors": [{"num_lines_deleted": 2, "num_lines_added": 2, "author_name": "mitchellcash", "num_lines_edited": 4, "num_commits": 2, "id": 0}, {"num_lines_deleted": 2, "num_lines_added": 2, "author_name": "ckti", "num_lines_edited": 4, "num_commits": 2, "id": 1}, {"num_lines_deleted": 1, "num_lines_added": 0, "author_name": "FornaxA", "num_lines_edited": 1, "num_commits": 1, "id": 2}], "num_branches": 15, "readme_exists": 1, "commits": [{"date": "2018-01-01", "num_lines_edited": 4, "num_lines_deleted": 2, "num_lines_added": 2, "id": 0}, {"date": "2018-01-01", "num_lines_edited": 2, "num_lines_deleted": 1, "num_lines_added": 1, "id": 1}, {"date": "2018-01-01", "num_lines_edited": 2, "num_lines_deleted": 1, "num_lines_added": 1, "id": 2}, {"date": "2017-11-04", "num_lines_edited": 0, "num_lines_deleted": 0, "num_lines_added": 0, "id": 3}, {"date": "2017-10-03", "num_lines_edited": 1, "num_lines_deleted": 1, "num_lines_added": 0, "id": 4}], "rank": "163", "num_prs_open": 0, "num_issues_closed": 2, "num_forks": 4, "prs": {"0": {"date": "2018-02-13", "open": false, "internal_id": 2, "title": "Univalue subtree"}, "1": {"date": "2018-02-13", "open": false, "internal_id": 1, "title": "Remove Jekyll website generator from repo"}}, "num_issues_open": 0, "num_watchers": 3, "forked": 1, "num_commits": 5, "id": "ionomy/ion", "issues": [{"date": "2018-02-13", "open": 0, "id": 0, "title": "Univalue subtree"}, {"date": "2018-02-12", "open": 0, "id": 1, "title": "Remove Jekyll website generator from repo"}], "num_prs_closed": 2},{"num_contributors": 33, "num_stars": 3721, "readme_linecount": 53, "name": "library-credit", "contributors": [{"num_lines_deleted": 86, "num_lines_added": 102, "author_name": "jackrobison", "num_lines_edited": 188, "num_commits": 5, "id": 0}], "num_branches": 51, "readme_exists": 1, "commits": [{"date": "2018-03-03", "num_lines_edited": 151, "num_lines_deleted": 64, "num_lines_added": 87, "id": 0}, {"date": "2018-03-03", "num_lines_edited": 7, "num_lines_deleted": 7, "num_lines_added": 0, "id": 1}, {"date": "2018-03-03", "num_lines_edited": 12, "num_lines_deleted": 6, "num_lines_added": 6, "id": 2}, {"date": "2018-03-02", "num_lines_edited": 12, "num_lines_deleted": 6, "num_lines_added": 6, "id": 3}, {"date": "2018-03-02", "num_lines_edited": 6, "num_lines_deleted": 3, "num_lines_added": 3, "id": 4}], "rank": "164", "num_prs_open": 5, "num_issues_closed": 5, "num_forks": 215, "prs": {"0": {"date": "2018-03-02", "open": true, "internal_id": 1128, "title": "Genarate API and CLI documentation automatically."}, "1": {"date": "2018-02-12", "open": true, "internal_id": 1095, "title": "fixed issue #626: Exception when stopping daemon with Ctrl-C"}, "2": {"date": "2018-03-02", "open": true, "internal_id": 1007, "title": "restructure UPnP code"}, "3": {"date": "2017-10-31", "open": true, "internal_id": 966, "title": "add peer_ping, improve peer_list and blob_announce"}, "4": {"date": "2017-10-31", "open": true, "internal_id": 965, "title": "DHT connectivity checks"}, "5": {"date": "2018-02-23", "open": false, "internal_id": 1126, "title": "Fix blob_list errors and incorrect results"}, "6": {"date": "2018-02-23", "open": false, "internal_id": 1125, "title": "Fix incorrect blob_num of the stream terminator blob for created streams"}, "7": {"date": "2018-02-14", "open": false, "internal_id": 1115, "title": "Updated dependencies"}, "8": {"date": "2018-02-23", "open": false, "internal_id": 1110, "title": "Jeremy1026 add new exception"}, "9": {"date": "2018-02-22", "open": false, "internal_id": 1108, "title": "Include existing claim amount in the max biddable amount for a publish"}}, "num_issues_open": 137, "num_watchers": 3721, "forked": 0, "num_commits": 5, "id": "lbryio/lbry", "issues": [{"date": "2018-02-28", "open": 1, "id": 0, "title": "Merge or close #835 (improper use of floats)"}, {"date": "2018-02-26", "open": 1, "id": 1, "title": "Versioning for documentation to match daemon version"}, {"date": "2018-02-26", "open": 1, "id": 2, "title": "UNIQUE constraint failed: blob.blob_hash when running get"}, {"date": "2018-02-25", "open": 1, "id": 3, "title": "Genarate API and CLI documentation automatically."}, {"date": "2018-02-24", "open": 1, "id": 4, "title": "V19 file_list issues when uploading/downloading"}, {"date": "2018-02-22", "open": 0, "id": 5, "title": "Fix blob_list errors and incorrect results"}, {"date": "2018-02-21", "open": 0, "id": 6, "title": "Fix incorrect blob_num of the stream terminator blob for created streams"}, {"date": "2018-02-21", "open": 0, "id": 7, "title": "Stream terminator blob is in the wrong position for streams made with rc35"}, {"date": "2018-02-14", "open": 0, "id": 8, "title": "Updated dependencies"}, {"date": "2018-02-13", "open": 0, "id": 9, "title": "Release daemon v19"}], "num_prs_closed": 5},{"num_contributors": 8, "num_stars": 58, "readme_linecount": 36, "name": "simple-token", "contributors": [{"num_lines_deleted": 1, "num_lines_added": 2, "author_name": "sunilkhedar", "num_lines_edited": 3, "num_commits": 2, "id": 0}, {"num_lines_deleted": 1, "num_lines_added": 1, "author_name": "rachinkapoor", "num_lines_edited": 2, "num_commits": 2, "id": 1}, {"num_lines_deleted": 0, "num_lines_added": 1, "author_name": "bala007", "num_lines_edited": 1, "num_commits": 1, "id": 2}], "num_branches": 3, "readme_exists": 1, "commits": [{"date": "2017-12-21", "num_lines_edited": 2, "num_lines_deleted": 1, "num_lines_added": 1, "id": 0}, {"date": "2017-12-21", "num_lines_edited": 2, "num_lines_deleted": 1, "num_lines_added": 1, "id": 1}, {"date": "2017-12-21", "num_lines_edited": 1, "num_lines_deleted": 0, "num_lines_added": 1, "id": 2}, {"date": "2017-12-21", "num_lines_edited": 1, "num_lines_deleted": 0, "num_lines_added": 1, "id": 3}, {"date": "2017-12-21", "num_lines_edited": 0, "num_lines_deleted": 0, "num_lines_added": 0, "id": 4}], "rank": "165", "num_prs_open": 0, "num_issues_closed": 5, "num_forks": 14, "prs": {"0": {"date": "2018-02-22", "open": false, "internal_id": 114, "title": "Support for conversion factor."}, "1": {"date": "2018-02-22", "open": false, "internal_id": 112, "title": "Added conversion rate decimals in parameters"}, "2": {"date": "2018-02-09", "open": false, "internal_id": 110, "title": "changes for platform as a module"}, "3": {"date": "2018-02-08", "open": false, "internal_id": 86, "title": "Travis CI Integration for OpenST Platform"}, "4": {"date": "2018-01-11", "open": false, "internal_id": 85, "title": "Develop"}}, "num_issues_open": 20, "num_watchers": 58, "forked": 0, "num_commits": 5, "id": "OpenSTFoundation/openst-platform", "issues": [{"date": "2018-02-22", "open": 1, "id": 0, "title": "Handle error while insufficient funds for gas * price + value"}, {"date": "2018-02-09", "open": 1, "id": 1, "title": "Stake and mint process changes"}, {"date": "2018-02-09", "open": 1, "id": 2, "title": "Service for propose branded token"}, {"date": "2018-02-09", "open": 1, "id": 3, "title": "Get balance services for Simple Token, Simple Token Prime, Eth and Branded Token."}, {"date": "2018-02-09", "open": 1, "id": 4, "title": "Factory for web3 providers"}, {"date": "2018-02-22", "open": 0, "id": 5, "title": "Support for conversion factor."}, {"date": "2018-02-22", "open": 0, "id": 6, "title": "Add conversion factor helpers"}, {"date": "2018-02-21", "open": 0, "id": 7, "title": "Added conversion rate decimals in parameters"}, {"date": "2018-02-21", "open": 0, "id": 8, "title": "Update code to incorporate conversion rate decimals"}, {"date": "2018-02-09", "open": 0, "id": 9, "title": "changes for platform as a module"}], "num_prs_closed": 5},{"num_contributors": 100, "num_stars": 373, "readme_linecount": 70, "name": "peercoin", "contributors": [{"num_lines_deleted": 11, "num_lines_added": 11, "author_name": "hrobeers", "num_lines_edited": 22, "num_commits": 1, "id": 0}, {"num_lines_deleted": 1241, "num_lines_added": 2679, "author_name": "peerchemist", "num_lines_edited": 3920, "num_commits": 4, "id": 1}], "num_branches": 14, "readme_exists": 1, "commits": [{"date": "2018-01-19", "num_lines_edited": 3699, "num_lines_deleted": 1195, "num_lines_added": 2504, "id": 0}, {"date": "2018-01-19", "num_lines_edited": 157, "num_lines_deleted": 34, "num_lines_added": 123, "id": 1}, {"date": "2018-01-18", "num_lines_edited": 22, "num_lines_deleted": 11, "num_lines_added": 11, "id": 2}, {"date": "2018-01-18", "num_lines_edited": 42, "num_lines_deleted": 1, "num_lines_added": 41, "id": 3}, {"date": "2018-01-18", "num_lines_edited": 22, "num_lines_deleted": 11, "num_lines_added": 11, "id": 4}], "rank": "166", "num_prs_open": 4, "num_issues_closed": 5, "num_forks": 238, "prs": {"0": {"date": "2018-03-02", "open": true, "internal_id": 343, "title": "Changed CLIENT_VERSION to 0.8.6 in configure.ac"}, "1": {"date": "2017-11-29", "open": true, "internal_id": 256, "title": "minor change to checkout command"}, "2": {"date": "2015-01-20", "open": true, "internal_id": 78, "title": "Cold minting"}, "3": {"date": "2017-10-31", "open": true, "internal_id": 74, "title": "SIGHASH_ANYTIME"}, "4": {"date": "2018-03-01", "open": false, "internal_id": 342, "title": "add -pthread to LIBS for MXE win32 build in bitcoin-qt.pro, fix for v0.6.2ppc.rc4"}, "5": {"date": "2018-02-16", "open": false, "internal_id": 340, "title": "more rebranding and fixes."}, "6": {"date": "2018-02-26", "open": false, "internal_id": 339, "title": "Multisig dialog"}, "7": {"date": "2018-01-31", "open": false, "internal_id": 333, "title": "fixes and polish for the debian package"}, "8": {"date": "2018-01-31", "open": false, "internal_id": 332, "title": "Raise compat level"}}, "num_issues_open": 56, "num_watchers": 373, "forked": 1, "num_commits": 5, "id": "peercoin/peercoin", "issues": [{"date": "2018-03-02", "open": 1, "id": 0, "title": "Changed CLIENT_VERSION to 0.8.6 in configure.ac"}, {"date": "2018-02-16", "open": 1, "id": 1, "title": "Clang compile - leveldb error"}, {"date": "2018-02-11", "open": 1, "id": 2, "title": "wallet sprouts for windows"}, {"date": "2018-02-09", "open": 1, "id": 3, "title": "Segfault On method=submitblock"}, {"date": "2018-02-03", "open": 1, "id": 4, "title": "Makefile:1419: recipe for target 'build/net.o' failed"}, {"date": "2018-02-28", "open": 0, "id": 5, "title": "add -pthread to LIBS for MXE win32 build in bitcoin-qt.pro, fix for v0.6.2ppc.rc4"}, {"date": "2018-02-14", "open": 0, "id": 6, "title": "more rebranding and fixes."}, {"date": "2018-02-13", "open": 0, "id": 7, "title": "Multisig dialog"}, {"date": "2018-02-08", "open": 0, "id": 8, "title": "Mac OSX wallet not syncing"}, {"date": "2018-01-31", "open": 0, "id": 9, "title": "fixes and polish for the debian package"}], "num_prs_closed": 5},{"num_contributors": 17, "num_stars": 329, "readme_linecount": 158, "name": "melon", "contributors": [{"num_lines_deleted": 24, "num_lines_added": 47, "author_name": "luongnt95", "num_lines_edited": 71, "num_commits": 5, "id": 0}], "num_branches": 6, "readme_exists": 1, "commits": [{"date": "2018-03-02", "num_lines_edited": 10, "num_lines_deleted": 5, "num_lines_added": 5, "id": 0}, {"date": "2018-03-02", "num_lines_edited": 10, "num_lines_deleted": 5, "num_lines_added": 5, "id": 1}, {"date": "2018-03-02", "num_lines_edited": 5, "num_lines_deleted": 2, "num_lines_added": 3, "id": 2}, {"date": "2018-03-02", "num_lines_edited": 5, "num_lines_deleted": 2, "num_lines_added": 3, "id": 3}, {"date": "2018-03-01", "num_lines_edited": 41, "num_lines_deleted": 10, "num_lines_added": 31, "id": 4}], "rank": "167", "num_prs_open": 0, "num_issues_closed": 5, "num_forks": 70, "prs": {"0": {"date": "2018-03-02", "open": false, "internal_id": 272, "title": "Fix json report for multiple contracts in a sol file"}, "1": {"date": "2018-03-02", "open": false, "internal_id": 271, "title": "Analyze multisig bug 2 without -a flag"}, "2": {"date": "2018-03-01", "open": false, "internal_id": 270, "title": "Add option to display compilation error"}, "3": {"date": "2018-02-01", "open": false, "internal_id": 266, "title": "Update gem nokogiri in Gemfile.lock"}, "4": {"date": "2018-02-26", "open": false, "internal_id": 264, "title": "Fix Rails app bootstrapping and Dockerfile"}}, "num_issues_open": 10, "num_watchers": 329, "forked": 0, "num_commits": 5, "id": "melonproject/oyente", "issues": [{"date": "2018-02-08", "open": 1, "id": 0, "title": "Doesn't work with latest solc 0.4.19 and evm 1.6.7 versions"}, {"date": "2018-02-08", "open": 1, "id": 1, "title": "oyente segmentation fault"}, {"date": "2018-01-24", "open": 1, "id": 2, "title": "Feature request: Consider also the contracts created by other contracts "}, {"date": "2018-01-19", "open": 1, "id": 3, "title": "SLOAD potential error"}, {"date": "2018-01-17", "open": 1, "id": 4, "title": "Timestamp dependency detection"}, {"date": "2018-03-02", "open": 0, "id": 5, "title": "Fix json report for multiple contracts in a sol file"}, {"date": "2018-03-02", "open": 0, "id": 6, "title": "Analyze multisig bug 2 without -a flag"}, {"date": "2018-03-01", "open": 0, "id": 7, "title": "Add option to display compilation error"}, {"date": "2018-02-27", "open": 0, "id": 8, "title": "Json report is overwritten when input file has many contracts"}, {"date": "2018-02-01", "open": 0, "id": 9, "title": "Update gem nokogiri in Gemfile.lock"}], "num_prs_closed": 5}]